{
    "hit@1": 0.002,
    "hit@5": 0.01,
    "hit@10": 0.014,
    "ndcg_linear@1": 0.002,
    "ndcg_linear@5": 0.005914700798564784,
    "ndcg_linear@10": 0.007203765624882672,
    "ndcg_exponential@1": 0.002,
    "ndcg_exponential@5": 0.005914700798564784,
    "ndcg_exponential@10": 0.007203765624882672,
    "precision@1": 0.002,
    "precision@5": 0.002,
    "precision@10": 0.0014,
    "recall@1": 0.002,
    "recall@5": 0.01,
    "recall@10": 0.014,
    "f1@1": 0.002,
    "f1@5": 0.0033333333333333335,
    "f1@10": 0.0025454545454545456,
    "map@1": 0.002,
    "map@5": 0.0046,
    "map@10": 0.0051285714285714285,
    "mrr@1": 0.002,
    "mrr@5": 0.0046,
    "mrr@10": 0.0051285714285714285,
    "num_pred": 1000,
    "num_data": 1000
}