{
    "hit@1": 0.003,
    "hit@5": 0.007,
    "hit@10": 0.012,
    "ndcg_linear@1": 0.003,
    "ndcg_linear@5": 0.00507938887245085,
    "ndcg_linear@10": 0.006656620635112198,
    "ndcg_exponential@1": 0.003,
    "ndcg_exponential@5": 0.00507938887245085,
    "ndcg_exponential@10": 0.006656620635112198,
    "precision@1": 0.003,
    "precision@5": 0.0014,
    "precision@10": 0.0012000000000000001,
    "recall@1": 0.003,
    "recall@5": 0.007,
    "recall@10": 0.012,
    "f1@1": 0.003,
    "f1@5": 0.0023333333333333335,
    "f1@10": 0.0021818181818181815,
    "map@1": 0.003,
    "map@5": 0.00445,
    "map@10": 0.005077777777777777,
    "mrr@1": 0.003,
    "mrr@5": 0.00445,
    "mrr@10": 0.005077777777777777,
    "num_pred": 1000,
    "num_data": 1000
}