{
    "hit@1": 0.548,
    "hit@5": 0.809,
    "hit@10": 0.892,
    "ndcg_linear@1": 0.548,
    "ndcg_linear@5": 0.6910798356894259,
    "ndcg_linear@10": 0.7179395547388197,
    "ndcg_exponential@1": 0.548,
    "ndcg_exponential@5": 0.6910798356894259,
    "ndcg_exponential@10": 0.7179395547388197,
    "precision@1": 0.548,
    "precision@5": 0.1618,
    "precision@10": 0.08920000000000002,
    "recall@1": 0.548,
    "recall@5": 0.809,
    "recall@10": 0.892,
    "f1@1": 0.548,
    "f1@5": 0.26966666666666667,
    "f1@10": 0.16218181818181818,
    "map@1": 0.548,
    "map@5": 0.6514666666666667,
    "map@10": 0.6625611111111112,
    "mrr@1": 0.548,
    "mrr@5": 0.6514666666666667,
    "mrr@10": 0.6625611111111112,
    "num_pred": 1000,
    "num_data": 1000
}