{
    "hit@1": 0.507,
    "hit@5": 0.791,
    "hit@10": 0.873,
    "ndcg_linear@1": 0.507,
    "ndcg_linear@5": 0.6577391006588676,
    "ndcg_linear@10": 0.6844396548429406,
    "ndcg_exponential@1": 0.507,
    "ndcg_exponential@5": 0.6577391006588676,
    "ndcg_exponential@10": 0.6844396548429406,
    "precision@1": 0.507,
    "precision@5": 0.15819999999999998,
    "precision@10": 0.08730000000000002,
    "recall@1": 0.507,
    "recall@5": 0.791,
    "recall@10": 0.873,
    "f1@1": 0.507,
    "f1@5": 0.26366666666666666,
    "f1@10": 0.15872727272727272,
    "map@1": 0.507,
    "map@5": 0.6134333333333334,
    "map@10": 0.6245626984126984,
    "mrr@1": 0.507,
    "mrr@5": 0.6134333333333334,
    "mrr@10": 0.6245626984126984,
    "num_pred": 1000,
    "num_data": 1000
}