{
    "hit@1": 0.631,
    "hit@5": 0.866,
    "hit@10": 0.943,
    "ndcg_linear@1": 0.631,
    "ndcg_linear@5": 0.7579985864164107,
    "ndcg_linear@10": 0.783389857644339,
    "ndcg_exponential@1": 0.631,
    "ndcg_exponential@5": 0.7579985864164107,
    "ndcg_exponential@10": 0.783389857644339,
    "precision@1": 0.631,
    "precision@5": 0.1732,
    "precision@10": 0.09430000000000001,
    "recall@1": 0.631,
    "recall@5": 0.866,
    "recall@10": 0.943,
    "f1@1": 0.631,
    "f1@5": 0.2886666666666667,
    "f1@10": 0.17145454545454544,
    "map@1": 0.631,
    "map@5": 0.7219,
    "map@10": 0.7326607142857142,
    "mrr@1": 0.631,
    "mrr@5": 0.7219,
    "mrr@10": 0.7326607142857142,
    "num_pred": 1000,
    "num_data": 1000
}