{
    "hit@1": 0.68,
    "hit@5": 0.917,
    "hit@10": 0.956,
    "ndcg_linear@1": 0.68,
    "ndcg_linear@5": 0.8109341439048453,
    "ndcg_linear@10": 0.8238265374798116,
    "ndcg_exponential@1": 0.68,
    "ndcg_exponential@5": 0.8109341439048453,
    "ndcg_exponential@10": 0.8238265374798116,
    "precision@1": 0.68,
    "precision@5": 0.18340000000000004,
    "precision@10": 0.09560000000000002,
    "recall@1": 0.68,
    "recall@5": 0.917,
    "recall@10": 0.956,
    "f1@1": 0.68,
    "f1@5": 0.3056666666666667,
    "f1@10": 0.17381818181818182,
    "map@1": 0.68,
    "map@5": 0.7752,
    "map@10": 0.7806825396825396,
    "mrr@1": 0.68,
    "mrr@5": 0.7752,
    "mrr@10": 0.7806825396825396,
    "num_pred": 1000,
    "num_data": 1000
}