{
    "hit@1": 0.0,
    "hit@5": 0.012,
    "hit@10": 0.021,
    "ndcg_linear@1": 0.0,
    "ndcg_linear@5": 0.005601300410301262,
    "ndcg_linear@10": 0.008414955493287886,
    "ndcg_exponential@1": 0.0,
    "ndcg_exponential@5": 0.005601300410301262,
    "ndcg_exponential@10": 0.008414955493287886,
    "precision@1": 0.0,
    "precision@5": 0.0024000000000000002,
    "precision@10": 0.0021000000000000007,
    "recall@1": 0.0,
    "recall@5": 0.012,
    "recall@10": 0.021,
    "f1@1": 0.0,
    "f1@5": 0.004,
    "f1@10": 0.003818181818181818,
    "map@1": 0.0,
    "map@5": 0.0035499999999999998,
    "map@10": 0.004653968253968253,
    "mrr@1": 0.0,
    "mrr@5": 0.0035499999999999998,
    "mrr@10": 0.004653968253968253,
    "num_pred": 1000,
    "num_data": 1000
}