{
    "hit@1": 0.153,
    "hit@5": 0.351,
    "hit@10": 0.464,
    "ndcg_linear@1": 0.153,
    "ndcg_linear@5": 0.25439696970347986,
    "ndcg_linear@10": 0.29097215337978705,
    "ndcg_exponential@1": 0.153,
    "ndcg_exponential@5": 0.25439696970347986,
    "ndcg_exponential@10": 0.29097215337978705,
    "precision@1": 0.153,
    "precision@5": 0.07019999999999998,
    "precision@10": 0.04639999999999999,
    "recall@1": 0.153,
    "recall@5": 0.351,
    "recall@10": 0.464,
    "f1@1": 0.153,
    "f1@5": 0.11700000000000003,
    "f1@10": 0.08436363636363638,
    "map@1": 0.153,
    "map@5": 0.22258333333333333,
    "map@10": 0.23768849206349205,
    "mrr@1": 0.153,
    "mrr@5": 0.22258333333333333,
    "mrr@10": 0.23768849206349205,
    "num_pred": 1000,
    "num_data": 1000
}