{
    "hit@1": 0.693,
    "hit@5": 0.923,
    "hit@10": 0.979,
    "ndcg_linear@1": 0.693,
    "ndcg_linear@5": 0.819002175244786,
    "ndcg_linear@10": 0.8375587792895778,
    "ndcg_exponential@1": 0.693,
    "ndcg_exponential@5": 0.819002175244786,
    "ndcg_exponential@10": 0.8375587792895778,
    "precision@1": 0.693,
    "precision@5": 0.18460000000000001,
    "precision@10": 0.0979,
    "recall@1": 0.693,
    "recall@5": 0.923,
    "recall@10": 0.979,
    "f1@1": 0.693,
    "f1@5": 0.3076666666666667,
    "f1@10": 0.178,
    "map@1": 0.693,
    "map@5": 0.7840166666666667,
    "map@10": 0.7919373015873016,
    "mrr@1": 0.693,
    "mrr@5": 0.7840166666666667,
    "mrr@10": 0.7919373015873016,
    "num_pred": 1000,
    "num_data": 1000
}