{
    "hit@1": 0.645,
    "hit@5": 0.89,
    "hit@10": 0.942,
    "ndcg_linear@1": 0.645,
    "ndcg_linear@5": 0.7764676917707882,
    "ndcg_linear@10": 0.793309846808224,
    "ndcg_exponential@1": 0.645,
    "ndcg_exponential@5": 0.7764676917707882,
    "ndcg_exponential@10": 0.793309846808224,
    "precision@1": 0.645,
    "precision@5": 0.17800000000000002,
    "precision@10": 0.09420000000000002,
    "recall@1": 0.645,
    "recall@5": 0.89,
    "recall@10": 0.942,
    "f1@1": 0.645,
    "f1@5": 0.29666666666666663,
    "f1@10": 0.17127272727272724,
    "map@1": 0.645,
    "map@5": 0.7385499999999999,
    "map@10": 0.7455103174603174,
    "mrr@1": 0.645,
    "mrr@5": 0.7385499999999999,
    "mrr@10": 0.7455103174603174,
    "num_pred": 1000,
    "num_data": 1000
}