{
    "hit@1": 0.376,
    "hit@5": 0.641,
    "hit@10": 0.739,
    "ndcg_linear@1": 0.376,
    "ndcg_linear@5": 0.5157182191947784,
    "ndcg_linear@10": 0.5474935480634783,
    "ndcg_exponential@1": 0.376,
    "ndcg_exponential@5": 0.5157182191947784,
    "ndcg_exponential@10": 0.5474935480634783,
    "precision@1": 0.376,
    "precision@5": 0.12819999999999998,
    "precision@10": 0.07390000000000001,
    "recall@1": 0.376,
    "recall@5": 0.641,
    "recall@10": 0.739,
    "f1@1": 0.376,
    "f1@5": 0.21366666666666675,
    "f1@10": 0.13436363636363638,
    "map@1": 0.376,
    "map@5": 0.4740833333333333,
    "map@10": 0.4872436507936508,
    "mrr@1": 0.376,
    "mrr@5": 0.4740833333333333,
    "mrr@10": 0.4872436507936508,
    "num_pred": 1000,
    "num_data": 1000
}