{
    "hit@1": 0.576,
    "hit@5": 0.858,
    "hit@10": 0.937,
    "ndcg_linear@1": 0.576,
    "ndcg_linear@5": 0.7270040329447983,
    "ndcg_linear@10": 0.752680102127211,
    "ndcg_exponential@1": 0.576,
    "ndcg_exponential@5": 0.7270040329447983,
    "ndcg_exponential@10": 0.752680102127211,
    "precision@1": 0.576,
    "precision@5": 0.1716,
    "precision@10": 0.09370000000000002,
    "recall@1": 0.576,
    "recall@5": 0.858,
    "recall@10": 0.937,
    "f1@1": 0.576,
    "f1@5": 0.286,
    "f1@10": 0.17036363636363638,
    "map@1": 0.576,
    "map@5": 0.6834,
    "map@10": 0.6940714285714286,
    "mrr@1": 0.576,
    "mrr@5": 0.6834,
    "mrr@10": 0.6940714285714286,
    "num_pred": 1000,
    "num_data": 1000
}