{
    "hit@1": 0.71,
    "hit@5": 0.921,
    "hit@10": 0.959,
    "ndcg_linear@1": 0.71,
    "ndcg_linear@5": 0.8268055102025252,
    "ndcg_linear@10": 0.8394578616392059,
    "ndcg_exponential@1": 0.71,
    "ndcg_exponential@5": 0.8268055102025252,
    "ndcg_exponential@10": 0.8394578616392059,
    "precision@1": 0.71,
    "precision@5": 0.18420000000000003,
    "precision@10": 0.0959,
    "recall@1": 0.71,
    "recall@5": 0.921,
    "recall@10": 0.959,
    "f1@1": 0.71,
    "f1@5": 0.307,
    "f1@10": 0.1743636363636364,
    "map@1": 0.71,
    "map@5": 0.7950333333333333,
    "map@10": 0.8004698412698412,
    "mrr@1": 0.71,
    "mrr@5": 0.7950333333333333,
    "mrr@10": 0.8004698412698412,
    "num_pred": 1000,
    "num_data": 1000
}