{
    "hit@1": 0.001,
    "hit@5": 0.006,
    "hit@10": 0.009,
    "ndcg_linear@1": 0.001,
    "ndcg_linear@5": 0.003648712314377457,
    "ndcg_linear@10": 0.004566237182491149,
    "ndcg_exponential@1": 0.001,
    "ndcg_exponential@5": 0.003648712314377457,
    "ndcg_exponential@10": 0.004566237182491149,
    "precision@1": 0.001,
    "precision@5": 0.0012000000000000001,
    "precision@10": 0.0009,
    "recall@1": 0.001,
    "recall@5": 0.006,
    "recall@10": 0.009,
    "f1@1": 0.001,
    "f1@5": 0.002,
    "f1@10": 0.0016363636363636363,
    "map@1": 0.001,
    "map@5": 0.0028666666666666662,
    "map@10": 0.0032138888888888885,
    "mrr@1": 0.001,
    "mrr@5": 0.0028666666666666662,
    "mrr@10": 0.0032138888888888885,
    "num_pred": 1000,
    "num_data": 1000
}