{
    "hit@1": 0.001,
    "hit@5": 0.012,
    "hit@10": 0.018,
    "ndcg_linear@1": 0.001,
    "ndcg_linear@5": 0.005787900022037738,
    "ndcg_linear@10": 0.007748636912249376,
    "ndcg_exponential@1": 0.001,
    "ndcg_exponential@5": 0.005787900022037738,
    "ndcg_exponential@10": 0.007748636912249376,
    "precision@1": 0.001,
    "precision@5": 0.0024000000000000002,
    "precision@10": 0.0018,
    "recall@1": 0.001,
    "recall@5": 0.012,
    "recall@10": 0.018,
    "f1@1": 0.001,
    "f1@5": 0.004,
    "f1@10": 0.003272727272727273,
    "map@1": 0.001,
    "map@5": 0.0038333333333333336,
    "map@10": 0.004653571428571429,
    "mrr@1": 0.001,
    "mrr@5": 0.0038333333333333336,
    "mrr@10": 0.004653571428571429,
    "num_pred": 1000,
    "num_data": 1000
}