{
    "hit@1": 0.0,
    "hit@5": 0.01,
    "hit@10": 0.015,
    "ndcg_linear@1": 0.0,
    "ndcg_linear@5": 0.00558532532593068,
    "ndcg_linear@10": 0.007247567905929769,
    "ndcg_exponential@1": 0.0,
    "ndcg_exponential@5": 0.00558532532593068,
    "ndcg_exponential@10": 0.007247567905929769,
    "precision@1": 0.0,
    "precision@5": 0.002,
    "precision@10": 0.0015,
    "recall@1": 0.0,
    "recall@5": 0.01,
    "recall@10": 0.015,
    "f1@1": 0.0,
    "f1@5": 0.003333333333333334,
    "f1@10": 0.0027272727272727275,
    "map@1": 0.0,
    "map@5": 0.004083333333333333,
    "map@10": 0.00479563492063492,
    "mrr@1": 0.0,
    "mrr@5": 0.004083333333333333,
    "mrr@10": 0.00479563492063492,
    "num_pred": 1000,
    "num_data": 1000
}