{
    "hit@1": 0.002,
    "hit@5": 0.007,
    "hit@10": 0.012,
    "ndcg_linear@1": 0.002,
    "ndcg_linear@5": 0.004153382790366965,
    "ndcg_linear@10": 0.005719705868599719,
    "ndcg_exponential@1": 0.002,
    "ndcg_exponential@5": 0.004153382790366965,
    "ndcg_exponential@10": 0.005719705868599719,
    "precision@1": 0.002,
    "precision@5": 0.0014000000000000002,
    "precision@10": 0.0012,
    "recall@1": 0.002,
    "recall@5": 0.007,
    "recall@10": 0.012,
    "f1@1": 0.002,
    "f1@5": 0.0023333333333333335,
    "f1@10": 0.002181818181818182,
    "map@1": 0.002,
    "map@5": 0.00325,
    "map@10": 0.003865079365079365,
    "mrr@1": 0.002,
    "mrr@5": 0.00325,
    "mrr@10": 0.003865079365079365,
    "num_pred": 1000,
    "num_data": 1000
}