{
    "hit@1": 0.009,
    "hit@5": 0.026,
    "hit@10": 0.049,
    "ndcg_linear@1": 0.009,
    "ndcg_linear@5": 0.017398725039056175,
    "ndcg_linear@10": 0.024741011912288422,
    "ndcg_exponential@1": 0.009,
    "ndcg_exponential@5": 0.017398725039056175,
    "ndcg_exponential@10": 0.024741011912288422,
    "precision@1": 0.009,
    "precision@5": 0.0052,
    "precision@10": 0.004900000000000001,
    "recall@1": 0.009,
    "recall@5": 0.026,
    "recall@10": 0.049,
    "f1@1": 0.009,
    "f1@5": 0.008666666666666668,
    "f1@10": 0.00890909090909091,
    "map@1": 0.009,
    "map@5": 0.014616666666666667,
    "map@10": 0.017586507936507935,
    "mrr@1": 0.009,
    "mrr@5": 0.014616666666666667,
    "mrr@10": 0.017586507936507935,
    "num_pred": 1000,
    "num_data": 1000
}