{
    "hit@1": 0.008,
    "hit@5": 0.024,
    "hit@10": 0.034,
    "ndcg_linear@1": 0.008,
    "ndcg_linear@5": 0.01625594917815855,
    "ndcg_linear@10": 0.01943418444723036,
    "ndcg_exponential@1": 0.008,
    "ndcg_exponential@5": 0.01625594917815855,
    "ndcg_exponential@10": 0.01943418444723036,
    "precision@1": 0.008,
    "precision@5": 0.0048,
    "precision@10": 0.0034,
    "recall@1": 0.008,
    "recall@5": 0.024,
    "recall@10": 0.034,
    "f1@1": 0.008,
    "f1@5": 0.008,
    "f1@10": 0.0061818181818181816,
    "map@1": 0.008,
    "map@5": 0.013716666666666667,
    "map@10": 0.014996825396825396,
    "mrr@1": 0.008,
    "mrr@5": 0.013716666666666667,
    "mrr@10": 0.014996825396825396,
    "num_pred": 1000,
    "num_data": 1000
}