{
    "hit@1": 0.016,
    "hit@5": 0.043,
    "hit@10": 0.066,
    "ndcg_linear@1": 0.016,
    "ndcg_linear@5": 0.02933946702765381,
    "ndcg_linear@10": 0.03685915802329698,
    "ndcg_exponential@1": 0.016,
    "ndcg_exponential@5": 0.02933946702765381,
    "ndcg_exponential@10": 0.03685915802329698,
    "precision@1": 0.016,
    "precision@5": 0.008600000000000002,
    "precision@10": 0.006600000000000001,
    "recall@1": 0.016,
    "recall@5": 0.043,
    "recall@10": 0.066,
    "f1@1": 0.016,
    "f1@5": 0.014333333333333333,
    "f1@10": 0.012,
    "map@1": 0.016,
    "map@5": 0.0249,
    "map@10": 0.028050396825396826,
    "mrr@1": 0.016,
    "mrr@5": 0.0249,
    "mrr@10": 0.028050396825396826,
    "num_pred": 1000,
    "num_data": 1000
}