{
    "hit@1": 0.112,
    "hit@5": 0.26,
    "hit@10": 0.357,
    "ndcg_linear@1": 0.112,
    "ndcg_linear@5": 0.18713451644840087,
    "ndcg_linear@10": 0.21828879364099407,
    "ndcg_exponential@1": 0.112,
    "ndcg_exponential@5": 0.18713451644840087,
    "ndcg_exponential@10": 0.21828879364099407,
    "precision@1": 0.112,
    "precision@5": 0.052,
    "precision@10": 0.035699999999999996,
    "recall@1": 0.112,
    "recall@5": 0.26,
    "recall@10": 0.357,
    "f1@1": 0.112,
    "f1@5": 0.08666666666666668,
    "f1@10": 0.0649090909090909,
    "map@1": 0.112,
    "map@5": 0.1632333333333333,
    "map@10": 0.17596825396825397,
    "mrr@1": 0.112,
    "mrr@5": 0.1632333333333333,
    "mrr@10": 0.17596825396825397,
    "num_pred": 1000,
    "num_data": 1000
}