{
    "hit@1": 0.667,
    "hit@5": 0.913,
    "hit@10": 0.973,
    "ndcg_linear@1": 0.667,
    "ndcg_linear@5": 0.8004844181333374,
    "ndcg_linear@10": 0.8200343122421113,
    "ndcg_exponential@1": 0.667,
    "ndcg_exponential@5": 0.8004844181333374,
    "ndcg_exponential@10": 0.8200343122421113,
    "precision@1": 0.667,
    "precision@5": 0.1826,
    "precision@10": 0.09730000000000001,
    "recall@1": 0.667,
    "recall@5": 0.913,
    "recall@10": 0.973,
    "f1@1": 0.667,
    "f1@5": 0.30433333333333334,
    "f1@10": 0.1769090909090909,
    "map@1": 0.667,
    "map@5": 0.7628166666666666,
    "map@10": 0.7709706349206349,
    "mrr@1": 0.667,
    "mrr@5": 0.7628166666666666,
    "mrr@10": 0.7709706349206349,
    "num_pred": 1000,
    "num_data": 1000
}