{
    "hit@1": 0.627,
    "hit@5": 0.889,
    "hit@10": 0.944,
    "ndcg_linear@1": 0.627,
    "ndcg_linear@5": 0.7704406473066275,
    "ndcg_linear@10": 0.7880057672806585,
    "ndcg_exponential@1": 0.627,
    "ndcg_exponential@5": 0.7704406473066275,
    "ndcg_exponential@10": 0.7880057672806585,
    "precision@1": 0.627,
    "precision@5": 0.1778,
    "precision@10": 0.09440000000000003,
    "recall@1": 0.627,
    "recall@5": 0.889,
    "recall@10": 0.944,
    "f1@1": 0.627,
    "f1@5": 0.2963333333333334,
    "f1@10": 0.17163636363636361,
    "map@1": 0.627,
    "map@5": 0.73065,
    "map@10": 0.7377654761904762,
    "mrr@1": 0.627,
    "mrr@5": 0.73065,
    "mrr@10": 0.7377654761904762,
    "num_pred": 1000,
    "num_data": 1000
}