{
    "hit@1": 0.025,
    "hit@5": 0.096,
    "hit@10": 0.162,
    "ndcg_linear@1": 0.025,
    "ndcg_linear@5": 0.06042716610318441,
    "ndcg_linear@10": 0.08168475835113298,
    "ndcg_exponential@1": 0.025,
    "ndcg_exponential@5": 0.06042716610318441,
    "ndcg_exponential@10": 0.08168475835113298,
    "precision@1": 0.025,
    "precision@5": 0.019200000000000002,
    "precision@10": 0.016200000000000003,
    "recall@1": 0.025,
    "recall@5": 0.096,
    "recall@10": 0.162,
    "f1@1": 0.025,
    "f1@5": 0.032,
    "f1@10": 0.029454545454545452,
    "map@1": 0.025,
    "map@5": 0.048850000000000005,
    "map@10": 0.05757341269841269,
    "mrr@1": 0.025,
    "mrr@5": 0.048850000000000005,
    "mrr@10": 0.05757341269841269,
    "num_pred": 1000,
    "num_data": 1000
}