{
    "hit@1": 0.486,
    "hit@5": 0.715,
    "hit@10": 0.785,
    "ndcg_linear@1": 0.486,
    "ndcg_linear@5": 0.6103629861868496,
    "ndcg_linear@10": 0.6331771168932749,
    "ndcg_exponential@1": 0.486,
    "ndcg_exponential@5": 0.6103629861868496,
    "ndcg_exponential@10": 0.6331771168932749,
    "precision@1": 0.486,
    "precision@5": 0.143,
    "precision@10": 0.0785,
    "recall@1": 0.486,
    "recall@5": 0.715,
    "recall@10": 0.785,
    "f1@1": 0.486,
    "f1@5": 0.23833333333333337,
    "f1@10": 0.14272727272727276,
    "map@1": 0.486,
    "map@5": 0.57535,
    "map@10": 0.5848666666666666,
    "mrr@1": 0.486,
    "mrr@5": 0.57535,
    "mrr@10": 0.5848666666666666,
    "num_pred": 1000,
    "num_data": 1000
}