{
    "hit@1": 0.719,
    "hit@5": 0.94,
    "hit@10": 0.974,
    "ndcg_linear@1": 0.719,
    "ndcg_linear@5": 0.8410585695814963,
    "ndcg_linear@10": 0.8523369379957886,
    "ndcg_exponential@1": 0.719,
    "ndcg_exponential@5": 0.8410585695814963,
    "ndcg_exponential@10": 0.8523369379957886,
    "precision@1": 0.719,
    "precision@5": 0.188,
    "precision@10": 0.0974,
    "recall@1": 0.719,
    "recall@5": 0.94,
    "recall@10": 0.974,
    "f1@1": 0.719,
    "f1@5": 0.3133333333333333,
    "f1@10": 0.1770909090909091,
    "map@1": 0.719,
    "map@5": 0.8077333333333333,
    "map@10": 0.8125539682539683,
    "mrr@1": 0.719,
    "mrr@5": 0.8077333333333333,
    "mrr@10": 0.8125539682539683,
    "num_pred": 1000,
    "num_data": 1000
}