{
    "hit@1": 0.648,
    "hit@5": 0.918,
    "hit@10": 0.973,
    "ndcg_linear@1": 0.648,
    "ndcg_linear@5": 0.7950502063461558,
    "ndcg_linear@10": 0.8129653144103158,
    "ndcg_exponential@1": 0.648,
    "ndcg_exponential@5": 0.7950502063461558,
    "ndcg_exponential@10": 0.8129653144103158,
    "precision@1": 0.648,
    "precision@5": 0.1836,
    "precision@10": 0.09730000000000001,
    "recall@1": 0.648,
    "recall@5": 0.918,
    "recall@10": 0.973,
    "f1@1": 0.648,
    "f1@5": 0.306,
    "f1@10": 0.17690909090909088,
    "map@1": 0.648,
    "map@5": 0.7538499999999999,
    "map@10": 0.7613150793650794,
    "mrr@1": 0.648,
    "mrr@5": 0.7538499999999999,
    "mrr@10": 0.7613150793650794,
    "num_pred": 1000,
    "num_data": 1000
}