{
    "hit@1": 0.199,
    "hit@5": 0.373,
    "hit@10": 0.469,
    "ndcg_linear@1": 0.199,
    "ndcg_linear@5": 0.2892046166178636,
    "ndcg_linear@10": 0.3198274743489117,
    "ndcg_exponential@1": 0.199,
    "ndcg_exponential@5": 0.2892046166178636,
    "ndcg_exponential@10": 0.3198274743489117,
    "precision@1": 0.199,
    "precision@5": 0.0746,
    "precision@10": 0.0469,
    "recall@1": 0.199,
    "recall@5": 0.373,
    "recall@10": 0.469,
    "f1@1": 0.199,
    "f1@5": 0.12433333333333337,
    "f1@10": 0.08527272727272728,
    "map@1": 0.199,
    "map@5": 0.26161666666666666,
    "map@10": 0.27401547619047617,
    "mrr@1": 0.199,
    "mrr@5": 0.26161666666666666,
    "mrr@10": 0.27401547619047617,
    "num_pred": 1000,
    "num_data": 1000
}