{
    "hit@1": 0.265,
    "hit@5": 0.519,
    "hit@10": 0.627,
    "ndcg_linear@1": 0.265,
    "ndcg_linear@5": 0.3976246345644829,
    "ndcg_linear@10": 0.43215199550938105,
    "ndcg_exponential@1": 0.265,
    "ndcg_exponential@5": 0.3976246345644829,
    "ndcg_exponential@10": 0.43215199550938105,
    "precision@1": 0.265,
    "precision@5": 0.10379999999999999,
    "precision@10": 0.06269999999999999,
    "recall@1": 0.265,
    "recall@5": 0.519,
    "recall@10": 0.627,
    "f1@1": 0.265,
    "f1@5": 0.17300000000000007,
    "f1@10": 0.11400000000000003,
    "map@1": 0.265,
    "map@5": 0.3575,
    "map@10": 0.37152222222222225,
    "mrr@1": 0.265,
    "mrr@5": 0.3575,
    "mrr@10": 0.37152222222222225,
    "num_pred": 1000,
    "num_data": 1000
}