{
    "hit@1": 0.424,
    "hit@5": 0.652,
    "hit@10": 0.725,
    "ndcg_linear@1": 0.424,
    "ndcg_linear@5": 0.5445145085766524,
    "ndcg_linear@10": 0.5683312675897962,
    "ndcg_exponential@1": 0.424,
    "ndcg_exponential@5": 0.5445145085766524,
    "ndcg_exponential@10": 0.5683312675897962,
    "precision@1": 0.424,
    "precision@5": 0.1304,
    "precision@10": 0.0725,
    "recall@1": 0.424,
    "recall@5": 0.652,
    "recall@10": 0.725,
    "f1@1": 0.424,
    "f1@5": 0.2173333333333334,
    "f1@10": 0.13181818181818186,
    "map@1": 0.424,
    "map@5": 0.5088166666666667,
    "map@10": 0.5187623015873015,
    "mrr@1": 0.424,
    "mrr@5": 0.5088166666666667,
    "mrr@10": 0.5187623015873015,
    "num_pred": 1000,
    "num_data": 1000
}