{
    "hit@1": 0.205,
    "hit@5": 0.454,
    "hit@10": 0.748,
    "ndcg_linear@1": 0.205,
    "ndcg_linear@5": 0.323392059272933,
    "ndcg_linear@10": 0.41760737161284406,
    "ndcg_exponential@1": 0.205,
    "ndcg_exponential@5": 0.323392059272933,
    "ndcg_exponential@10": 0.41760737161284406,
    "precision@1": 0.205,
    "precision@5": 0.09079999999999999,
    "precision@10": 0.07479999999999998,
    "recall@1": 0.205,
    "recall@5": 0.454,
    "recall@10": 0.748,
    "f1@1": 0.205,
    "f1@5": 0.15133333333333338,
    "f1@10": 0.136,
    "map@1": 0.205,
    "map@5": 0.28126666666666666,
    "map@10": 0.31966190476190476,
    "mrr@1": 0.205,
    "mrr@5": 0.28126666666666666,
    "mrr@10": 0.31966190476190476,
    "num_pred": 1000,
    "num_data": 1000
}