{
    "hit@1": 0.091,
    "hit@5": 0.218,
    "hit@10": 0.284,
    "ndcg_linear@1": 0.091,
    "ndcg_linear@5": 0.1564223916962192,
    "ndcg_linear@10": 0.17768844956441224,
    "ndcg_exponential@1": 0.091,
    "ndcg_exponential@5": 0.1564223916962192,
    "ndcg_exponential@10": 0.17768844956441224,
    "precision@1": 0.091,
    "precision@5": 0.0436,
    "precision@10": 0.0284,
    "recall@1": 0.091,
    "recall@5": 0.218,
    "recall@10": 0.284,
    "f1@1": 0.091,
    "f1@5": 0.07266666666666668,
    "f1@10": 0.05163636363636364,
    "map@1": 0.091,
    "map@5": 0.1360833333333333,
    "map@10": 0.14481349206349206,
    "mrr@1": 0.091,
    "mrr@5": 0.1360833333333333,
    "mrr@10": 0.14481349206349206,
    "num_pred": 1000,
    "num_data": 1000
}