{
    "hit@1": 0.576,
    "hit@5": 0.862,
    "hit@10": 0.932,
    "ndcg_linear@1": 0.576,
    "ndcg_linear@5": 0.732864898836405,
    "ndcg_linear@10": 0.7553512026590359,
    "ndcg_exponential@1": 0.576,
    "ndcg_exponential@5": 0.732864898836405,
    "ndcg_exponential@10": 0.7553512026590359,
    "precision@1": 0.576,
    "precision@5": 0.17240000000000003,
    "precision@10": 0.09320000000000002,
    "recall@1": 0.576,
    "recall@5": 0.862,
    "recall@10": 0.932,
    "f1@1": 0.576,
    "f1@5": 0.2873333333333334,
    "f1@10": 0.16945454545454544,
    "map@1": 0.576,
    "map@5": 0.6895,
    "map@10": 0.6986845238095237,
    "mrr@1": 0.576,
    "mrr@5": 0.6895,
    "mrr@10": 0.6986845238095237,
    "num_pred": 1000,
    "num_data": 1000
}