{
    "hit@1": 0.492,
    "hit@5": 0.762,
    "hit@10": 0.838,
    "ndcg_linear@1": 0.492,
    "ndcg_linear@5": 0.6366365610707097,
    "ndcg_linear@10": 0.6612310796588019,
    "ndcg_exponential@1": 0.492,
    "ndcg_exponential@5": 0.6366365610707097,
    "ndcg_exponential@10": 0.6612310796588019,
    "precision@1": 0.492,
    "precision@5": 0.1524,
    "precision@10": 0.08380000000000001,
    "recall@1": 0.492,
    "recall@5": 0.762,
    "recall@10": 0.838,
    "f1@1": 0.492,
    "f1@5": 0.25400000000000006,
    "f1@10": 0.15236363636363637,
    "map@1": 0.492,
    "map@5": 0.5948333333333332,
    "map@10": 0.6049924603174603,
    "mrr@1": 0.492,
    "mrr@5": 0.5948333333333332,
    "mrr@10": 0.6049924603174603,
    "num_pred": 1000,
    "num_data": 1000
}