{
    "hit@1": 0.644,
    "hit@5": 0.885,
    "hit@10": 0.942,
    "ndcg_linear@1": 0.644,
    "ndcg_linear@5": 0.7774756454799371,
    "ndcg_linear@10": 0.7964426700396304,
    "ndcg_exponential@1": 0.644,
    "ndcg_exponential@5": 0.7774756454799371,
    "ndcg_exponential@10": 0.7964426700396304,
    "precision@1": 0.644,
    "precision@5": 0.177,
    "precision@10": 0.09420000000000002,
    "recall@1": 0.644,
    "recall@5": 0.885,
    "recall@10": 0.942,
    "f1@1": 0.644,
    "f1@5": 0.295,
    "f1@10": 0.17127272727272727,
    "map@1": 0.644,
    "map@5": 0.7412333333333333,
    "map@10": 0.749375,
    "mrr@1": 0.644,
    "mrr@5": 0.7412333333333333,
    "mrr@10": 0.749375,
    "num_pred": 1000,
    "num_data": 1000
}