{
    "hit@1": 0.612,
    "hit@5": 0.865,
    "hit@10": 0.932,
    "ndcg_linear@1": 0.612,
    "ndcg_linear@5": 0.7485602188525511,
    "ndcg_linear@10": 0.7704901054071163,
    "ndcg_exponential@1": 0.612,
    "ndcg_exponential@5": 0.7485602188525511,
    "ndcg_exponential@10": 0.7704901054071163,
    "precision@1": 0.612,
    "precision@5": 0.173,
    "precision@10": 0.09320000000000002,
    "recall@1": 0.612,
    "recall@5": 0.865,
    "recall@10": 0.932,
    "f1@1": 0.612,
    "f1@5": 0.2883333333333334,
    "f1@10": 0.16945454545454544,
    "map@1": 0.612,
    "map@5": 0.7096666666666668,
    "map@10": 0.7188813492063493,
    "mrr@1": 0.612,
    "mrr@5": 0.7096666666666668,
    "mrr@10": 0.7188813492063493,
    "num_pred": 1000,
    "num_data": 1000
}