{
    "hit@1": 0.022,
    "hit@5": 0.087,
    "hit@10": 0.145,
    "ndcg_linear@1": 0.022,
    "ndcg_linear@5": 0.054145175734993015,
    "ndcg_linear@10": 0.07255721799333008,
    "ndcg_exponential@1": 0.022,
    "ndcg_exponential@5": 0.054145175734993015,
    "ndcg_exponential@10": 0.07255721799333008,
    "precision@1": 0.022,
    "precision@5": 0.0174,
    "precision@10": 0.0145,
    "recall@1": 0.022,
    "recall@5": 0.087,
    "recall@10": 0.145,
    "f1@1": 0.022,
    "f1@5": 0.029000000000000005,
    "f1@10": 0.026363636363636363,
    "map@1": 0.022,
    "map@5": 0.043449999999999996,
    "map@10": 0.05084523809523809,
    "mrr@1": 0.022,
    "mrr@5": 0.043449999999999996,
    "mrr@10": 0.05084523809523809,
    "num_pred": 1000,
    "num_data": 1000
}