{
    "hit@1": 0.502,
    "hit@5": 0.759,
    "hit@10": 0.836,
    "ndcg_linear@1": 0.502,
    "ndcg_linear@5": 0.6424151214910444,
    "ndcg_linear@10": 0.6674567347231924,
    "ndcg_exponential@1": 0.502,
    "ndcg_exponential@5": 0.6424151214910444,
    "ndcg_exponential@10": 0.6674567347231924,
    "precision@1": 0.502,
    "precision@5": 0.15180000000000002,
    "precision@10": 0.08360000000000001,
    "recall@1": 0.502,
    "recall@5": 0.759,
    "recall@10": 0.836,
    "f1@1": 0.502,
    "f1@5": 0.253,
    "f1@10": 0.152,
    "map@1": 0.502,
    "map@5": 0.6032666666666666,
    "map@10": 0.6136869047619048,
    "mrr@1": 0.502,
    "mrr@5": 0.6032666666666666,
    "mrr@10": 0.6136869047619048,
    "num_pred": 1000,
    "num_data": 1000
}