{
    "hit@1": 0.448,
    "hit@5": 0.768,
    "hit@10": 0.877,
    "ndcg_linear@1": 0.448,
    "ndcg_linear@5": 0.6159884150294966,
    "ndcg_linear@10": 0.6512061231436523,
    "ndcg_exponential@1": 0.448,
    "ndcg_exponential@5": 0.6159884150294966,
    "ndcg_exponential@10": 0.6512061231436523,
    "precision@1": 0.448,
    "precision@5": 0.1536,
    "precision@10": 0.0877,
    "recall@1": 0.448,
    "recall@5": 0.768,
    "recall@10": 0.877,
    "f1@1": 0.448,
    "f1@5": 0.25600000000000006,
    "f1@10": 0.15945454545454546,
    "map@1": 0.448,
    "map@5": 0.5656,
    "map@10": 0.5801202380952382,
    "mrr@1": 0.448,
    "mrr@5": 0.5656,
    "mrr@10": 0.5801202380952382,
    "num_pred": 1000,
    "num_data": 1000
}