{
    "hit@1": 0.425,
    "hit@5": 0.756,
    "hit@10": 0.871,
    "ndcg_linear@1": 0.425,
    "ndcg_linear@5": 0.5997799300044052,
    "ndcg_linear@10": 0.6370450236215872,
    "ndcg_exponential@1": 0.425,
    "ndcg_exponential@5": 0.5997799300044052,
    "ndcg_exponential@10": 0.6370450236215872,
    "precision@1": 0.425,
    "precision@5": 0.1512,
    "precision@10": 0.08710000000000001,
    "recall@1": 0.425,
    "recall@5": 0.756,
    "recall@10": 0.871,
    "f1@1": 0.425,
    "f1@5": 0.25200000000000006,
    "f1@10": 0.15836363636363637,
    "map@1": 0.425,
    "map@5": 0.5478999999999999,
    "map@10": 0.563327380952381,
    "mrr@1": 0.425,
    "mrr@5": 0.5478999999999999,
    "mrr@10": 0.563327380952381,
    "num_pred": 1000,
    "num_data": 1000
}