{
    "hit@1": 0.168,
    "hit@5": 0.374,
    "hit@10": 0.456,
    "ndcg_linear@1": 0.168,
    "ndcg_linear@5": 0.27665888280988976,
    "ndcg_linear@10": 0.3029735800433864,
    "ndcg_exponential@1": 0.168,
    "ndcg_exponential@5": 0.27665888280988976,
    "ndcg_exponential@10": 0.3029735800433864,
    "precision@1": 0.168,
    "precision@5": 0.07479999999999999,
    "precision@10": 0.045599999999999995,
    "recall@1": 0.168,
    "recall@5": 0.374,
    "recall@10": 0.456,
    "f1@1": 0.168,
    "f1@5": 0.12466666666666669,
    "f1@10": 0.08290909090909092,
    "map@1": 0.168,
    "map@5": 0.24431666666666665,
    "map@10": 0.2550599206349206,
    "mrr@1": 0.168,
    "mrr@5": 0.24431666666666665,
    "mrr@10": 0.2550599206349206,
    "num_pred": 1000,
    "num_data": 1000
}