{
    "hit@1": 0.128,
    "hit@5": 0.353,
    "hit@10": 0.457,
    "ndcg_linear@1": 0.128,
    "ndcg_linear@5": 0.24345269181063578,
    "ndcg_linear@10": 0.27737979130437274,
    "ndcg_exponential@1": 0.128,
    "ndcg_exponential@5": 0.24345269181063578,
    "ndcg_exponential@10": 0.27737979130437274,
    "precision@1": 0.128,
    "precision@5": 0.0706,
    "precision@10": 0.0457,
    "recall@1": 0.128,
    "recall@5": 0.353,
    "recall@10": 0.457,
    "f1@1": 0.128,
    "f1@5": 0.11766666666666668,
    "f1@10": 0.0830909090909091,
    "map@1": 0.128,
    "map@5": 0.2074,
    "map@10": 0.22157142857142856,
    "mrr@1": 0.128,
    "mrr@5": 0.2074,
    "mrr@10": 0.22157142857142856,
    "num_pred": 1000,
    "num_data": 1000
}