{
    "hit@1": 0.372,
    "hit@5": 0.591,
    "hit@10": 0.684,
    "ndcg_linear@1": 0.372,
    "ndcg_linear@5": 0.48729771199820504,
    "ndcg_linear@10": 0.5175330653803984,
    "ndcg_exponential@1": 0.372,
    "ndcg_exponential@5": 0.48729771199820504,
    "ndcg_exponential@10": 0.5175330653803984,
    "precision@1": 0.372,
    "precision@5": 0.11819999999999999,
    "precision@10": 0.0684,
    "recall@1": 0.372,
    "recall@5": 0.591,
    "recall@10": 0.684,
    "f1@1": 0.372,
    "f1@5": 0.19700000000000006,
    "f1@10": 0.12436363636363637,
    "map@1": 0.372,
    "map@5": 0.4529166666666667,
    "map@10": 0.46549880952380956,
    "mrr@1": 0.372,
    "mrr@5": 0.4529166666666667,
    "mrr@10": 0.46549880952380956,
    "num_pred": 1000,
    "num_data": 1000
}