{
    "hit@1": 0.401,
    "hit@5": 0.651,
    "hit@10": 0.735,
    "ndcg_linear@1": 0.401,
    "ndcg_linear@5": 0.5330418411935329,
    "ndcg_linear@10": 0.560072809092288,
    "ndcg_exponential@1": 0.401,
    "ndcg_exponential@5": 0.5330418411935329,
    "ndcg_exponential@10": 0.560072809092288,
    "precision@1": 0.401,
    "precision@5": 0.13019999999999998,
    "precision@10": 0.0735,
    "recall@1": 0.401,
    "recall@5": 0.651,
    "recall@10": 0.735,
    "f1@1": 0.401,
    "f1@5": 0.21700000000000005,
    "f1@10": 0.13363636363636366,
    "map@1": 0.401,
    "map@5": 0.4939166666666666,
    "map@10": 0.5050035714285714,
    "mrr@1": 0.401,
    "mrr@5": 0.4939166666666666,
    "mrr@10": 0.5050035714285714,
    "num_pred": 1000,
    "num_data": 1000
}