{
    "hit@1": 0.203,
    "hit@5": 0.481,
    "hit@10": 0.734,
    "ndcg_linear@1": 0.203,
    "ndcg_linear@5": 0.342105916395622,
    "ndcg_linear@10": 0.4214772853712031,
    "ndcg_exponential@1": 0.203,
    "ndcg_exponential@5": 0.342105916395622,
    "ndcg_exponential@10": 0.4214772853712031,
    "precision@1": 0.203,
    "precision@5": 0.0962,
    "precision@10": 0.0734,
    "recall@1": 0.203,
    "recall@5": 0.481,
    "recall@10": 0.734,
    "f1@1": 0.203,
    "f1@5": 0.16033333333333338,
    "f1@10": 0.13345454545454546,
    "map@1": 0.203,
    "map@5": 0.29668333333333335,
    "map@10": 0.32803055555555555,
    "mrr@1": 0.203,
    "mrr@5": 0.29668333333333335,
    "mrr@10": 0.32803055555555555,
    "num_pred": 1000,
    "num_data": 1000
}