{
    "hit@1": 0.369,
    "hit@5": 0.613,
    "hit@10": 0.712,
    "ndcg_linear@1": 0.369,
    "ndcg_linear@5": 0.4991674027922031,
    "ndcg_linear@10": 0.5314134661013562,
    "ndcg_exponential@1": 0.369,
    "ndcg_exponential@5": 0.4991674027922031,
    "ndcg_exponential@10": 0.5314134661013562,
    "precision@1": 0.369,
    "precision@5": 0.1226,
    "precision@10": 0.07119999999999999,
    "recall@1": 0.369,
    "recall@5": 0.613,
    "recall@10": 0.712,
    "f1@1": 0.369,
    "f1@5": 0.2043333333333334,
    "f1@10": 0.1294545454545455,
    "map@1": 0.369,
    "map@5": 0.46129999999999993,
    "map@10": 0.47474523809523816,
    "mrr@1": 0.369,
    "mrr@5": 0.46129999999999993,
    "mrr@10": 0.47474523809523816,
    "num_pred": 1000,
    "num_data": 1000
}