{
    "hit@1": 0.033,
    "hit@5": 0.113,
    "hit@10": 0.165,
    "ndcg_linear@1": 0.033,
    "ndcg_linear@5": 0.07423411533865651,
    "ndcg_linear@10": 0.09090352781343089,
    "ndcg_exponential@1": 0.033,
    "ndcg_exponential@5": 0.07423411533865651,
    "ndcg_exponential@10": 0.09090352781343089,
    "precision@1": 0.033,
    "precision@5": 0.022600000000000002,
    "precision@10": 0.0165,
    "recall@1": 0.033,
    "recall@5": 0.113,
    "recall@10": 0.165,
    "f1@1": 0.033,
    "f1@5": 0.037666666666666675,
    "f1@10": 0.03,
    "map@1": 0.033,
    "map@5": 0.06148333333333333,
    "map@10": 0.06827698412698412,
    "mrr@1": 0.033,
    "mrr@5": 0.06148333333333333,
    "mrr@10": 0.06827698412698412,
    "num_pred": 1000,
    "num_data": 1000
}