{
    "hit@1": 0.096,
    "hit@5": 0.228,
    "hit@10": 0.315,
    "ndcg_linear@1": 0.096,
    "ndcg_linear@5": 0.16410847593350605,
    "ndcg_linear@10": 0.192337568676086,
    "ndcg_exponential@1": 0.096,
    "ndcg_exponential@5": 0.16410847593350605,
    "ndcg_exponential@10": 0.192337568676086,
    "precision@1": 0.096,
    "precision@5": 0.0456,
    "precision@10": 0.0315,
    "recall@1": 0.096,
    "recall@5": 0.228,
    "recall@10": 0.315,
    "f1@1": 0.096,
    "f1@5": 0.07600000000000001,
    "f1@10": 0.05727272727272728,
    "map@1": 0.096,
    "map@5": 0.14306666666666668,
    "map@10": 0.15478055555555556,
    "mrr@1": 0.096,
    "mrr@5": 0.14306666666666668,
    "mrr@10": 0.15478055555555556,
    "num_pred": 1000,
    "num_data": 1000
}