{
    "hit@1": 0.31,
    "hit@5": 0.531,
    "hit@10": 0.623,
    "ndcg_linear@1": 0.31,
    "ndcg_linear@5": 0.4266506503051583,
    "ndcg_linear@10": 0.4566500555413844,
    "ndcg_exponential@1": 0.31,
    "ndcg_exponential@5": 0.4266506503051583,
    "ndcg_exponential@10": 0.4566500555413844,
    "precision@1": 0.31,
    "precision@5": 0.10619999999999999,
    "precision@10": 0.062299999999999994,
    "recall@1": 0.31,
    "recall@5": 0.531,
    "recall@10": 0.623,
    "f1@1": 0.31,
    "f1@5": 0.17700000000000005,
    "f1@10": 0.11327272727272727,
    "map@1": 0.31,
    "map@5": 0.3920166666666666,
    "map@10": 0.40454563492063494,
    "mrr@1": 0.31,
    "mrr@5": 0.3920166666666666,
    "mrr@10": 0.40454563492063494,
    "num_pred": 1000,
    "num_data": 1000
}