{
    "hit@1": 0.09,
    "hit@5": 0.229,
    "hit@10": 0.307,
    "ndcg_linear@1": 0.09,
    "ndcg_linear@5": 0.1595692958590232,
    "ndcg_linear@10": 0.18467787857244636,
    "ndcg_exponential@1": 0.09,
    "ndcg_exponential@5": 0.1595692958590232,
    "ndcg_exponential@10": 0.18467787857244636,
    "precision@1": 0.09,
    "precision@5": 0.0458,
    "precision@10": 0.030699999999999995,
    "recall@1": 0.09,
    "recall@5": 0.229,
    "recall@10": 0.307,
    "f1@1": 0.09,
    "f1@5": 0.07633333333333334,
    "f1@10": 0.05581818181818183,
    "map@1": 0.09,
    "map@5": 0.13686666666666666,
    "map@10": 0.14715714285714285,
    "mrr@1": 0.09,
    "mrr@5": 0.13686666666666666,
    "mrr@10": 0.14715714285714285,
    "num_pred": 1000,
    "num_data": 1000
}