{
    "hit@1": 0.604,
    "hit@5": 0.876,
    "hit@10": 0.935,
    "ndcg_linear@1": 0.604,
    "ndcg_linear@5": 0.7496715846933765,
    "ndcg_linear@10": 0.7689190355796284,
    "ndcg_exponential@1": 0.604,
    "ndcg_exponential@5": 0.7496715846933765,
    "ndcg_exponential@10": 0.7689190355796284,
    "precision@1": 0.604,
    "precision@5": 0.17520000000000002,
    "precision@10": 0.0935,
    "recall@1": 0.604,
    "recall@5": 0.876,
    "recall@10": 0.935,
    "f1@1": 0.604,
    "f1@5": 0.292,
    "f1@10": 0.17,
    "map@1": 0.604,
    "map@5": 0.7075833333333332,
    "map@10": 0.7156218253968254,
    "mrr@1": 0.604,
    "mrr@5": 0.7075833333333332,
    "mrr@10": 0.7156218253968254,
    "num_pred": 1000,
    "num_data": 1000
}