{
    "hit@1": 0.554,
    "hit@5": 0.834,
    "hit@10": 0.914,
    "ndcg_linear@1": 0.554,
    "ndcg_linear@5": 0.7032620958697463,
    "ndcg_linear@10": 0.7293658460654574,
    "ndcg_exponential@1": 0.554,
    "ndcg_exponential@5": 0.7032620958697463,
    "ndcg_exponential@10": 0.7293658460654574,
    "precision@1": 0.554,
    "precision@5": 0.1668,
    "precision@10": 0.09140000000000001,
    "recall@1": 0.554,
    "recall@5": 0.834,
    "recall@10": 0.914,
    "f1@1": 0.554,
    "f1@5": 0.2780000000000001,
    "f1@10": 0.16618181818181818,
    "map@1": 0.554,
    "map@5": 0.6596833333333334,
    "map@10": 0.670592857142857,
    "mrr@1": 0.554,
    "mrr@5": 0.6596833333333334,
    "mrr@10": 0.670592857142857,
    "num_pred": 1000,
    "num_data": 1000
}