{
    "hit@1": 0.005,
    "hit@5": 0.02,
    "hit@10": 0.03,
    "ndcg_linear@1": 0.005,
    "ndcg_linear@5": 0.012136865531913258,
    "ndcg_linear@10": 0.015344934426878771,
    "ndcg_exponential@1": 0.005,
    "ndcg_exponential@5": 0.012136865531913258,
    "ndcg_exponential@10": 0.015344934426878771,
    "precision@1": 0.005,
    "precision@5": 0.004,
    "precision@10": 0.003,
    "recall@1": 0.005,
    "recall@5": 0.02,
    "recall@10": 0.03,
    "f1@1": 0.005,
    "f1@5": 0.006666666666666667,
    "f1@10": 0.005454545454545455,
    "map@1": 0.005,
    "map@5": 0.009616666666666667,
    "map@10": 0.010925793650793651,
    "mrr@1": 0.005,
    "mrr@5": 0.009616666666666667,
    "mrr@10": 0.010925793650793651,
    "num_pred": 1000,
    "num_data": 1000
}