{
    "hit@1": 0.0,
    "hit@5": 0.012,
    "hit@10": 0.02,
    "ndcg_linear@1": 0.0,
    "ndcg_linear@5": 0.006402854691238615,
    "ndcg_linear@10": 0.008935817946884519,
    "ndcg_exponential@1": 0.0,
    "ndcg_exponential@5": 0.006402854691238615,
    "ndcg_exponential@10": 0.008935817946884519,
    "precision@1": 0.0,
    "precision@5": 0.0024000000000000002,
    "precision@10": 0.002,
    "recall@1": 0.0,
    "recall@5": 0.012,
    "recall@10": 0.02,
    "f1@1": 0.0,
    "f1@5": 0.004,
    "f1@10": 0.0036363636363636364,
    "map@1": 0.0,
    "map@5": 0.004533333333333333,
    "map@10": 0.0055468253968253955,
    "mrr@1": 0.0,
    "mrr@5": 0.004533333333333333,
    "mrr@10": 0.0055468253968253955,
    "num_pred": 1000,
    "num_data": 1000
}