{
    "hit@1": 0.482,
    "hit@5": 0.704,
    "hit@10": 0.796,
    "ndcg_linear@1": 0.482,
    "ndcg_linear@5": 0.6038281455437828,
    "ndcg_linear@10": 0.6335026163236066,
    "ndcg_exponential@1": 0.482,
    "ndcg_exponential@5": 0.6038281455437828,
    "ndcg_exponential@10": 0.6335026163236066,
    "precision@1": 0.482,
    "precision@5": 0.1408,
    "precision@10": 0.07959999999999999,
    "recall@1": 0.482,
    "recall@5": 0.704,
    "recall@10": 0.796,
    "f1@1": 0.482,
    "f1@5": 0.23466666666666672,
    "f1@10": 0.14472727272727276,
    "map@1": 0.482,
    "map@5": 0.5702166666666667,
    "map@10": 0.582422619047619,
    "mrr@1": 0.482,
    "mrr@5": 0.5702166666666667,
    "mrr@10": 0.582422619047619,
    "num_pred": 1000,
    "num_data": 1000
}