{
    "hit@1": 0.686,
    "hit@5": 0.924,
    "hit@10": 0.974,
    "ndcg_linear@1": 0.686,
    "ndcg_linear@5": 0.816784733236418,
    "ndcg_linear@10": 0.8331534471899865,
    "ndcg_exponential@1": 0.686,
    "ndcg_exponential@5": 0.816784733236418,
    "ndcg_exponential@10": 0.8331534471899865,
    "precision@1": 0.686,
    "precision@5": 0.18480000000000002,
    "precision@10": 0.09740000000000001,
    "recall@1": 0.686,
    "recall@5": 0.924,
    "recall@10": 0.974,
    "f1@1": 0.686,
    "f1@5": 0.308,
    "f1@10": 0.17709090909090908,
    "map@1": 0.686,
    "map@5": 0.78075,
    "map@10": 0.7876265873015873,
    "mrr@1": 0.686,
    "mrr@5": 0.78075,
    "mrr@10": 0.7876265873015873,
    "num_pred": 1000,
    "num_data": 1000
}