{
    "hit@1": 0.634,
    "hit@5": 0.904,
    "hit@10": 0.965,
    "ndcg_linear@1": 0.634,
    "ndcg_linear@5": 0.7801674563914701,
    "ndcg_linear@10": 0.8004957595091744,
    "ndcg_exponential@1": 0.634,
    "ndcg_exponential@5": 0.7801674563914701,
    "ndcg_exponential@10": 0.8004957595091744,
    "precision@1": 0.634,
    "precision@5": 0.18080000000000002,
    "precision@10": 0.0965,
    "recall@1": 0.634,
    "recall@5": 0.904,
    "recall@10": 0.965,
    "f1@1": 0.634,
    "f1@5": 0.30133333333333334,
    "f1@10": 0.17545454545454545,
    "map@1": 0.634,
    "map@5": 0.7386999999999999,
    "map@10": 0.7474432539682538,
    "mrr@1": 0.634,
    "mrr@5": 0.7386999999999999,
    "mrr@10": 0.7474432539682538,
    "num_pred": 1000,
    "num_data": 1000
}