{
    "hit@1": 0.382,
    "hit@5": 0.591,
    "hit@10": 0.664,
    "ndcg_linear@1": 0.382,
    "ndcg_linear@5": 0.49108612739469243,
    "ndcg_linear@10": 0.5147554607631337,
    "ndcg_exponential@1": 0.382,
    "ndcg_exponential@5": 0.49108612739469243,
    "ndcg_exponential@10": 0.5147554607631337,
    "precision@1": 0.382,
    "precision@5": 0.11819999999999999,
    "precision@10": 0.0664,
    "recall@1": 0.382,
    "recall@5": 0.591,
    "recall@10": 0.664,
    "f1@1": 0.382,
    "f1@5": 0.19700000000000006,
    "f1@10": 0.12072727272727275,
    "map@1": 0.382,
    "map@5": 0.45805,
    "map@10": 0.46785873015873014,
    "mrr@1": 0.382,
    "mrr@5": 0.45805,
    "mrr@10": 0.46785873015873014,
    "num_pred": 1000,
    "num_data": 1000
}