{
    "hit@1": 0.327,
    "hit@5": 0.542,
    "hit@10": 0.625,
    "ndcg_linear@1": 0.327,
    "ndcg_linear@5": 0.4410920906478058,
    "ndcg_linear@10": 0.46821534709554147,
    "ndcg_exponential@1": 0.327,
    "ndcg_exponential@5": 0.4410920906478058,
    "ndcg_exponential@10": 0.46821534709554147,
    "precision@1": 0.327,
    "precision@5": 0.1084,
    "precision@10": 0.0625,
    "recall@1": 0.327,
    "recall@5": 0.542,
    "recall@10": 0.625,
    "f1@1": 0.327,
    "f1@5": 0.18066666666666673,
    "f1@10": 0.11363636363636366,
    "map@1": 0.327,
    "map@5": 0.40754999999999997,
    "map@10": 0.4189083333333333,
    "mrr@1": 0.327,
    "mrr@5": 0.40754999999999997,
    "mrr@10": 0.4189083333333333,
    "num_pred": 1000,
    "num_data": 1000
}