{
    "hit@1": 0.476,
    "hit@5": 0.716,
    "hit@10": 0.8,
    "ndcg_linear@1": 0.476,
    "ndcg_linear@5": 0.6053926148549819,
    "ndcg_linear@10": 0.6325891667868107,
    "ndcg_exponential@1": 0.476,
    "ndcg_exponential@5": 0.6053926148549819,
    "ndcg_exponential@10": 0.6325891667868107,
    "precision@1": 0.476,
    "precision@5": 0.1432,
    "precision@10": 0.08,
    "recall@1": 0.476,
    "recall@5": 0.716,
    "recall@10": 0.8,
    "f1@1": 0.476,
    "f1@5": 0.23866666666666675,
    "f1@10": 0.14545454545454545,
    "map@1": 0.476,
    "map@5": 0.5684499999999999,
    "map@10": 0.5796916666666666,
    "mrr@1": 0.476,
    "mrr@5": 0.5684499999999999,
    "mrr@10": 0.5796916666666666,
    "num_pred": 1000,
    "num_data": 1000
}