{
    "hit@1": 0.01,
    "hit@5": 0.014,
    "hit@10": 0.029,
    "ndcg_linear@1": 0.01,
    "ndcg_linear@5": 0.011678882481454721,
    "ndcg_linear@10": 0.01660289194732943,
    "ndcg_exponential@1": 0.01,
    "ndcg_exponential@5": 0.011678882481454721,
    "ndcg_exponential@10": 0.01660289194732943,
    "precision@1": 0.01,
    "precision@5": 0.0028,
    "precision@10": 0.0029000000000000002,
    "recall@1": 0.01,
    "recall@5": 0.014,
    "recall@10": 0.029,
    "f1@1": 0.01,
    "f1@5": 0.004666666666666668,
    "f1@10": 0.005272727272727273,
    "map@1": 0.01,
    "map@5": 0.01095,
    "map@10": 0.013022222222222221,
    "mrr@1": 0.01,
    "mrr@5": 0.01095,
    "mrr@10": 0.013022222222222221,
    "num_pred": 1000,
    "num_data": 1000
}