{
    "hit@1": 0.039,
    "hit@5": 0.131,
    "hit@10": 0.208,
    "ndcg_linear@1": 0.039,
    "ndcg_linear@5": 0.08696869447790974,
    "ndcg_linear@10": 0.11152946847377405,
    "ndcg_exponential@1": 0.039,
    "ndcg_exponential@5": 0.08696869447790974,
    "ndcg_exponential@10": 0.11152946847377405,
    "precision@1": 0.039,
    "precision@5": 0.026200000000000005,
    "precision@10": 0.0208,
    "recall@1": 0.039,
    "recall@5": 0.131,
    "recall@10": 0.208,
    "f1@1": 0.039,
    "f1@5": 0.04366666666666667,
    "f1@10": 0.03781818181818182,
    "map@1": 0.039,
    "map@5": 0.07241666666666666,
    "map@10": 0.08235793650793652,
    "mrr@1": 0.039,
    "mrr@5": 0.07241666666666666,
    "mrr@10": 0.08235793650793652,
    "num_pred": 1000,
    "num_data": 1000
}