{
    "hit@1": 0.166,
    "hit@5": 0.389,
    "hit@10": 0.601,
    "ndcg_linear@1": 0.166,
    "ndcg_linear@5": 0.2802170557979878,
    "ndcg_linear@10": 0.3480343769888744,
    "ndcg_exponential@1": 0.166,
    "ndcg_exponential@5": 0.2802170557979878,
    "ndcg_exponential@10": 0.3480343769888744,
    "precision@1": 0.166,
    "precision@5": 0.0778,
    "precision@10": 0.060099999999999994,
    "recall@1": 0.166,
    "recall@5": 0.389,
    "recall@10": 0.601,
    "f1@1": 0.166,
    "f1@5": 0.12966666666666668,
    "f1@10": 0.10927272727272729,
    "map@1": 0.166,
    "map@5": 0.2445166666666667,
    "map@10": 0.2720714285714286,
    "mrr@1": 0.166,
    "mrr@5": 0.2445166666666667,
    "mrr@10": 0.2720714285714286,
    "num_pred": 1000,
    "num_data": 1000
}