{
    "hit@1": 0.287,
    "hit@5": 0.516,
    "hit@10": 0.624,
    "ndcg_linear@1": 0.287,
    "ndcg_linear@5": 0.4082758265848501,
    "ndcg_linear@10": 0.4434432323375462,
    "ndcg_exponential@1": 0.287,
    "ndcg_exponential@5": 0.4082758265848501,
    "ndcg_exponential@10": 0.4434432323375462,
    "precision@1": 0.287,
    "precision@5": 0.10319999999999999,
    "precision@10": 0.06239999999999999,
    "recall@1": 0.287,
    "recall@5": 0.516,
    "recall@10": 0.624,
    "f1@1": 0.287,
    "f1@5": 0.17200000000000007,
    "f1@10": 0.11345454545454549,
    "map@1": 0.287,
    "map@5": 0.3725,
    "map@10": 0.38715476190476195,
    "mrr@1": 0.287,
    "mrr@5": 0.3725,
    "mrr@10": 0.38715476190476195,
    "num_pred": 1000,
    "num_data": 1000
}