{
    "hit@1": 0.202,
    "hit@5": 0.275,
    "hit@10": 0.625,
    "ndcg_linear@1": 0.202,
    "ndcg_linear@5": 0.2370575275581773,
    "ndcg_linear@10": 0.34651685891556294,
    "ndcg_exponential@1": 0.202,
    "ndcg_exponential@5": 0.2370575275581773,
    "ndcg_exponential@10": 0.34651685891556294,
    "precision@1": 0.202,
    "precision@5": 0.055,
    "precision@10": 0.062499999999999986,
    "recall@1": 0.202,
    "recall@5": 0.275,
    "recall@10": 0.625,
    "f1@1": 0.202,
    "f1@5": 0.09166666666666669,
    "f1@10": 0.11363636363636366,
    "map@1": 0.202,
    "map@5": 0.2248333333333333,
    "map@10": 0.2678587301587302,
    "mrr@1": 0.202,
    "mrr@5": 0.2248333333333333,
    "mrr@10": 0.2678587301587302,
    "num_pred": 1000,
    "num_data": 1000
}