{
    "hit@1": 0.005,
    "hit@5": 0.031,
    "hit@10": 0.047,
    "ndcg_linear@1": 0.005,
    "ndcg_linear@5": 0.017701361642745696,
    "ndcg_linear@10": 0.02270021176692314,
    "ndcg_exponential@1": 0.005,
    "ndcg_exponential@5": 0.017701361642745696,
    "ndcg_exponential@10": 0.02270021176692314,
    "precision@1": 0.005,
    "precision@5": 0.006200000000000001,
    "precision@10": 0.0047,
    "recall@1": 0.005,
    "recall@5": 0.031,
    "recall@10": 0.047,
    "f1@1": 0.005,
    "f1@5": 0.010333333333333333,
    "f1@10": 0.008545454545454545,
    "map@1": 0.005,
    "map@5": 0.013383333333333332,
    "map@10": 0.015344047619047618,
    "mrr@1": 0.005,
    "mrr@5": 0.013383333333333332,
    "mrr@10": 0.015344047619047618,
    "num_pred": 1000,
    "num_data": 1000
}