{
    "hit@1": 0.002,
    "hit@5": 0.012,
    "hit@10": 0.026,
    "ndcg_linear@1": 0.002,
    "ndcg_linear@5": 0.006714447603066719,
    "ndcg_linear@10": 0.011061963831673675,
    "ndcg_exponential@1": 0.002,
    "ndcg_exponential@5": 0.006714447603066719,
    "ndcg_exponential@10": 0.011061963831673675,
    "precision@1": 0.002,
    "precision@5": 0.0024000000000000002,
    "precision@10": 0.0026000000000000007,
    "recall@1": 0.002,
    "recall@5": 0.012,
    "recall@10": 0.026,
    "f1@1": 0.002,
    "f1@5": 0.004,
    "f1@10": 0.004727272727272727,
    "map@1": 0.002,
    "map@5": 0.005016666666666667,
    "map@10": 0.006706349206349205,
    "mrr@1": 0.002,
    "mrr@5": 0.005016666666666667,
    "mrr@10": 0.006706349206349205,
    "num_pred": 1000,
    "num_data": 1000
}