{
    "hit@1": 0.003,
    "hit@5": 0.017,
    "hit@10": 0.038,
    "ndcg_linear@1": 0.003,
    "ndcg_linear@5": 0.01022038405654655,
    "ndcg_linear@10": 0.0167820310622636,
    "ndcg_exponential@1": 0.003,
    "ndcg_exponential@5": 0.01022038405654655,
    "ndcg_exponential@10": 0.0167820310622636,
    "precision@1": 0.003,
    "precision@5": 0.0034000000000000002,
    "precision@10": 0.003800000000000001,
    "recall@1": 0.003,
    "recall@5": 0.017,
    "recall@10": 0.038,
    "f1@1": 0.003,
    "f1@5": 0.005666666666666668,
    "f1@10": 0.006909090909090908,
    "map@1": 0.003,
    "map@5": 0.007983333333333332,
    "map@10": 0.010557936507936507,
    "mrr@1": 0.003,
    "mrr@5": 0.007983333333333332,
    "mrr@10": 0.010557936507936507,
    "num_pred": 1000,
    "num_data": 1000
}