{
    "hit@1": 0.068,
    "hit@5": 0.206,
    "hit@10": 0.457,
    "ndcg_linear@1": 0.068,
    "ndcg_linear@5": 0.1348938172009296,
    "ndcg_linear@10": 0.21562317016615878,
    "ndcg_exponential@1": 0.068,
    "ndcg_exponential@5": 0.1348938172009296,
    "ndcg_exponential@10": 0.21562317016615878,
    "precision@1": 0.068,
    "precision@5": 0.0412,
    "precision@10": 0.0457,
    "recall@1": 0.068,
    "recall@5": 0.206,
    "recall@10": 0.457,
    "f1@1": 0.068,
    "f1@5": 0.06866666666666667,
    "f1@10": 0.0830909090909091,
    "map@1": 0.068,
    "map@5": 0.11186666666666666,
    "map@10": 0.144925,
    "mrr@1": 0.068,
    "mrr@5": 0.11186666666666666,
    "mrr@10": 0.144925,
    "num_pred": 1000,
    "num_data": 1000
}