{
    "hit@1": 0.003,
    "hit@5": 0.016,
    "hit@10": 0.035,
    "ndcg_linear@1": 0.003,
    "ndcg_linear@5": 0.009093041781074408,
    "ndcg_linear@10": 0.015259959165035407,
    "ndcg_exponential@1": 0.003,
    "ndcg_exponential@5": 0.009093041781074408,
    "ndcg_exponential@10": 0.015259959165035407,
    "precision@1": 0.003,
    "precision@5": 0.0032,
    "precision@10": 0.0035000000000000005,
    "recall@1": 0.003,
    "recall@5": 0.016,
    "recall@10": 0.035,
    "f1@1": 0.003,
    "f1@5": 0.005333333333333334,
    "f1@10": 0.006363636363636363,
    "map@1": 0.003,
    "map@5": 0.006900000000000001,
    "map@10": 0.009459126984126983,
    "mrr@1": 0.003,
    "mrr@5": 0.006900000000000001,
    "mrr@10": 0.009459126984126983,
    "num_pred": 1000,
    "num_data": 1000
}