{
    "hit@1": 0.002,
    "hit@5": 0.015,
    "hit@10": 0.032,
    "ndcg_linear@1": 0.002,
    "ndcg_linear@5": 0.008075800719213506,
    "ndcg_linear@10": 0.01348596924826724,
    "ndcg_exponential@1": 0.002,
    "ndcg_exponential@5": 0.008075800719213506,
    "ndcg_exponential@10": 0.01348596924826724,
    "precision@1": 0.002,
    "precision@5": 0.003,
    "precision@10": 0.0032,
    "recall@1": 0.002,
    "recall@5": 0.015,
    "recall@10": 0.032,
    "f1@1": 0.002,
    "f1@5": 0.005,
    "f1@10": 0.005818181818181819,
    "map@1": 0.002,
    "map@5": 0.005849999999999999,
    "map@10": 0.008032539682539681,
    "mrr@1": 0.002,
    "mrr@5": 0.005849999999999999,
    "mrr@10": 0.008032539682539681,
    "num_pred": 1000,
    "num_data": 1000
}