{
    "hit@1": 0.001,
    "hit@5": 0.013,
    "hit@10": 0.025,
    "ndcg_linear@1": 0.001,
    "ndcg_linear@5": 0.007020130861048485,
    "ndcg_linear@10": 0.010849118715131285,
    "ndcg_exponential@1": 0.001,
    "ndcg_exponential@5": 0.007020130861048485,
    "ndcg_exponential@10": 0.010849118715131285,
    "precision@1": 0.001,
    "precision@5": 0.0026,
    "precision@10": 0.0025,
    "recall@1": 0.001,
    "recall@5": 0.013,
    "recall@10": 0.025,
    "f1@1": 0.001,
    "f1@5": 0.004333333333333334,
    "f1@10": 0.004545454545454546,
    "map@1": 0.001,
    "map@5": 0.005066666666666666,
    "map@10": 0.006613888888888889,
    "mrr@1": 0.001,
    "mrr@5": 0.005066666666666666,
    "mrr@10": 0.006613888888888889,
    "num_pred": 1000,
    "num_data": 1000
}