{
    "hit@1": 0.034,
    "hit@5": 0.126,
    "hit@10": 0.304,
    "ndcg_linear@1": 0.034,
    "ndcg_linear@5": 0.07879912547366251,
    "ndcg_linear@10": 0.1337607885752217,
    "ndcg_exponential@1": 0.034,
    "ndcg_exponential@5": 0.07879912547366251,
    "ndcg_exponential@10": 0.1337607885752217,
    "precision@1": 0.034,
    "precision@5": 0.025200000000000004,
    "precision@10": 0.0304,
    "recall@1": 0.034,
    "recall@5": 0.126,
    "recall@10": 0.304,
    "f1@1": 0.034,
    "f1@5": 0.042,
    "f1@10": 0.05527272727272728,
    "map@1": 0.034,
    "map@5": 0.06351666666666667,
    "map@10": 0.08471428571428573,
    "mrr@1": 0.034,
    "mrr@5": 0.06351666666666667,
    "mrr@10": 0.08471428571428573,
    "num_pred": 1000,
    "num_data": 1000
}