{
    "hit@1": 0.003,
    "hit@5": 0.008,
    "hit@10": 0.018,
    "ndcg_linear@1": 0.003,
    "ndcg_linear@5": 0.005135058730615869,
    "ndcg_linear@10": 0.008284516858711484,
    "ndcg_exponential@1": 0.003,
    "ndcg_exponential@5": 0.005135058730615869,
    "ndcg_exponential@10": 0.008284516858711484,
    "precision@1": 0.003,
    "precision@5": 0.0016,
    "precision@10": 0.0018,
    "recall@1": 0.003,
    "recall@5": 0.008,
    "recall@10": 0.018,
    "f1@1": 0.003,
    "f1@5": 0.002666666666666667,
    "f1@10": 0.0032727272727272726,
    "map@1": 0.003,
    "map@5": 0.004233333333333334,
    "map@10": 0.005482936507936508,
    "mrr@1": 0.003,
    "mrr@5": 0.004233333333333334,
    "mrr@10": 0.005482936507936508,
    "num_pred": 1000,
    "num_data": 1000
}