{
    "hit@1": 0.001,
    "hit@5": 0.006,
    "hit@10": 0.012,
    "ndcg_linear@1": 0.001,
    "ndcg_linear@5": 0.0030912349797770178,
    "ndcg_linear@10": 0.004986308709732455,
    "ndcg_exponential@1": 0.001,
    "ndcg_exponential@5": 0.0030912349797770178,
    "ndcg_exponential@10": 0.004986308709732455,
    "precision@1": 0.001,
    "precision@5": 0.0012,
    "precision@10": 0.0012,
    "recall@1": 0.001,
    "recall@5": 0.006,
    "recall@10": 0.012,
    "f1@1": 0.001,
    "f1@5": 0.002,
    "f1@10": 0.0021818181818181815,
    "map@1": 0.001,
    "map@5": 0.002183333333333333,
    "map@10": 0.002941666666666667,
    "mrr@1": 0.001,
    "mrr@5": 0.002183333333333333,
    "mrr@10": 0.002941666666666667,
    "num_pred": 1000,
    "num_data": 1000
}