{
    "hit@1": 0.005,
    "hit@5": 0.013,
    "hit@10": 0.021,
    "ndcg_linear@1": 0.005,
    "ndcg_linear@5": 0.008791488175275083,
    "ndcg_linear@10": 0.011574003311349125,
    "ndcg_exponential@1": 0.005,
    "ndcg_exponential@5": 0.008791488175275083,
    "ndcg_exponential@10": 0.011574003311349125,
    "precision@1": 0.005,
    "precision@5": 0.0026,
    "precision@10": 0.0021000000000000003,
    "recall@1": 0.005,
    "recall@5": 0.013,
    "recall@10": 0.021,
    "f1@1": 0.005,
    "f1@5": 0.004333333333333334,
    "f1@10": 0.0038181818181818182,
    "map@1": 0.005,
    "map@5": 0.007433333333333333,
    "map@10": 0.0087,
    "mrr@1": 0.005,
    "mrr@5": 0.007433333333333333,
    "mrr@10": 0.0087,
    "num_pred": 1000,
    "num_data": 1000
}