{
    "hit@1": 0.317,
    "hit@5": 0.563,
    "hit@10": 0.676,
    "ndcg_linear@1": 0.317,
    "ndcg_linear@5": 0.44544680895642297,
    "ndcg_linear@10": 0.48257595639514433,
    "ndcg_exponential@1": 0.317,
    "ndcg_exponential@5": 0.44544680895642297,
    "ndcg_exponential@10": 0.48257595639514433,
    "precision@1": 0.317,
    "precision@5": 0.11259999999999999,
    "precision@10": 0.0676,
    "recall@1": 0.317,
    "recall@5": 0.563,
    "recall@10": 0.676,
    "f1@1": 0.317,
    "f1@5": 0.18766666666666673,
    "f1@10": 0.12290909090909094,
    "map@1": 0.317,
    "map@5": 0.4065,
    "map@10": 0.4221718253968254,
    "mrr@1": 0.317,
    "mrr@5": 0.4065,
    "mrr@10": 0.4221718253968254,
    "num_pred": 1000,
    "num_data": 1000
}