{
    "hit@1": 0.638,
    "hit@5": 0.865,
    "hit@10": 0.927,
    "ndcg_linear@1": 0.638,
    "ndcg_linear@5": 0.763208364893764,
    "ndcg_linear@10": 0.7834750708158301,
    "ndcg_exponential@1": 0.638,
    "ndcg_exponential@5": 0.763208364893764,
    "ndcg_exponential@10": 0.7834750708158301,
    "precision@1": 0.638,
    "precision@5": 0.17300000000000001,
    "precision@10": 0.09270000000000002,
    "recall@1": 0.638,
    "recall@5": 0.865,
    "recall@10": 0.927,
    "f1@1": 0.638,
    "f1@5": 0.2883333333333334,
    "f1@10": 0.16854545454545455,
    "map@1": 0.638,
    "map@5": 0.7289000000000001,
    "map@10": 0.7373924603174603,
    "mrr@1": 0.638,
    "mrr@5": 0.7289000000000001,
    "mrr@10": 0.7373924603174603,
    "num_pred": 1000,
    "num_data": 1000
}