{
    "hit@1": 0.558,
    "hit@5": 0.844,
    "hit@10": 0.922,
    "ndcg_linear@1": 0.558,
    "ndcg_linear@5": 0.7119885993593728,
    "ndcg_linear@10": 0.737092335270512,
    "ndcg_exponential@1": 0.558,
    "ndcg_exponential@5": 0.7119885993593728,
    "ndcg_exponential@10": 0.737092335270512,
    "precision@1": 0.558,
    "precision@5": 0.1688,
    "precision@10": 0.09220000000000002,
    "recall@1": 0.558,
    "recall@5": 0.844,
    "recall@10": 0.922,
    "f1@1": 0.558,
    "f1@5": 0.2813333333333334,
    "f1@10": 0.16763636363636364,
    "map@1": 0.558,
    "map@5": 0.6679166666666666,
    "map@10": 0.6781988095238095,
    "mrr@1": 0.558,
    "mrr@5": 0.6679166666666666,
    "mrr@10": 0.6781988095238095,
    "num_pred": 1000,
    "num_data": 1000
}