{
    "hit@1": 0.326,
    "hit@5": 0.593,
    "hit@10": 0.703,
    "ndcg_linear@1": 0.326,
    "ndcg_linear@5": 0.4684720291767901,
    "ndcg_linear@10": 0.5039930388513878,
    "ndcg_exponential@1": 0.326,
    "ndcg_exponential@5": 0.4684720291767901,
    "ndcg_exponential@10": 0.5039930388513878,
    "precision@1": 0.326,
    "precision@5": 0.1186,
    "precision@10": 0.0703,
    "recall@1": 0.326,
    "recall@5": 0.593,
    "recall@10": 0.703,
    "f1@1": 0.326,
    "f1@5": 0.19766666666666674,
    "f1@10": 0.1278181818181818,
    "map@1": 0.326,
    "map@5": 0.4270666666666666,
    "map@10": 0.4416924603174603,
    "mrr@1": 0.326,
    "mrr@5": 0.4270666666666666,
    "mrr@10": 0.4416924603174603,
    "num_pred": 1000,
    "num_data": 1000
}