{
    "hit@1": 0.299,
    "hit@5": 0.62,
    "hit@10": 0.742,
    "ndcg_linear@1": 0.299,
    "ndcg_linear@5": 0.47095003983245953,
    "ndcg_linear@10": 0.5105991539140755,
    "ndcg_exponential@1": 0.299,
    "ndcg_exponential@5": 0.47095003983245953,
    "ndcg_exponential@10": 0.5105991539140755,
    "precision@1": 0.299,
    "precision@5": 0.12399999999999999,
    "precision@10": 0.0742,
    "recall@1": 0.299,
    "recall@5": 0.62,
    "recall@10": 0.742,
    "f1@1": 0.299,
    "f1@5": 0.20666666666666675,
    "f1@10": 0.13490909090909092,
    "map@1": 0.299,
    "map@5": 0.4212666666666667,
    "map@10": 0.43774722222222223,
    "mrr@1": 0.299,
    "mrr@5": 0.4212666666666667,
    "mrr@10": 0.43774722222222223,
    "num_pred": 1000,
    "num_data": 1000
}