{
    "hit@1": 0.005,
    "hit@5": 0.01,
    "hit@10": 0.017,
    "ndcg_linear@1": 0.005,
    "ndcg_linear@5": 0.007630929753571458,
    "ndcg_linear@10": 0.00978734765378608,
    "ndcg_exponential@1": 0.005,
    "ndcg_exponential@5": 0.007630929753571458,
    "ndcg_exponential@10": 0.00978734765378608,
    "precision@1": 0.005,
    "precision@5": 0.002,
    "precision@10": 0.0017000000000000001,
    "recall@1": 0.005,
    "recall@5": 0.01,
    "recall@10": 0.017,
    "f1@1": 0.005,
    "f1@5": 0.0033333333333333335,
    "f1@10": 0.0030909090909090908,
    "map@1": 0.005,
    "map@5": 0.006833333333333333,
    "map@10": 0.00765952380952381,
    "mrr@1": 0.005,
    "mrr@5": 0.006833333333333333,
    "mrr@10": 0.00765952380952381,
    "num_pred": 1000,
    "num_data": 1000
}