{
    "hit@1": 0.0,
    "hit@5": 0.003,
    "hit@10": 0.012,
    "ndcg_linear@1": 0.0,
    "ndcg_linear@5": 0.0011605584217036248,
    "ndcg_linear@10": 0.0039934951880960115,
    "ndcg_exponential@1": 0.0,
    "ndcg_exponential@5": 0.0011605584217036248,
    "ndcg_exponential@10": 0.0039934951880960115,
    "precision@1": 0.0,
    "precision@5": 0.0006000000000000001,
    "precision@10": 0.0012000000000000001,
    "recall@1": 0.0,
    "recall@5": 0.003,
    "recall@10": 0.012,
    "f1@1": 0.0,
    "f1@5": 0.001,
    "f1@10": 0.0021818181818181815,
    "map@1": 0.0,
    "map@5": 0.0006000000000000001,
    "map@10": 0.0017261904761904762,
    "mrr@1": 0.0,
    "mrr@5": 0.0006000000000000001,
    "mrr@10": 0.0017261904761904762,
    "num_pred": 1000,
    "num_data": 1000
}