{
    "hit@1": 0.006,
    "hit@5": 0.023,
    "hit@10": 0.046,
    "ndcg_linear@1": 0.006,
    "ndcg_linear@5": 0.013867288894488588,
    "ndcg_linear@10": 0.020989038501350733,
    "ndcg_exponential@1": 0.006,
    "ndcg_exponential@5": 0.013867288894488588,
    "ndcg_exponential@10": 0.020989038501350733,
    "precision@1": 0.006,
    "precision@5": 0.0046,
    "precision@10": 0.0046,
    "recall@1": 0.006,
    "recall@5": 0.023,
    "recall@10": 0.046,
    "f1@1": 0.006,
    "f1@5": 0.007666666666666667,
    "f1@10": 0.008363636363636363,
    "map@1": 0.006,
    "map@5": 0.01095,
    "map@10": 0.013709126984126983,
    "mrr@1": 0.006,
    "mrr@5": 0.01095,
    "mrr@10": 0.013709126984126983,
    "num_pred": 1000,
    "num_data": 1000
}