{
    "hit@1": 0.005,
    "hit@5": 0.011,
    "hit@10": 0.025,
    "ndcg_linear@1": 0.005,
    "ndcg_linear@5": 0.007966241679685392,
    "ndcg_linear@10": 0.012441175479020902,
    "ndcg_exponential@1": 0.005,
    "ndcg_exponential@5": 0.007966241679685392,
    "ndcg_exponential@10": 0.012441175479020902,
    "precision@1": 0.005,
    "precision@5": 0.0022,
    "precision@10": 0.0025,
    "recall@1": 0.005,
    "recall@5": 0.011,
    "recall@10": 0.025,
    "f1@1": 0.005,
    "f1@5": 0.003666666666666667,
    "f1@10": 0.004545454545454545,
    "map@1": 0.005,
    "map@5": 0.006983333333333334,
    "map@10": 0.008798412698412698,
    "mrr@1": 0.005,
    "mrr@5": 0.006983333333333334,
    "mrr@10": 0.008798412698412698,
    "num_pred": 1000,
    "num_data": 1000
}