{
    "hit@1": 0.51,
    "hit@5": 1.0,
    "hit@10": 1.0,
    "ndcg_linear@1": 0.51,
    "ndcg_linear@5": 0.8191555792500141,
    "ndcg_linear@10": 0.8191555792500141,
    "ndcg_exponential@1": 0.51,
    "ndcg_exponential@5": 0.8191555792500141,
    "ndcg_exponential@10": 0.8191555792500141,
    "precision@1": 0.51,
    "precision@5": 0.20000000000000004,
    "precision@10": 0.10000000000000002,
    "recall@1": 0.51,
    "recall@5": 1.0,
    "recall@10": 1.0,
    "f1@1": 0.51,
    "f1@5": 0.3333333333333333,
    "f1@10": 0.18181818181818182,
    "map@1": 0.51,
    "map@5": 0.755,
    "map@10": 0.755,
    "mrr@1": 0.51,
    "mrr@5": 0.755,
    "mrr@10": 0.755,
    "num_pred": 1000,
    "num_data": 1000
}