{
    "hit@1": 0.005,
    "hit@5": 0.017,
    "hit@10": 0.037,
    "ndcg_linear@1": 0.005,
    "ndcg_linear@5": 0.011166494875183456,
    "ndcg_linear@10": 0.017540899843550464,
    "ndcg_exponential@1": 0.005,
    "ndcg_exponential@5": 0.011166494875183456,
    "ndcg_exponential@10": 0.017540899843550464,
    "precision@1": 0.005,
    "precision@5": 0.0034000000000000002,
    "precision@10": 0.0037,
    "recall@1": 0.005,
    "recall@5": 0.017,
    "recall@10": 0.037,
    "f1@1": 0.005,
    "f1@5": 0.005666666666666667,
    "f1@10": 0.006727272727272727,
    "map@1": 0.005,
    "map@5": 0.009233333333333333,
    "map@10": 0.01181190476190476,
    "mrr@1": 0.005,
    "mrr@5": 0.009233333333333333,
    "mrr@10": 0.01181190476190476,
    "num_pred": 1000,
    "num_data": 1000
}