{
    "hit@1": 0.002,
    "hit@5": 0.004,
    "hit@10": 0.007,
    "ndcg_linear@1": 0.002,
    "ndcg_linear@5": 0.003,
    "ndcg_linear@10": 0.0040050053972270835,
    "ndcg_exponential@1": 0.002,
    "ndcg_exponential@5": 0.003,
    "ndcg_exponential@10": 0.0040050053972270835,
    "precision@1": 0.002,
    "precision@5": 0.0008,
    "precision@10": 0.0007000000000000001,
    "recall@1": 0.002,
    "recall@5": 0.004,
    "recall@10": 0.007,
    "f1@1": 0.002,
    "f1@5": 0.0013333333333333335,
    "f1@10": 0.0012727272727272728,
    "map@1": 0.002,
    "map@5": 0.0026666666666666666,
    "map@10": 0.003101190476190476,
    "mrr@1": 0.002,
    "mrr@5": 0.0026666666666666666,
    "mrr@10": 0.003101190476190476,
    "num_pred": 1000,
    "num_data": 1000
}