{
    "hit@1": 0.061,
    "hit@5": 0.188,
    "hit@10": 0.425,
    "ndcg_linear@1": 0.061,
    "ndcg_linear@5": 0.12050226644293406,
    "ndcg_linear@10": 0.19550908540987724,
    "ndcg_exponential@1": 0.061,
    "ndcg_exponential@5": 0.12050226644293406,
    "ndcg_exponential@10": 0.19550908540987724,
    "precision@1": 0.061,
    "precision@5": 0.03760000000000001,
    "precision@10": 0.0425,
    "recall@1": 0.061,
    "recall@5": 0.188,
    "recall@10": 0.425,
    "f1@1": 0.061,
    "f1@5": 0.06266666666666668,
    "f1@10": 0.07727272727272728,
    "map@1": 0.061,
    "map@5": 0.0989,
    "map@10": 0.12890992063492063,
    "mrr@1": 0.061,
    "mrr@5": 0.0989,
    "mrr@10": 0.12890992063492063,
    "num_pred": 1000,
    "num_data": 1000
}