{
    "hit@1": 0.001,
    "hit@5": 0.012,
    "hit@10": 0.033,
    "ndcg_linear@1": 0.001,
    "ndcg_linear@5": 0.005875547523715441,
    "ndcg_linear@10": 0.01269658509443751,
    "ndcg_exponential@1": 0.001,
    "ndcg_exponential@5": 0.005875547523715441,
    "ndcg_exponential@10": 0.01269658509443751,
    "precision@1": 0.001,
    "precision@5": 0.0024000000000000002,
    "precision@10": 0.0033000000000000004,
    "recall@1": 0.001,
    "recall@5": 0.012,
    "recall@10": 0.033,
    "f1@1": 0.001,
    "f1@5": 0.004,
    "f1@10": 0.006,
    "map@1": 0.001,
    "map@5": 0.003933333333333333,
    "map@10": 0.006763095238095237,
    "mrr@1": 0.001,
    "mrr@5": 0.003933333333333333,
    "mrr@10": 0.006763095238095237,
    "num_pred": 1000,
    "num_data": 1000
}