{
    "hit@1": 0.002,
    "hit@5": 0.01,
    "hit@10": 0.021,
    "ndcg_linear@1": 0.002,
    "ndcg_linear@5": 0.006071671742169093,
    "ndcg_linear@10": 0.009554370582330744,
    "ndcg_exponential@1": 0.002,
    "ndcg_exponential@5": 0.006071671742169093,
    "ndcg_exponential@10": 0.009554370582330744,
    "precision@1": 0.002,
    "precision@5": 0.002,
    "precision@10": 0.0021000000000000007,
    "recall@1": 0.002,
    "recall@5": 0.01,
    "recall@10": 0.021,
    "f1@1": 0.002,
    "f1@5": 0.0033333333333333335,
    "f1@10": 0.003818181818181818,
    "map@1": 0.002,
    "map@5": 0.004783333333333333,
    "map@10": 0.006178571428571429,
    "mrr@1": 0.002,
    "mrr@5": 0.004783333333333333,
    "mrr@10": 0.006178571428571429,
    "num_pred": 1000,
    "num_data": 1000
}