{
    "hit@1": 0.002,
    "hit@5": 0.006,
    "hit@10": 0.014,
    "ndcg_linear@1": 0.002,
    "ndcg_linear@5": 0.004035565121611999,
    "ndcg_linear@10": 0.006556629181587584,
    "ndcg_exponential@1": 0.002,
    "ndcg_exponential@5": 0.004035565121611999,
    "ndcg_exponential@10": 0.006556629181587584,
    "precision@1": 0.002,
    "precision@5": 0.0012000000000000001,
    "precision@10": 0.0014000000000000002,
    "recall@1": 0.002,
    "recall@5": 0.006,
    "recall@10": 0.014,
    "f1@1": 0.002,
    "f1@5": 0.002,
    "f1@10": 0.0025454545454545456,
    "map@1": 0.002,
    "map@5": 0.0034,
    "map@10": 0.004402777777777779,
    "mrr@1": 0.002,
    "mrr@5": 0.0034,
    "mrr@10": 0.004402777777777779,
    "num_pred": 1000,
    "num_data": 1000
}