{
    "hit@1": 0.045,
    "hit@5": 0.121,
    "hit@10": 0.31,
    "ndcg_linear@1": 0.045,
    "ndcg_linear@5": 0.08112434584475674,
    "ndcg_linear@10": 0.14096279786320878,
    "ndcg_exponential@1": 0.045,
    "ndcg_exponential@5": 0.08112434584475674,
    "ndcg_exponential@10": 0.14096279786320878,
    "precision@1": 0.045,
    "precision@5": 0.024200000000000003,
    "precision@10": 0.031,
    "recall@1": 0.045,
    "recall@5": 0.121,
    "recall@10": 0.31,
    "f1@1": 0.045,
    "f1@5": 0.04033333333333334,
    "f1@10": 0.056363636363636366,
    "map@1": 0.045,
    "map@5": 0.06828333333333333,
    "map@10": 0.0922095238095238,
    "mrr@1": 0.045,
    "mrr@5": 0.06828333333333333,
    "mrr@10": 0.0922095238095238,
    "num_pred": 1000,
    "num_data": 1000
}