{
    "hit@1": 0.003,
    "hit@5": 0.011,
    "hit@10": 0.029,
    "ndcg_linear@1": 0.003,
    "ndcg_linear@5": 0.00754150157509183,
    "ndcg_linear@10": 0.013332705519920201,
    "ndcg_exponential@1": 0.003,
    "ndcg_exponential@5": 0.00754150157509183,
    "ndcg_exponential@10": 0.013332705519920201,
    "precision@1": 0.003,
    "precision@5": 0.0022,
    "precision@10": 0.0029000000000000002,
    "recall@1": 0.003,
    "recall@5": 0.011,
    "recall@10": 0.029,
    "f1@1": 0.003,
    "f1@5": 0.003666666666666667,
    "f1@10": 0.0052727272727272735,
    "map@1": 0.003,
    "map@5": 0.006366666666666667,
    "map@10": 0.00873888888888889,
    "mrr@1": 0.003,
    "mrr@5": 0.006366666666666667,
    "mrr@10": 0.00873888888888889,
    "num_pred": 1000,
    "num_data": 1000
}