{
    "hit@1": 0.018,
    "hit@5": 0.063,
    "hit@10": 0.114,
    "ndcg_linear@1": 0.018,
    "ndcg_linear@5": 0.041109069789573946,
    "ndcg_linear@10": 0.057127556799822295,
    "ndcg_exponential@1": 0.018,
    "ndcg_exponential@5": 0.041109069789573946,
    "ndcg_exponential@10": 0.057127556799822295,
    "precision@1": 0.018,
    "precision@5": 0.0126,
    "precision@10": 0.0114,
    "recall@1": 0.018,
    "recall@5": 0.063,
    "recall@10": 0.114,
    "f1@1": 0.018,
    "f1@5": 0.021,
    "f1@10": 0.020727272727272726,
    "map@1": 0.018,
    "map@5": 0.033916666666666664,
    "map@10": 0.0402468253968254,
    "mrr@1": 0.018,
    "mrr@5": 0.033916666666666664,
    "mrr@10": 0.0402468253968254,
    "num_pred": 1000,
    "num_data": 1000
}