{
    "hit@1": 0.404,
    "hit@5": 0.652,
    "hit@10": 0.728,
    "ndcg_linear@1": 0.404,
    "ndcg_linear@5": 0.5383364296223672,
    "ndcg_linear@10": 0.5631944196351257,
    "ndcg_exponential@1": 0.404,
    "ndcg_exponential@5": 0.5383364296223672,
    "ndcg_exponential@10": 0.5631944196351257,
    "precision@1": 0.404,
    "precision@5": 0.1304,
    "precision@10": 0.0728,
    "recall@1": 0.404,
    "recall@5": 0.652,
    "recall@10": 0.728,
    "f1@1": 0.404,
    "f1@5": 0.2173333333333334,
    "f1@10": 0.13236363636363638,
    "map@1": 0.404,
    "map@5": 0.5003666666666666,
    "map@10": 0.5107892857142857,
    "mrr@1": 0.404,
    "mrr@5": 0.5003666666666666,
    "mrr@10": 0.5107892857142857,
    "num_pred": 1000,
    "num_data": 1000
}