{
    "hit@1": 0.617,
    "hit@5": 0.897,
    "hit@10": 0.961,
    "ndcg_linear@1": 0.617,
    "ndcg_linear@5": 0.7705491501478989,
    "ndcg_linear@10": 0.791699956521925,
    "ndcg_exponential@1": 0.617,
    "ndcg_exponential@5": 0.7705491501478989,
    "ndcg_exponential@10": 0.791699956521925,
    "precision@1": 0.617,
    "precision@5": 0.1794,
    "precision@10": 0.0961,
    "recall@1": 0.617,
    "recall@5": 0.897,
    "recall@10": 0.961,
    "f1@1": 0.617,
    "f1@5": 0.299,
    "f1@10": 0.17472727272727273,
    "map@1": 0.617,
    "map@5": 0.7280833333333333,
    "map@10": 0.737077380952381,
    "mrr@1": 0.617,
    "mrr@5": 0.7280833333333333,
    "mrr@10": 0.737077380952381,
    "num_pred": 1000,
    "num_data": 1000
}