{
    "hit@1": 0.632,
    "hit@5": 0.908,
    "hit@10": 0.954,
    "ndcg_linear@1": 0.632,
    "ndcg_linear@5": 0.7814163606689011,
    "ndcg_linear@10": 0.7961174951707854,
    "ndcg_exponential@1": 0.632,
    "ndcg_exponential@5": 0.7814163606689011,
    "ndcg_exponential@10": 0.7961174951707854,
    "precision@1": 0.632,
    "precision@5": 0.1816,
    "precision@10": 0.09540000000000001,
    "recall@1": 0.632,
    "recall@5": 0.908,
    "recall@10": 0.954,
    "f1@1": 0.632,
    "f1@5": 0.3026666666666667,
    "f1@10": 0.17345454545454544,
    "map@1": 0.632,
    "map@5": 0.7389833333333333,
    "map@10": 0.744947619047619,
    "mrr@1": 0.632,
    "mrr@5": 0.7389833333333333,
    "mrr@10": 0.744947619047619,
    "num_pred": 1000,
    "num_data": 1000
}