{
    "hit@1": 0.122,
    "hit@5": 0.269,
    "hit@10": 0.433,
    "ndcg_linear@1": 0.122,
    "ndcg_linear@5": 0.19390241498972327,
    "ndcg_linear@10": 0.2455051269501796,
    "ndcg_exponential@1": 0.122,
    "ndcg_exponential@5": 0.19390241498972327,
    "ndcg_exponential@10": 0.2455051269501796,
    "precision@1": 0.122,
    "precision@5": 0.05380000000000001,
    "precision@10": 0.0433,
    "recall@1": 0.122,
    "recall@5": 0.269,
    "recall@10": 0.433,
    "f1@1": 0.122,
    "f1@5": 0.08966666666666669,
    "f1@10": 0.07872727272727274,
    "map@1": 0.122,
    "map@5": 0.16955,
    "map@10": 0.19002222222222223,
    "mrr@1": 0.122,
    "mrr@5": 0.16955,
    "mrr@10": 0.19002222222222223,
    "num_pred": 1000,
    "num_data": 1000
}