{
    "hit@1": 0.227,
    "hit@5": 0.453,
    "hit@10": 0.564,
    "ndcg_linear@1": 0.227,
    "ndcg_linear@5": 0.3465376599674975,
    "ndcg_linear@10": 0.3825723528204146,
    "ndcg_exponential@1": 0.227,
    "ndcg_exponential@5": 0.3465376599674975,
    "ndcg_exponential@10": 0.3825723528204146,
    "precision@1": 0.227,
    "precision@5": 0.0906,
    "precision@10": 0.05639999999999999,
    "recall@1": 0.227,
    "recall@5": 0.453,
    "recall@10": 0.564,
    "f1@1": 0.227,
    "f1@5": 0.15100000000000005,
    "f1@10": 0.10254545454545456,
    "map@1": 0.227,
    "map@5": 0.31115,
    "map@10": 0.3261019841269841,
    "mrr@1": 0.227,
    "mrr@5": 0.31115,
    "mrr@10": 0.3261019841269841,
    "num_pred": 1000,
    "num_data": 1000
}