{
    "hit@1": 0.166,
    "hit@5": 0.359,
    "hit@10": 0.447,
    "ndcg_linear@1": 0.166,
    "ndcg_linear@5": 0.26971527782173804,
    "ndcg_linear@10": 0.2978920448681025,
    "ndcg_exponential@1": 0.166,
    "ndcg_exponential@5": 0.26971527782173804,
    "ndcg_exponential@10": 0.2978920448681025,
    "precision@1": 0.166,
    "precision@5": 0.07179999999999999,
    "precision@10": 0.0447,
    "recall@1": 0.166,
    "recall@5": 0.359,
    "recall@10": 0.447,
    "f1@1": 0.166,
    "f1@5": 0.11966666666666669,
    "f1@10": 0.08127272727272727,
    "map@1": 0.166,
    "map@5": 0.23988333333333334,
    "map@10": 0.25135515873015873,
    "mrr@1": 0.166,
    "mrr@5": 0.23988333333333334,
    "mrr@10": 0.25135515873015873,
    "num_pred": 1000,
    "num_data": 1000
}