{
    "hit@1": 0.381,
    "hit@5": 0.604,
    "hit@10": 0.681,
    "ndcg_linear@1": 0.381,
    "ndcg_linear@5": 0.4994333390273995,
    "ndcg_linear@10": 0.5245873536385949,
    "ndcg_exponential@1": 0.381,
    "ndcg_exponential@5": 0.4994333390273995,
    "ndcg_exponential@10": 0.5245873536385949,
    "precision@1": 0.381,
    "precision@5": 0.12079999999999998,
    "precision@10": 0.0681,
    "recall@1": 0.381,
    "recall@5": 0.604,
    "recall@10": 0.681,
    "f1@1": 0.381,
    "f1@5": 0.20133333333333336,
    "f1@10": 0.12381818181818184,
    "map@1": 0.381,
    "map@5": 0.4646666666666667,
    "map@10": 0.4751944444444445,
    "mrr@1": 0.381,
    "mrr@5": 0.4646666666666667,
    "mrr@10": 0.4751944444444445,
    "num_pred": 1000,
    "num_data": 1000
}