{
    "hit@1": 0.174,
    "hit@5": 0.219,
    "hit@10": 0.313,
    "ndcg_linear@1": 0.174,
    "ndcg_linear@5": 0.1976256131725231,
    "ndcg_linear@10": 0.22509119713949904,
    "ndcg_exponential@1": 0.174,
    "ndcg_exponential@5": 0.1976256131725231,
    "ndcg_exponential@10": 0.22509119713949904,
    "precision@1": 0.174,
    "precision@5": 0.0438,
    "precision@10": 0.0313,
    "recall@1": 0.174,
    "recall@5": 0.219,
    "recall@10": 0.313,
    "f1@1": 0.174,
    "f1@5": 0.073,
    "f1@10": 0.056909090909090916,
    "map@1": 0.174,
    "map@5": 0.19056666666666666,
    "map@10": 0.20025357142857142,
    "mrr@1": 0.174,
    "mrr@5": 0.19056666666666666,
    "mrr@10": 0.20025357142857142,
    "num_pred": 1000,
    "num_data": 1000
}