{
    "hit@1": 0.365,
    "hit@5": 0.599,
    "hit@10": 0.683,
    "ndcg_linear@1": 0.365,
    "ndcg_linear@5": 0.486496000862163,
    "ndcg_linear@10": 0.5139326751905253,
    "ndcg_exponential@1": 0.365,
    "ndcg_exponential@5": 0.486496000862163,
    "ndcg_exponential@10": 0.5139326751905253,
    "precision@1": 0.365,
    "precision@5": 0.11979999999999999,
    "precision@10": 0.06829999999999999,
    "recall@1": 0.365,
    "recall@5": 0.599,
    "recall@10": 0.683,
    "f1@1": 0.365,
    "f1@5": 0.19966666666666674,
    "f1@10": 0.12418181818181818,
    "map@1": 0.365,
    "map@5": 0.4493333333333333,
    "map@10": 0.4608202380952381,
    "mrr@1": 0.365,
    "mrr@5": 0.4493333333333333,
    "mrr@10": 0.4608202380952381,
    "num_pred": 1000,
    "num_data": 1000
}