{
    "hit@1": 0.007,
    "hit@5": 0.03,
    "hit@10": 0.051,
    "ndcg_linear@1": 0.007,
    "ndcg_linear@5": 0.01776420713224737,
    "ndcg_linear@10": 0.02451868365273881,
    "ndcg_exponential@1": 0.007,
    "ndcg_exponential@5": 0.01776420713224737,
    "ndcg_exponential@10": 0.02451868365273881,
    "precision@1": 0.007,
    "precision@5": 0.006,
    "precision@10": 0.0050999999999999995,
    "recall@1": 0.007,
    "recall@5": 0.03,
    "recall@10": 0.051,
    "f1@1": 0.007,
    "f1@5": 0.010000000000000002,
    "f1@10": 0.009272727272727273,
    "map@1": 0.007,
    "map@5": 0.013850000000000001,
    "map@10": 0.016617063492063495,
    "mrr@1": 0.007,
    "mrr@5": 0.013850000000000001,
    "mrr@10": 0.016617063492063495,
    "num_pred": 1000,
    "num_data": 1000
}