{
    "hit@1": 0.002,
    "hit@5": 0.019,
    "hit@10": 0.034,
    "ndcg_linear@1": 0.002,
    "ndcg_linear@5": 0.010781990368191401,
    "ndcg_linear@10": 0.015456936642930179,
    "ndcg_exponential@1": 0.002,
    "ndcg_exponential@5": 0.010781990368191401,
    "ndcg_exponential@10": 0.015456936642930179,
    "precision@1": 0.002,
    "precision@5": 0.0038000000000000004,
    "precision@10": 0.0034000000000000002,
    "recall@1": 0.002,
    "recall@5": 0.019,
    "recall@10": 0.034,
    "f1@1": 0.002,
    "f1@5": 0.006333333333333334,
    "f1@10": 0.0061818181818181816,
    "map@1": 0.002,
    "map@5": 0.008066666666666666,
    "map@10": 0.009892460317460317,
    "mrr@1": 0.002,
    "mrr@5": 0.008066666666666666,
    "mrr@10": 0.009892460317460317,
    "num_pred": 1000,
    "num_data": 1000
}