{
    "hit@1": 0.024,
    "hit@5": 0.1,
    "hit@10": 0.141,
    "ndcg_linear@1": 0.024,
    "ndcg_linear@5": 0.06277308563390571,
    "ndcg_linear@10": 0.07589377936632158,
    "ndcg_exponential@1": 0.024,
    "ndcg_exponential@5": 0.06277308563390571,
    "ndcg_exponential@10": 0.07589377936632158,
    "precision@1": 0.024,
    "precision@5": 0.02,
    "precision@10": 0.014100000000000001,
    "recall@1": 0.024,
    "recall@5": 0.1,
    "recall@10": 0.141,
    "f1@1": 0.024,
    "f1@5": 0.03333333333333333,
    "f1@10": 0.025636363636363638,
    "map@1": 0.024,
    "map@5": 0.05053333333333333,
    "map@10": 0.055863888888888893,
    "mrr@1": 0.024,
    "mrr@5": 0.05053333333333333,
    "mrr@10": 0.055863888888888893,
    "num_pred": 1000,
    "num_data": 1000
}