{
    "hit@1": 0.055,
    "hit@5": 0.214,
    "hit@10": 0.463,
    "ndcg_linear@1": 0.055,
    "ndcg_linear@5": 0.13235234175033328,
    "ndcg_linear@10": 0.21228953904190911,
    "ndcg_exponential@1": 0.055,
    "ndcg_exponential@5": 0.13235234175033328,
    "ndcg_exponential@10": 0.21228953904190911,
    "precision@1": 0.055,
    "precision@5": 0.042800000000000005,
    "precision@10": 0.046299999999999994,
    "recall@1": 0.055,
    "recall@5": 0.214,
    "recall@10": 0.463,
    "f1@1": 0.055,
    "f1@5": 0.07133333333333335,
    "f1@10": 0.08418181818181819,
    "map@1": 0.055,
    "map@5": 0.10585,
    "map@10": 0.1385051587301587,
    "mrr@1": 0.055,
    "mrr@5": 0.10585,
    "mrr@10": 0.1385051587301587,
    "num_pred": 1000,
    "num_data": 1000
}