{
    "hit@1": 0.001,
    "hit@5": 0.019,
    "hit@10": 0.033,
    "ndcg_linear@1": 0.001,
    "ndcg_linear@5": 0.009699013342503207,
    "ndcg_linear@10": 0.013940124100531668,
    "ndcg_exponential@1": 0.001,
    "ndcg_exponential@5": 0.009699013342503207,
    "ndcg_exponential@10": 0.013940124100531668,
    "precision@1": 0.001,
    "precision@5": 0.0038000000000000004,
    "precision@10": 0.003300000000000001,
    "recall@1": 0.001,
    "recall@5": 0.019,
    "recall@10": 0.033,
    "f1@1": 0.001,
    "f1@5": 0.006333333333333334,
    "f1@10": 0.006,
    "map@1": 0.001,
    "map@5": 0.006683333333333333,
    "map@10": 0.008269444444444444,
    "mrr@1": 0.001,
    "mrr@5": 0.006683333333333333,
    "mrr@10": 0.008269444444444444,
    "num_pred": 1000,
    "num_data": 1000
}