{
    "hit@1": 0.007,
    "hit@5": 0.02,
    "hit@10": 0.038,
    "ndcg_linear@1": 0.007,
    "ndcg_linear@5": 0.012770117461231738,
    "ndcg_linear@10": 0.01851114961184315,
    "ndcg_exponential@1": 0.007,
    "ndcg_exponential@5": 0.012770117461231738,
    "ndcg_exponential@10": 0.01851114961184315,
    "precision@1": 0.007,
    "precision@5": 0.004,
    "precision@10": 0.0038000000000000004,
    "recall@1": 0.007,
    "recall@5": 0.02,
    "recall@10": 0.038,
    "f1@1": 0.007,
    "f1@5": 0.006666666666666667,
    "f1@10": 0.006909090909090909,
    "map@1": 0.007,
    "map@5": 0.010466666666666666,
    "map@10": 0.012789285714285715,
    "mrr@1": 0.007,
    "mrr@5": 0.010466666666666666,
    "mrr@10": 0.012789285714285715,
    "num_pred": 1000,
    "num_data": 1000
}