{
    "hit@1": 0.009,
    "hit@5": 0.045,
    "hit@10": 0.069,
    "ndcg_linear@1": 0.009,
    "ndcg_linear@5": 0.028043875999829784,
    "ndcg_linear@10": 0.03573435380313354,
    "ndcg_exponential@1": 0.009,
    "ndcg_exponential@5": 0.028043875999829784,
    "ndcg_exponential@10": 0.03573435380313354,
    "precision@1": 0.009,
    "precision@5": 0.009,
    "precision@10": 0.006900000000000001,
    "recall@1": 0.009,
    "recall@5": 0.045,
    "recall@10": 0.069,
    "f1@1": 0.009,
    "f1@5": 0.015,
    "f1@10": 0.012545454545454545,
    "map@1": 0.009,
    "map@5": 0.022416666666666665,
    "map@10": 0.025549603174603176,
    "mrr@1": 0.009,
    "mrr@5": 0.022416666666666665,
    "mrr@10": 0.025549603174603176,
    "num_pred": 1000,
    "num_data": 1000
}