{
    "hit@1": 0.015,
    "hit@5": 0.126,
    "hit@10": 0.305,
    "ndcg_linear@1": 0.015,
    "ndcg_linear@5": 0.07048521038608739,
    "ndcg_linear@10": 0.12615887798390546,
    "ndcg_exponential@1": 0.015,
    "ndcg_exponential@5": 0.07048521038608739,
    "ndcg_exponential@10": 0.12615887798390546,
    "precision@1": 0.015,
    "precision@5": 0.025200000000000004,
    "precision@10": 0.0305,
    "recall@1": 0.015,
    "recall@5": 0.126,
    "recall@10": 0.305,
    "f1@1": 0.015,
    "f1@5": 0.042,
    "f1@10": 0.05545454545454545,
    "map@1": 0.015,
    "map@5": 0.052349999999999994,
    "map@10": 0.07406944444444444,
    "mrr@1": 0.015,
    "mrr@5": 0.052349999999999994,
    "mrr@10": 0.07406944444444444,
    "num_pred": 1000,
    "num_data": 1000
}