{
    "hit@1": 0.004,
    "hit@5": 0.013,
    "hit@10": 0.026,
    "ndcg_linear@1": 0.004,
    "ndcg_linear@5": 0.00821444760306672,
    "ndcg_linear@10": 0.012427521895259315,
    "ndcg_exponential@1": 0.004,
    "ndcg_exponential@5": 0.00821444760306672,
    "ndcg_exponential@10": 0.012427521895259315,
    "precision@1": 0.004,
    "precision@5": 0.0026000000000000007,
    "precision@10": 0.0026000000000000007,
    "recall@1": 0.004,
    "recall@5": 0.013,
    "recall@10": 0.026,
    "f1@1": 0.004,
    "f1@5": 0.004333333333333334,
    "f1@10": 0.004727272727272727,
    "map@1": 0.004,
    "map@5": 0.006683333333333334,
    "map@10": 0.008426984126984127,
    "mrr@1": 0.004,
    "mrr@5": 0.006683333333333334,
    "mrr@10": 0.008426984126984127,
    "num_pred": 1000,
    "num_data": 1000
}