{
    "hit@1": 0.001,
    "hit@5": 0.004,
    "hit@10": 0.008,
    "ndcg_linear@1": 0.001,
    "ndcg_linear@5": 0.0026487123143774565,
    "ndcg_linear@10": 0.0038528322970333814,
    "ndcg_exponential@1": 0.001,
    "ndcg_exponential@5": 0.0026487123143774565,
    "ndcg_exponential@10": 0.0038528322970333814,
    "precision@1": 0.001,
    "precision@5": 0.0008,
    "precision@10": 0.0008,
    "recall@1": 0.001,
    "recall@5": 0.004,
    "recall@10": 0.008,
    "f1@1": 0.001,
    "f1@5": 0.0013333333333333335,
    "f1@10": 0.0014545454545454547,
    "map@1": 0.001,
    "map@5": 0.0022,
    "map@10": 0.0026444444444444445,
    "mrr@1": 0.001,
    "mrr@5": 0.0022,
    "mrr@10": 0.0026444444444444445,
    "num_pred": 1000,
    "num_data": 1000
}