{
    "hit@1": 0.0,
    "hit@5": 0.007,
    "hit@10": 0.017,
    "ndcg_linear@1": 0.0,
    "ndcg_linear@5": 0.0036925360652163082,
    "ndcg_linear@10": 0.0069871875993207854,
    "ndcg_exponential@1": 0.0,
    "ndcg_exponential@5": 0.0036925360652163082,
    "ndcg_exponential@10": 0.0069871875993207854,
    "precision@1": 0.0,
    "precision@5": 0.0014000000000000002,
    "precision@10": 0.0017000000000000001,
    "recall@1": 0.0,
    "recall@5": 0.007,
    "recall@10": 0.017,
    "f1@1": 0.0,
    "f1@5": 0.0023333333333333335,
    "f1@10": 0.0030909090909090908,
    "map@1": 0.0,
    "map@5": 0.002583333333333333,
    "map@10": 0.003978968253968254,
    "mrr@1": 0.0,
    "mrr@5": 0.002583333333333333,
    "mrr@10": 0.003978968253968254,
    "num_pred": 1000,
    "num_data": 1000
}