{
    "hit@1": 0.004,
    "hit@5": 0.025,
    "hit@10": 0.039,
    "ndcg_linear@1": 0.004,
    "ndcg_linear@5": 0.01425001272467872,
    "ndcg_linear@10": 0.018646802857528202,
    "ndcg_exponential@1": 0.004,
    "ndcg_exponential@5": 0.01425001272467872,
    "ndcg_exponential@10": 0.018646802857528202,
    "precision@1": 0.004,
    "precision@5": 0.005,
    "precision@10": 0.0039000000000000003,
    "recall@1": 0.004,
    "recall@5": 0.025,
    "recall@10": 0.039,
    "f1@1": 0.004,
    "f1@5": 0.008333333333333333,
    "f1@10": 0.00709090909090909,
    "map@1": 0.004,
    "map@5": 0.01075,
    "map@10": 0.012488492063492064,
    "mrr@1": 0.004,
    "mrr@5": 0.01075,
    "mrr@10": 0.012488492063492064,
    "num_pred": 1000,
    "num_data": 1000
}