{
    "hit@1": 0.01,
    "hit@5": 0.016,
    "hit@10": 0.024,
    "ndcg_linear@1": 0.01,
    "ndcg_linear@5": 0.013323465818787766,
    "ndcg_linear@10": 0.01588873241210302,
    "ndcg_exponential@1": 0.01,
    "ndcg_exponential@5": 0.013323465818787766,
    "ndcg_exponential@10": 0.01588873241210302,
    "precision@1": 0.01,
    "precision@5": 0.0032,
    "precision@10": 0.0024000000000000002,
    "recall@1": 0.01,
    "recall@5": 0.016,
    "recall@10": 0.024,
    "f1@1": 0.01,
    "f1@5": 0.005333333333333334,
    "f1@10": 0.004363636363636363,
    "map@1": 0.01,
    "map@5": 0.012416666666666666,
    "map@10": 0.013461904761904762,
    "mrr@1": 0.01,
    "mrr@5": 0.012416666666666666,
    "mrr@10": 0.013461904761904762,
    "num_pred": 1000,
    "num_data": 1000
}