{
    "hit@1": 0.028,
    "hit@5": 0.106,
    "hit@10": 0.19,
    "ndcg_linear@1": 0.028,
    "ndcg_linear@5": 0.06705628905545848,
    "ndcg_linear@10": 0.09384495477772783,
    "ndcg_exponential@1": 0.028,
    "ndcg_exponential@5": 0.06705628905545848,
    "ndcg_exponential@10": 0.09384495477772783,
    "precision@1": 0.028,
    "precision@5": 0.021200000000000004,
    "precision@10": 0.019,
    "recall@1": 0.028,
    "recall@5": 0.106,
    "recall@10": 0.19,
    "f1@1": 0.028,
    "f1@5": 0.035333333333333335,
    "f1@10": 0.034545454545454546,
    "map@1": 0.028,
    "map@5": 0.054299999999999994,
    "map@10": 0.06513888888888889,
    "mrr@1": 0.028,
    "mrr@5": 0.054299999999999994,
    "mrr@10": 0.06513888888888889,
    "num_pred": 1000,
    "num_data": 1000
}