{
    "hit@1": 0.42,
    "hit@5": 0.646,
    "hit@10": 0.737,
    "ndcg_linear@1": 0.42,
    "ndcg_linear@5": 0.5415536886511351,
    "ndcg_linear@10": 0.5711841162622,
    "ndcg_exponential@1": 0.42,
    "ndcg_exponential@5": 0.5415536886511351,
    "ndcg_exponential@10": 0.5711841162622,
    "precision@1": 0.42,
    "precision@5": 0.12919999999999998,
    "precision@10": 0.07369999999999999,
    "recall@1": 0.42,
    "recall@5": 0.646,
    "recall@10": 0.737,
    "f1@1": 0.42,
    "f1@5": 0.21533333333333338,
    "f1@10": 0.134,
    "map@1": 0.42,
    "map@5": 0.5066833333333334,
    "map@10": 0.5190309523809524,
    "mrr@1": 0.42,
    "mrr@5": 0.5066833333333334,
    "mrr@10": 0.5190309523809524,
    "num_pred": 1000,
    "num_data": 1000
}