{
    "hit@1": 0.641,
    "hit@5": 0.908,
    "hit@10": 0.966,
    "ndcg_linear@1": 0.641,
    "ndcg_linear@5": 0.785795496345854,
    "ndcg_linear@10": 0.8049478085680055,
    "ndcg_exponential@1": 0.641,
    "ndcg_exponential@5": 0.785795496345854,
    "ndcg_exponential@10": 0.8049478085680055,
    "precision@1": 0.641,
    "precision@5": 0.1816,
    "precision@10": 0.09660000000000002,
    "recall@1": 0.641,
    "recall@5": 0.908,
    "recall@10": 0.966,
    "f1@1": 0.641,
    "f1@5": 0.30266666666666664,
    "f1@10": 0.17563636363636362,
    "map@1": 0.641,
    "map@5": 0.74485,
    "map@10": 0.752988492063492,
    "mrr@1": 0.641,
    "mrr@5": 0.74485,
    "mrr@10": 0.752988492063492,
    "num_pred": 1000,
    "num_data": 1000
}