{
    "hit@1": 0.689,
    "hit@5": 0.925,
    "hit@10": 0.976,
    "ndcg_linear@1": 0.689,
    "ndcg_linear@5": 0.8178547282327608,
    "ndcg_linear@10": 0.8347885114022848,
    "ndcg_exponential@1": 0.689,
    "ndcg_exponential@5": 0.8178547282327608,
    "ndcg_exponential@10": 0.8347885114022848,
    "precision@1": 0.689,
    "precision@5": 0.185,
    "precision@10": 0.09760000000000002,
    "recall@1": 0.689,
    "recall@5": 0.925,
    "recall@10": 0.976,
    "f1@1": 0.689,
    "f1@5": 0.30833333333333335,
    "f1@10": 0.17745454545454545,
    "map@1": 0.689,
    "map@5": 0.7818833333333334,
    "map@10": 0.7891261904761905,
    "mrr@1": 0.689,
    "mrr@5": 0.7818833333333334,
    "mrr@10": 0.7891261904761905,
    "num_pred": 1000,
    "num_data": 1000
}