{
    "hit@1": 0.209,
    "hit@5": 0.409,
    "hit@10": 0.612,
    "ndcg_linear@1": 0.209,
    "ndcg_linear@5": 0.31184974077900374,
    "ndcg_linear@10": 0.3757835931374846,
    "ndcg_exponential@1": 0.209,
    "ndcg_exponential@5": 0.31184974077900374,
    "ndcg_exponential@10": 0.3757835931374846,
    "precision@1": 0.209,
    "precision@5": 0.0818,
    "precision@10": 0.0612,
    "recall@1": 0.209,
    "recall@5": 0.409,
    "recall@10": 0.612,
    "f1@1": 0.209,
    "f1@5": 0.13633333333333336,
    "f1@10": 0.11127272727272729,
    "map@1": 0.209,
    "map@5": 0.2798833333333333,
    "map@10": 0.3052714285714286,
    "mrr@1": 0.209,
    "mrr@5": 0.2798833333333333,
    "mrr@10": 0.3052714285714286,
    "num_pred": 1000,
    "num_data": 1000
}