{
    "hit@1": 0.247,
    "hit@5": 0.515,
    "hit@10": 0.61,
    "ndcg_linear@1": 0.247,
    "ndcg_linear@5": 0.38902158027701317,
    "ndcg_linear@10": 0.4199854071950872,
    "ndcg_exponential@1": 0.247,
    "ndcg_exponential@5": 0.38902158027701317,
    "ndcg_exponential@10": 0.4199854071950872,
    "precision@1": 0.247,
    "precision@5": 0.103,
    "precision@10": 0.06099999999999999,
    "recall@1": 0.247,
    "recall@5": 0.515,
    "recall@10": 0.61,
    "f1@1": 0.247,
    "f1@5": 0.17166666666666672,
    "f1@10": 0.11090909090909093,
    "map@1": 0.247,
    "map@5": 0.3471166666666667,
    "map@10": 0.36003611111111117,
    "mrr@1": 0.247,
    "mrr@5": 0.3471166666666667,
    "mrr@10": 0.36003611111111117,
    "num_pred": 1000,
    "num_data": 1000
}