{
    "hit@1": 0.337,
    "hit@5": 0.545,
    "hit@10": 0.616,
    "ndcg_linear@1": 0.337,
    "ndcg_linear@5": 0.44656189368109495,
    "ndcg_linear@10": 0.4696726962701924,
    "ndcg_exponential@1": 0.337,
    "ndcg_exponential@5": 0.44656189368109495,
    "ndcg_exponential@10": 0.4696726962701924,
    "precision@1": 0.337,
    "precision@5": 0.109,
    "precision@10": 0.061599999999999995,
    "recall@1": 0.337,
    "recall@5": 0.545,
    "recall@10": 0.616,
    "f1@1": 0.337,
    "f1@5": 0.18166666666666673,
    "f1@10": 0.11200000000000003,
    "map@1": 0.337,
    "map@5": 0.4139333333333333,
    "map@10": 0.4235595238095238,
    "mrr@1": 0.337,
    "mrr@5": 0.4139333333333333,
    "mrr@10": 0.4235595238095238,
    "num_pred": 1000,
    "num_data": 1000
}