{
    "hit@1": 0.386,
    "hit@5": 0.609,
    "hit@10": 0.673,
    "ndcg_linear@1": 0.386,
    "ndcg_linear@5": 0.5057034578389072,
    "ndcg_linear@10": 0.5263280999847166,
    "ndcg_exponential@1": 0.386,
    "ndcg_exponential@5": 0.5057034578389072,
    "ndcg_exponential@10": 0.5263280999847166,
    "precision@1": 0.386,
    "precision@5": 0.12179999999999999,
    "precision@10": 0.06729999999999998,
    "recall@1": 0.386,
    "recall@5": 0.609,
    "recall@10": 0.673,
    "f1@1": 0.386,
    "f1@5": 0.20300000000000007,
    "f1@10": 0.12236363636363637,
    "map@1": 0.386,
    "map@5": 0.4711666666666666,
    "map@10": 0.4796404761904762,
    "mrr@1": 0.386,
    "mrr@5": 0.4711666666666666,
    "mrr@10": 0.4796404761904762,
    "num_pred": 1000,
    "num_data": 1000
}