{
    "hit@1": 0.357,
    "hit@5": 0.696,
    "hit@10": 0.888,
    "ndcg_linear@1": 0.357,
    "ndcg_linear@5": 0.5372883977377276,
    "ndcg_linear@10": 0.599798935407528,
    "ndcg_exponential@1": 0.357,
    "ndcg_exponential@5": 0.5372883977377276,
    "ndcg_exponential@10": 0.599798935407528,
    "precision@1": 0.357,
    "precision@5": 0.1392,
    "precision@10": 0.08880000000000002,
    "recall@1": 0.357,
    "recall@5": 0.696,
    "recall@10": 0.888,
    "f1@1": 0.357,
    "f1@5": 0.23200000000000007,
    "f1@10": 0.16145454545454543,
    "map@1": 0.357,
    "map@5": 0.48451666666666665,
    "map@10": 0.5105666666666666,
    "mrr@1": 0.357,
    "mrr@5": 0.48451666666666665,
    "mrr@10": 0.5105666666666666,
    "num_pred": 1000,
    "num_data": 1000
}