{
    "hit@1": 0.487,
    "hit@5": 0.74,
    "hit@10": 0.822,
    "ndcg_linear@1": 0.487,
    "ndcg_linear@5": 0.6225305633847852,
    "ndcg_linear@10": 0.6489149386645235,
    "ndcg_exponential@1": 0.487,
    "ndcg_exponential@5": 0.6225305633847852,
    "ndcg_exponential@10": 0.6489149386645235,
    "precision@1": 0.487,
    "precision@5": 0.148,
    "precision@10": 0.0822,
    "recall@1": 0.487,
    "recall@5": 0.74,
    "recall@10": 0.822,
    "f1@1": 0.487,
    "f1@5": 0.2466666666666667,
    "f1@10": 0.14945454545454548,
    "map@1": 0.487,
    "map@5": 0.5833666666666667,
    "map@10": 0.5941797619047618,
    "mrr@1": 0.487,
    "mrr@5": 0.5833666666666667,
    "mrr@10": 0.5941797619047618,
    "num_pred": 1000,
    "num_data": 1000
}