{
    "hit@1": 0.263,
    "hit@5": 0.504,
    "hit@10": 0.621,
    "ndcg_linear@1": 0.263,
    "ndcg_linear@5": 0.3874065720085454,
    "ndcg_linear@10": 0.4251252179044794,
    "ndcg_exponential@1": 0.263,
    "ndcg_exponential@5": 0.3874065720085454,
    "ndcg_exponential@10": 0.4251252179044794,
    "precision@1": 0.263,
    "precision@5": 0.10079999999999999,
    "precision@10": 0.062099999999999995,
    "recall@1": 0.263,
    "recall@5": 0.504,
    "recall@10": 0.621,
    "f1@1": 0.263,
    "f1@5": 0.16800000000000007,
    "f1@10": 0.11290909090909093,
    "map@1": 0.263,
    "map@5": 0.34901666666666664,
    "map@10": 0.3645103174603174,
    "mrr@1": 0.263,
    "mrr@5": 0.34901666666666664,
    "mrr@10": 0.3645103174603174,
    "num_pred": 1000,
    "num_data": 1000
}