{
    "hit@1": 0.583,
    "hit@5": 0.847,
    "hit@10": 0.91,
    "ndcg_linear@1": 0.583,
    "ndcg_linear@5": 0.7240371975171769,
    "ndcg_linear@10": 0.7446650500499024,
    "ndcg_exponential@1": 0.583,
    "ndcg_exponential@5": 0.7240371975171769,
    "ndcg_exponential@10": 0.7446650500499024,
    "precision@1": 0.583,
    "precision@5": 0.1694,
    "precision@10": 0.091,
    "recall@1": 0.583,
    "recall@5": 0.847,
    "recall@10": 0.91,
    "f1@1": 0.583,
    "f1@5": 0.2823333333333334,
    "f1@10": 0.16545454545454547,
    "map@1": 0.583,
    "map@5": 0.6830666666666666,
    "map@10": 0.6917313492063493,
    "mrr@1": 0.583,
    "mrr@5": 0.6830666666666666,
    "mrr@10": 0.6917313492063493,
    "num_pred": 1000,
    "num_data": 1000
}