{
    "hit@1": 0.389,
    "hit@5": 0.678,
    "hit@10": 0.791,
    "ndcg_linear@1": 0.389,
    "ndcg_linear@5": 0.5441164824586521,
    "ndcg_linear@10": 0.5806426030562071,
    "ndcg_exponential@1": 0.389,
    "ndcg_exponential@5": 0.5441164824586521,
    "ndcg_exponential@10": 0.5806426030562071,
    "precision@1": 0.389,
    "precision@5": 0.1356,
    "precision@10": 0.07909999999999999,
    "recall@1": 0.389,
    "recall@5": 0.678,
    "recall@10": 0.791,
    "f1@1": 0.389,
    "f1@5": 0.22600000000000006,
    "f1@10": 0.14381818181818182,
    "map@1": 0.389,
    "map@5": 0.4994666666666666,
    "map@10": 0.5145380952380951,
    "mrr@1": 0.389,
    "mrr@5": 0.4994666666666666,
    "mrr@10": 0.5145380952380951,
    "num_pred": 1000,
    "num_data": 1000
}