{
    "hit@1": 0.048,
    "hit@5": 0.147,
    "hit@10": 0.21,
    "ndcg_linear@1": 0.048,
    "ndcg_linear@5": 0.09796275734929187,
    "ndcg_linear@10": 0.11863449583594203,
    "ndcg_exponential@1": 0.048,
    "ndcg_exponential@5": 0.09796275734929187,
    "ndcg_exponential@10": 0.11863449583594203,
    "precision@1": 0.048,
    "precision@5": 0.029400000000000006,
    "precision@10": 0.021000000000000005,
    "recall@1": 0.048,
    "recall@5": 0.147,
    "recall@10": 0.21,
    "f1@1": 0.048,
    "f1@5": 0.049,
    "f1@10": 0.038181818181818185,
    "map@1": 0.048,
    "map@5": 0.08193333333333333,
    "map@10": 0.09064365079365079,
    "mrr@1": 0.048,
    "mrr@5": 0.08193333333333333,
    "mrr@10": 0.09064365079365079,
    "num_pred": 1000,
    "num_data": 1000
}