{
    "hit@1": 0.142,
    "hit@5": 0.332,
    "hit@10": 0.444,
    "ndcg_linear@1": 0.142,
    "ndcg_linear@5": 0.24059614057622572,
    "ndcg_linear@10": 0.2764007597730388,
    "ndcg_exponential@1": 0.142,
    "ndcg_exponential@5": 0.24059614057622572,
    "ndcg_exponential@10": 0.2764007597730388,
    "precision@1": 0.142,
    "precision@5": 0.0664,
    "precision@10": 0.0444,
    "recall@1": 0.142,
    "recall@5": 0.332,
    "recall@10": 0.444,
    "f1@1": 0.142,
    "f1@5": 0.11066666666666669,
    "f1@10": 0.08072727272727274,
    "map@1": 0.142,
    "map@5": 0.21038333333333334,
    "map@10": 0.22492063492063494,
    "mrr@1": 0.142,
    "mrr@5": 0.21038333333333334,
    "mrr@10": 0.22492063492063494,
    "num_pred": 1000,
    "num_data": 1000
}