{
    "hit@1": 0.346,
    "hit@5": 0.58,
    "hit@10": 0.694,
    "ndcg_linear@1": 0.346,
    "ndcg_linear@5": 0.46976521965538076,
    "ndcg_linear@10": 0.5070305652584108,
    "ndcg_exponential@1": 0.346,
    "ndcg_exponential@5": 0.46976521965538076,
    "ndcg_exponential@10": 0.5070305652584108,
    "precision@1": 0.346,
    "precision@5": 0.116,
    "precision@10": 0.0694,
    "recall@1": 0.346,
    "recall@5": 0.58,
    "recall@10": 0.694,
    "f1@1": 0.346,
    "f1@5": 0.19333333333333338,
    "f1@10": 0.1261818181818182,
    "map@1": 0.346,
    "map@5": 0.43315,
    "map@10": 0.4487587301587302,
    "mrr@1": 0.346,
    "mrr@5": 0.43315,
    "mrr@10": 0.4487587301587302,
    "num_pred": 1000,
    "num_data": 1000
}