{
    "hit@1": 0.128,
    "hit@5": 0.297,
    "hit@10": 0.384,
    "ndcg_linear@1": 0.128,
    "ndcg_linear@5": 0.21711983414115413,
    "ndcg_linear@10": 0.2453122398501172,
    "ndcg_exponential@1": 0.128,
    "ndcg_exponential@5": 0.21711983414115413,
    "ndcg_exponential@10": 0.2453122398501172,
    "precision@1": 0.128,
    "precision@5": 0.0594,
    "precision@10": 0.0384,
    "recall@1": 0.128,
    "recall@5": 0.297,
    "recall@10": 0.384,
    "f1@1": 0.128,
    "f1@5": 0.09900000000000002,
    "f1@10": 0.06981818181818182,
    "map@1": 0.128,
    "map@5": 0.19055000000000002,
    "map@10": 0.20220992063492066,
    "mrr@1": 0.128,
    "mrr@5": 0.19055000000000002,
    "mrr@10": 0.20220992063492066,
    "num_pred": 1000,
    "num_data": 1000
}