{
    "hit@1": 0.346,
    "hit@5": 0.634,
    "hit@10": 0.717,
    "ndcg_linear@1": 0.346,
    "ndcg_linear@5": 0.49894043685225586,
    "ndcg_linear@10": 0.5260257774433856,
    "ndcg_exponential@1": 0.346,
    "ndcg_exponential@5": 0.49894043685225586,
    "ndcg_exponential@10": 0.5260257774433856,
    "precision@1": 0.346,
    "precision@5": 0.1268,
    "precision@10": 0.07169999999999999,
    "recall@1": 0.346,
    "recall@5": 0.634,
    "recall@10": 0.717,
    "f1@1": 0.346,
    "f1@5": 0.2113333333333334,
    "f1@10": 0.13036363636363638,
    "map@1": 0.346,
    "map@5": 0.4539833333333333,
    "map@10": 0.46530873015873014,
    "mrr@1": 0.346,
    "mrr@5": 0.4539833333333333,
    "mrr@10": 0.46530873015873014,
    "num_pred": 1000,
    "num_data": 1000
}