{
    "hit@1": 0.165,
    "hit@5": 0.376,
    "hit@10": 0.484,
    "ndcg_linear@1": 0.165,
    "ndcg_linear@5": 0.27480003349881404,
    "ndcg_linear@10": 0.30992954920605414,
    "ndcg_exponential@1": 0.165,
    "ndcg_exponential@5": 0.27480003349881404,
    "ndcg_exponential@10": 0.30992954920605414,
    "precision@1": 0.165,
    "precision@5": 0.07519999999999999,
    "precision@10": 0.0484,
    "recall@1": 0.165,
    "recall@5": 0.376,
    "recall@10": 0.484,
    "f1@1": 0.165,
    "f1@5": 0.12533333333333335,
    "f1@10": 0.08800000000000001,
    "map@1": 0.165,
    "map@5": 0.24141666666666667,
    "map@10": 0.2560297619047619,
    "mrr@1": 0.165,
    "mrr@5": 0.24141666666666667,
    "mrr@10": 0.2560297619047619,
    "num_pred": 1000,
    "num_data": 1000
}