{
    "hit@1": 0.086,
    "hit@5": 0.23,
    "hit@10": 0.308,
    "ndcg_linear@1": 0.086,
    "ndcg_linear@5": 0.16036979394170386,
    "ndcg_linear@10": 0.1854347281742841,
    "ndcg_exponential@1": 0.086,
    "ndcg_exponential@5": 0.16036979394170386,
    "ndcg_exponential@10": 0.1854347281742841,
    "precision@1": 0.086,
    "precision@5": 0.046,
    "precision@10": 0.030799999999999998,
    "recall@1": 0.086,
    "recall@5": 0.23,
    "recall@10": 0.308,
    "f1@1": 0.086,
    "f1@5": 0.07666666666666669,
    "f1@10": 0.056,
    "map@1": 0.086,
    "map@5": 0.13741666666666666,
    "map@10": 0.1476734126984127,
    "mrr@1": 0.086,
    "mrr@5": 0.13741666666666666,
    "mrr@10": 0.1476734126984127,
    "num_pred": 1000,
    "num_data": 1000
}