{
    "hit@1": 0.553,
    "hit@5": 0.849,
    "hit@10": 0.921,
    "ndcg_linear@1": 0.553,
    "ndcg_linear@5": 0.7131989186605331,
    "ndcg_linear@10": 0.7365887752814944,
    "ndcg_exponential@1": 0.553,
    "ndcg_exponential@5": 0.7131989186605331,
    "ndcg_exponential@10": 0.7365887752814944,
    "precision@1": 0.553,
    "precision@5": 0.1698,
    "precision@10": 0.09210000000000002,
    "recall@1": 0.553,
    "recall@5": 0.849,
    "recall@10": 0.921,
    "f1@1": 0.553,
    "f1@5": 0.28300000000000003,
    "f1@10": 0.16745454545454544,
    "map@1": 0.553,
    "map@5": 0.6677166666666667,
    "map@10": 0.6774309523809525,
    "mrr@1": 0.553,
    "mrr@5": 0.6677166666666667,
    "mrr@10": 0.6774309523809525,
    "num_pred": 1000,
    "num_data": 1000
}