{
    "hit@1": 0.485,
    "hit@5": 0.761,
    "hit@10": 0.852,
    "ndcg_linear@1": 0.485,
    "ndcg_linear@5": 0.6343186993105521,
    "ndcg_linear@10": 0.6639345334455522,
    "ndcg_exponential@1": 0.485,
    "ndcg_exponential@5": 0.6343186993105521,
    "ndcg_exponential@10": 0.6639345334455522,
    "precision@1": 0.485,
    "precision@5": 0.1522,
    "precision@10": 0.0852,
    "recall@1": 0.485,
    "recall@5": 0.761,
    "recall@10": 0.852,
    "f1@1": 0.485,
    "f1@5": 0.2536666666666667,
    "f1@10": 0.1549090909090909,
    "map@1": 0.485,
    "map@5": 0.5920333333333333,
    "map@10": 0.6043694444444444,
    "mrr@1": 0.485,
    "mrr@5": 0.5920333333333333,
    "mrr@10": 0.6043694444444444,
    "num_pred": 1000,
    "num_data": 1000
}