{
    "hit@1": 0.0,
    "hit@5": 0.007,
    "hit@10": 0.016,
    "ndcg_linear@1": 0.0,
    "ndcg_linear@5": 0.0033098122350261783,
    "ndcg_linear@10": 0.006052891381796813,
    "ndcg_exponential@1": 0.0,
    "ndcg_exponential@5": 0.0033098122350261783,
    "ndcg_exponential@10": 0.006052891381796813,
    "precision@1": 0.0,
    "precision@5": 0.0014000000000000002,
    "precision@10": 0.0016,
    "recall@1": 0.0,
    "recall@5": 0.007,
    "recall@10": 0.016,
    "f1@1": 0.0,
    "f1@5": 0.0023333333333333335,
    "f1@10": 0.0029090909090909093,
    "map@1": 0.0,
    "map@5": 0.0021166666666666664,
    "map@10": 0.00315,
    "mrr@1": 0.0,
    "mrr@5": 0.0021166666666666664,
    "mrr@10": 0.00315,
    "num_pred": 1000,
    "num_data": 1000
}