{
    "hit@1": 0.0,
    "hit@5": 0.003,
    "hit@10": 0.006,
    "ndcg_linear@1": 0.0,
    "ndcg_linear@5": 0.0012482059233813278,
    "ndcg_linear@10": 0.0022939536309307057,
    "ndcg_exponential@1": 0.0,
    "ndcg_exponential@5": 0.0012482059233813278,
    "ndcg_exponential@10": 0.0022939536309307057,
    "precision@1": 0.0,
    "precision@5": 0.0006000000000000001,
    "precision@10": 0.0006,
    "recall@1": 0.0,
    "recall@5": 0.003,
    "recall@10": 0.006,
    "f1@1": 0.0,
    "f1@5": 0.001,
    "f1@10": 0.001090909090909091,
    "map@1": 0.0,
    "map@5": 0.0007,
    "map@10": 0.0011761904761904763,
    "mrr@1": 0.0,
    "mrr@5": 0.0007,
    "mrr@10": 0.0011761904761904763,
    "num_pred": 1000,
    "num_data": 1000
}