{
    "hit@1": 0.003,
    "hit@5": 0.015,
    "hit@10": 0.033,
    "ndcg_linear@1": 0.003,
    "ndcg_linear@5": 0.00853251846731975,
    "ndcg_linear@10": 0.014208943942592462,
    "ndcg_exponential@1": 0.003,
    "ndcg_exponential@5": 0.00853251846731975,
    "ndcg_exponential@10": 0.014208943942592462,
    "precision@1": 0.003,
    "precision@5": 0.0030000000000000005,
    "precision@10": 0.0033000000000000004,
    "recall@1": 0.003,
    "recall@5": 0.015,
    "recall@10": 0.033,
    "f1@1": 0.003,
    "f1@5": 0.005,
    "f1@10": 0.006,
    "map@1": 0.003,
    "map@5": 0.006449999999999999,
    "map@10": 0.008709126984126984,
    "mrr@1": 0.003,
    "mrr@5": 0.006449999999999999,
    "mrr@10": 0.008709126984126984,
    "num_pred": 1000,
    "num_data": 1000
}