{
    "hit@1": 0.005,
    "hit@5": 0.019,
    "hit@10": 0.042,
    "ndcg_linear@1": 0.005,
    "ndcg_linear@5": 0.0121587777449017,
    "ndcg_linear@10": 0.019444830941772403,
    "ndcg_exponential@1": 0.005,
    "ndcg_exponential@5": 0.0121587777449017,
    "ndcg_exponential@10": 0.019444830941772403,
    "precision@1": 0.005,
    "precision@5": 0.0038000000000000004,
    "precision@10": 0.004200000000000001,
    "recall@1": 0.005,
    "recall@5": 0.019,
    "recall@10": 0.042,
    "f1@1": 0.005,
    "f1@5": 0.006333333333333334,
    "f1@10": 0.0076363636363636364,
    "map@1": 0.005,
    "map@5": 0.0099,
    "map@10": 0.012815873015873017,
    "mrr@1": 0.005,
    "mrr@5": 0.0099,
    "mrr@10": 0.012815873015873017,
    "num_pred": 1000,
    "num_data": 1000
}