{
    "hit@1": 0.232,
    "hit@5": 0.464,
    "hit@10": 0.58,
    "ndcg_linear@1": 0.232,
    "ndcg_linear@5": 0.3506078814023001,
    "ndcg_linear@10": 0.38793118833821816,
    "ndcg_exponential@1": 0.232,
    "ndcg_exponential@5": 0.3506078814023001,
    "ndcg_exponential@10": 0.38793118833821816,
    "precision@1": 0.232,
    "precision@5": 0.0928,
    "precision@10": 0.05799999999999999,
    "recall@1": 0.232,
    "recall@5": 0.464,
    "recall@10": 0.58,
    "f1@1": 0.232,
    "f1@5": 0.1546666666666667,
    "f1@10": 0.10545454545454548,
    "map@1": 0.232,
    "map@5": 0.3133666666666667,
    "map@10": 0.328659126984127,
    "mrr@1": 0.232,
    "mrr@5": 0.3133666666666667,
    "mrr@10": 0.328659126984127,
    "num_pred": 1000,
    "num_data": 1000
}