{
    "hit@1": 0.12,
    "hit@5": 0.276,
    "hit@10": 0.366,
    "ndcg_linear@1": 0.12,
    "ndcg_linear@5": 0.19979634084759482,
    "ndcg_linear@10": 0.22877161621802214,
    "ndcg_exponential@1": 0.12,
    "ndcg_exponential@5": 0.19979634084759482,
    "ndcg_exponential@10": 0.22877161621802214,
    "precision@1": 0.12,
    "precision@5": 0.055200000000000006,
    "precision@10": 0.0366,
    "recall@1": 0.12,
    "recall@5": 0.276,
    "recall@10": 0.366,
    "f1@1": 0.12,
    "f1@5": 0.09200000000000001,
    "f1@10": 0.06654545454545456,
    "map@1": 0.12,
    "map@5": 0.17475,
    "map@10": 0.18663492063492063,
    "mrr@1": 0.12,
    "mrr@5": 0.17475,
    "mrr@10": 0.18663492063492063,
    "num_pred": 1000,
    "num_data": 1000
}