{
    "hit@1": 0.684,
    "hit@5": 0.925,
    "hit@10": 0.976,
    "ndcg_linear@1": 0.684,
    "ndcg_linear@5": 0.815297818521601,
    "ndcg_linear@10": 0.8321444779039523,
    "ndcg_exponential@1": 0.684,
    "ndcg_exponential@5": 0.815297818521601,
    "ndcg_exponential@10": 0.8321444779039523,
    "precision@1": 0.684,
    "precision@5": 0.185,
    "precision@10": 0.09760000000000002,
    "recall@1": 0.684,
    "recall@5": 0.925,
    "recall@10": 0.976,
    "f1@1": 0.684,
    "f1@5": 0.30833333333333335,
    "f1@10": 0.17745454545454545,
    "map@1": 0.684,
    "map@5": 0.7785333333333333,
    "map@10": 0.7856948412698412,
    "mrr@1": 0.684,
    "mrr@5": 0.7785333333333333,
    "mrr@10": 0.7856948412698412,
    "num_pred": 1000,
    "num_data": 1000
}