{
    "hit@1": 0.0,
    "hit@5": 0.005,
    "hit@10": 0.005,
    "ndcg_linear@1": 0.0,
    "ndcg_linear@5": 0.002892789260714372,
    "ndcg_linear@10": 0.002892789260714372,
    "ndcg_exponential@1": 0.0,
    "ndcg_exponential@5": 0.002892789260714372,
    "ndcg_exponential@10": 0.002892789260714372,
    "precision@1": 0.0,
    "precision@5": 0.001,
    "precision@10": 0.0005,
    "recall@1": 0.0,
    "recall@5": 0.005,
    "recall@10": 0.005,
    "f1@1": 0.0,
    "f1@5": 0.001666666666666667,
    "f1@10": 0.0009090909090909092,
    "map@1": 0.0,
    "map@5": 0.0021666666666666666,
    "map@10": 0.0021666666666666666,
    "mrr@1": 0.0,
    "mrr@5": 0.0021666666666666666,
    "mrr@10": 0.0021666666666666666,
    "num_pred": 1000,
    "num_data": 1000
}