{
    "hit@1": 0.005,
    "hit@5": 0.017,
    "hit@10": 0.028,
    "ndcg_linear@1": 0.005,
    "ndcg_linear@5": 0.010444870965642047,
    "ndcg_linear@10": 0.014060890663733765,
    "ndcg_exponential@1": 0.005,
    "ndcg_exponential@5": 0.010444870965642047,
    "ndcg_exponential@10": 0.014060890663733765,
    "precision@1": 0.005,
    "precision@5": 0.0034000000000000002,
    "precision@10": 0.0028,
    "recall@1": 0.005,
    "recall@5": 0.017,
    "recall@10": 0.028,
    "f1@1": 0.005,
    "f1@5": 0.005666666666666667,
    "f1@10": 0.005090909090909091,
    "map@1": 0.005,
    "map@5": 0.00835,
    "map@10": 0.009877380952380953,
    "mrr@1": 0.005,
    "mrr@5": 0.00835,
    "mrr@10": 0.009877380952380953,
    "num_pred": 1000,
    "num_data": 1000
}