{
    "hit@1": 0.001,
    "hit@5": 0.007,
    "hit@10": 0.02,
    "ndcg_linear@1": 0.001,
    "ndcg_linear@5": 0.004279642067948914,
    "ndcg_linear@10": 0.008349160749609648,
    "ndcg_exponential@1": 0.001,
    "ndcg_exponential@5": 0.004279642067948914,
    "ndcg_exponential@10": 0.008349160749609648,
    "precision@1": 0.001,
    "precision@5": 0.0014,
    "precision@10": 0.002,
    "recall@1": 0.001,
    "recall@5": 0.007,
    "recall@10": 0.02,
    "f1@1": 0.001,
    "f1@5": 0.0023333333333333335,
    "f1@10": 0.003636363636363637,
    "map@1": 0.001,
    "map@5": 0.0033666666666666667,
    "map@10": 0.004966666666666667,
    "mrr@1": 0.001,
    "mrr@5": 0.0033666666666666667,
    "mrr@10": 0.004966666666666667,
    "num_pred": 1000,
    "num_data": 1000
}