{
    "hit@1": 0.003,
    "hit@5": 0.005,
    "hit@10": 0.006,
    "ndcg_linear@1": 0.003,
    "ndcg_linear@5": 0.004130929753571458,
    "ndcg_linear@10": 0.004464263086904791,
    "ndcg_exponential@1": 0.003,
    "ndcg_exponential@5": 0.004130929753571458,
    "ndcg_exponential@10": 0.004464263086904791,
    "precision@1": 0.003,
    "precision@5": 0.001,
    "precision@10": 0.0006,
    "recall@1": 0.003,
    "recall@5": 0.005,
    "recall@10": 0.006,
    "f1@1": 0.003,
    "f1@5": 0.001666666666666667,
    "f1@10": 0.0010909090909090907,
    "map@1": 0.003,
    "map@5": 0.003833333333333333,
    "map@10": 0.003976190476190476,
    "mrr@1": 0.003,
    "mrr@5": 0.003833333333333333,
    "mrr@10": 0.003976190476190476,
    "num_pred": 1000,
    "num_data": 1000
}