{
    "hit@1": 0.326,
    "hit@5": 0.593,
    "hit@10": 0.708,
    "ndcg_linear@1": 0.326,
    "ndcg_linear@5": 0.4669712785737495,
    "ndcg_linear@10": 0.5041917864940298,
    "ndcg_exponential@1": 0.326,
    "ndcg_exponential@5": 0.4669712785737495,
    "ndcg_exponential@10": 0.5041917864940298,
    "precision@1": 0.326,
    "precision@5": 0.1186,
    "precision@10": 0.07079999999999999,
    "recall@1": 0.326,
    "recall@5": 0.593,
    "recall@10": 0.708,
    "f1@1": 0.326,
    "f1@5": 0.1976666666666667,
    "f1@10": 0.12872727272727275,
    "map@1": 0.326,
    "map@5": 0.4251166666666667,
    "map@10": 0.4405059523809524,
    "mrr@1": 0.326,
    "mrr@5": 0.4251166666666667,
    "mrr@10": 0.4405059523809524,
    "num_pred": 1000,
    "num_data": 1000
}