{
    "hit@1": 0.63,
    "hit@5": 0.867,
    "hit@10": 0.943,
    "ndcg_linear@1": 0.63,
    "ndcg_linear@5": 0.7580341515380227,
    "ndcg_linear@10": 0.7830792263732972,
    "ndcg_exponential@1": 0.63,
    "ndcg_exponential@5": 0.7580341515380227,
    "ndcg_exponential@10": 0.7830792263732972,
    "precision@1": 0.63,
    "precision@5": 0.1734,
    "precision@10": 0.09430000000000001,
    "recall@1": 0.63,
    "recall@5": 0.867,
    "recall@10": 0.943,
    "f1@1": 0.63,
    "f1@5": 0.289,
    "f1@10": 0.17145454545454544,
    "map@1": 0.63,
    "map@5": 0.7216333333333333,
    "map@10": 0.7322392857142856,
    "mrr@1": 0.63,
    "mrr@5": 0.7216333333333333,
    "mrr@10": 0.7322392857142856,
    "num_pred": 1000,
    "num_data": 1000
}