{
    "hit@1": 0.681,
    "hit@5": 0.915,
    "hit@10": 0.956,
    "ndcg_linear@1": 0.681,
    "ndcg_linear@5": 0.8105733322876435,
    "ndcg_linear@10": 0.824178140236826,
    "ndcg_exponential@1": 0.681,
    "ndcg_exponential@5": 0.8105733322876435,
    "ndcg_exponential@10": 0.824178140236826,
    "precision@1": 0.681,
    "precision@5": 0.18300000000000002,
    "precision@10": 0.09560000000000002,
    "recall@1": 0.681,
    "recall@5": 0.915,
    "recall@10": 0.956,
    "f1@1": 0.681,
    "f1@5": 0.305,
    "f1@10": 0.17381818181818182,
    "map@1": 0.681,
    "map@5": 0.77535,
    "map@10": 0.781165873015873,
    "mrr@1": 0.681,
    "mrr@5": 0.77535,
    "mrr@10": 0.781165873015873,
    "num_pred": 1000,
    "num_data": 1000
}