{
    "hit@1": 0.014,
    "hit@5": 0.032,
    "hit@10": 0.057,
    "ndcg_linear@1": 0.014,
    "ndcg_linear@5": 0.022845377356638177,
    "ndcg_linear@10": 0.030802944022459564,
    "ndcg_exponential@1": 0.014,
    "ndcg_exponential@5": 0.022845377356638177,
    "ndcg_exponential@10": 0.030802944022459564,
    "precision@1": 0.014,
    "precision@5": 0.0064,
    "precision@10": 0.0057,
    "recall@1": 0.014,
    "recall@5": 0.032,
    "recall@10": 0.057,
    "f1@1": 0.014,
    "f1@5": 0.010666666666666668,
    "f1@10": 0.010363636363636363,
    "map@1": 0.014,
    "map@5": 0.019850000000000003,
    "map@10": 0.02305992063492063,
    "mrr@1": 0.014,
    "mrr@5": 0.019850000000000003,
    "mrr@10": 0.02305992063492063,
    "num_pred": 1000,
    "num_data": 1000
}