{
    "hit@1": 0.075,
    "hit@5": 0.347,
    "hit@10": 0.463,
    "ndcg_linear@1": 0.075,
    "ndcg_linear@5": 0.21759449052190113,
    "ndcg_linear@10": 0.2550550139328757,
    "ndcg_exponential@1": 0.075,
    "ndcg_exponential@5": 0.21759449052190113,
    "ndcg_exponential@10": 0.2550550139328757,
    "precision@1": 0.075,
    "precision@5": 0.0694,
    "precision@10": 0.046299999999999994,
    "recall@1": 0.075,
    "recall@5": 0.347,
    "recall@10": 0.463,
    "f1@1": 0.075,
    "f1@5": 0.11566666666666668,
    "f1@10": 0.0841818181818182,
    "map@1": 0.075,
    "map@5": 0.17476666666666665,
    "map@10": 0.1902051587301587,
    "mrr@1": 0.075,
    "mrr@5": 0.17476666666666665,
    "mrr@10": 0.1902051587301587,
    "num_pred": 1000,
    "num_data": 1000
}