{
    "hit@1": 0.253,
    "hit@5": 0.524,
    "hit@10": 0.653,
    "ndcg_linear@1": 0.253,
    "ndcg_linear@5": 0.392844991821396,
    "ndcg_linear@10": 0.4348330259441319,
    "ndcg_exponential@1": 0.253,
    "ndcg_exponential@5": 0.392844991821396,
    "ndcg_exponential@10": 0.4348330259441319,
    "precision@1": 0.253,
    "precision@5": 0.10479999999999998,
    "precision@10": 0.0653,
    "recall@1": 0.253,
    "recall@5": 0.524,
    "recall@10": 0.653,
    "f1@1": 0.253,
    "f1@5": 0.17466666666666672,
    "f1@10": 0.11872727272727275,
    "map@1": 0.253,
    "map@5": 0.3496166666666667,
    "map@10": 0.3671071428571429,
    "mrr@1": 0.253,
    "mrr@5": 0.3496166666666667,
    "mrr@10": 0.3671071428571429,
    "num_pred": 1000,
    "num_data": 1000
}