{
    "hit@1": 0.322,
    "hit@5": 0.655,
    "hit@10": 0.792,
    "ndcg_linear@1": 0.322,
    "ndcg_linear@5": 0.4981384194458599,
    "ndcg_linear@10": 0.5424309028551136,
    "ndcg_exponential@1": 0.322,
    "ndcg_exponential@5": 0.4981384194458599,
    "ndcg_exponential@10": 0.5424309028551136,
    "precision@1": 0.322,
    "precision@5": 0.131,
    "precision@10": 0.0792,
    "recall@1": 0.322,
    "recall@5": 0.655,
    "recall@10": 0.792,
    "f1@1": 0.322,
    "f1@5": 0.2183333333333334,
    "f1@10": 0.144,
    "map@1": 0.322,
    "map@5": 0.4460666666666667,
    "map@10": 0.4643305555555555,
    "mrr@1": 0.322,
    "mrr@5": 0.4460666666666667,
    "mrr@10": 0.4643305555555555,
    "num_pred": 1000,
    "num_data": 1000
}