{
    "hit@1": 0.054,
    "hit@5": 0.229,
    "hit@10": 0.472,
    "ndcg_linear@1": 0.054,
    "ndcg_linear@5": 0.1346520135703759,
    "ndcg_linear@10": 0.21357311506761717,
    "ndcg_exponential@1": 0.054,
    "ndcg_exponential@5": 0.1346520135703759,
    "ndcg_exponential@10": 0.21357311506761717,
    "precision@1": 0.054,
    "precision@5": 0.0458,
    "precision@10": 0.04719999999999999,
    "recall@1": 0.054,
    "recall@5": 0.229,
    "recall@10": 0.472,
    "f1@1": 0.054,
    "f1@5": 0.07633333333333334,
    "f1@10": 0.08581818181818184,
    "map@1": 0.054,
    "map@5": 0.10465,
    "map@10": 0.13741984126984128,
    "mrr@1": 0.054,
    "mrr@5": 0.10465,
    "mrr@10": 0.13741984126984128,
    "num_pred": 1000,
    "num_data": 1000
}