{
    "hit@1": 0.033,
    "hit@5": 0.096,
    "hit@10": 0.16,
    "ndcg_linear@1": 0.033,
    "ndcg_linear@5": 0.06508718370108096,
    "ndcg_linear@10": 0.08570935613511474,
    "ndcg_exponential@1": 0.033,
    "ndcg_exponential@5": 0.06508718370108096,
    "ndcg_exponential@10": 0.08570935613511474,
    "precision@1": 0.033,
    "precision@5": 0.019200000000000002,
    "precision@10": 0.016,
    "recall@1": 0.033,
    "recall@5": 0.096,
    "recall@10": 0.16,
    "f1@1": 0.033,
    "f1@5": 0.032,
    "f1@10": 0.02909090909090909,
    "map@1": 0.033,
    "map@5": 0.054983333333333335,
    "map@10": 0.06345436507936508,
    "mrr@1": 0.033,
    "mrr@5": 0.054983333333333335,
    "mrr@10": 0.06345436507936508,
    "num_pred": 1000,
    "num_data": 1000
}