{
    "hit@1": 0.094,
    "hit@5": 0.295,
    "hit@10": 0.382,
    "ndcg_linear@1": 0.094,
    "ndcg_linear@5": 0.19878689596464008,
    "ndcg_linear@10": 0.22661128653198315,
    "ndcg_exponential@1": 0.094,
    "ndcg_exponential@5": 0.19878689596464008,
    "ndcg_exponential@10": 0.22661128653198315,
    "precision@1": 0.094,
    "precision@5": 0.059,
    "precision@10": 0.0382,
    "recall@1": 0.094,
    "recall@5": 0.295,
    "recall@10": 0.382,
    "f1@1": 0.094,
    "f1@5": 0.09833333333333334,
    "f1@10": 0.06945454545454545,
    "map@1": 0.094,
    "map@5": 0.16693333333333335,
    "map@10": 0.17822817460317458,
    "mrr@1": 0.094,
    "mrr@5": 0.16693333333333335,
    "mrr@10": 0.17822817460317458,
    "num_pred": 1000,
    "num_data": 1000
}