{
    "hit@1": 0.133,
    "hit@5": 0.274,
    "hit@10": 0.338,
    "ndcg_linear@1": 0.133,
    "ndcg_linear@5": 0.20543318093015062,
    "ndcg_linear@10": 0.2257596712231162,
    "ndcg_exponential@1": 0.133,
    "ndcg_exponential@5": 0.20543318093015062,
    "ndcg_exponential@10": 0.2257596712231162,
    "precision@1": 0.133,
    "precision@5": 0.0548,
    "precision@10": 0.0338,
    "recall@1": 0.133,
    "recall@5": 0.274,
    "recall@10": 0.338,
    "f1@1": 0.133,
    "f1@5": 0.09133333333333335,
    "f1@10": 0.06145454545454546,
    "map@1": 0.133,
    "map@5": 0.18286666666666668,
    "map@10": 0.19103968253968254,
    "mrr@1": 0.133,
    "mrr@5": 0.18286666666666668,
    "mrr@10": 0.19103968253968254,
    "num_pred": 1000,
    "num_data": 1000
}