{
    "hit@1": 0.04,
    "hit@5": 0.164,
    "hit@10": 0.304,
    "ndcg_linear@1": 0.04,
    "ndcg_linear@5": 0.10024774077250853,
    "ndcg_linear@10": 0.14288806023348435,
    "ndcg_exponential@1": 0.04,
    "ndcg_exponential@5": 0.10024774077250853,
    "ndcg_exponential@10": 0.14288806023348435,
    "precision@1": 0.04,
    "precision@5": 0.032799999999999996,
    "precision@10": 0.0304,
    "recall@1": 0.04,
    "recall@5": 0.164,
    "recall@10": 0.304,
    "f1@1": 0.04,
    "f1@5": 0.05466666666666667,
    "f1@10": 0.05527272727272728,
    "map@1": 0.04,
    "map@5": 0.07955,
    "map@10": 0.0956484126984127,
    "mrr@1": 0.04,
    "mrr@5": 0.07955,
    "mrr@10": 0.0956484126984127,
    "num_pred": 1000,
    "num_data": 1000
}