{
    "hit@1": 0.089,
    "hit@5": 0.216,
    "hit@10": 0.317,
    "ndcg_linear@1": 0.089,
    "ndcg_linear@5": 0.15539170615469228,
    "ndcg_linear@10": 0.18804315716429096,
    "ndcg_exponential@1": 0.089,
    "ndcg_exponential@5": 0.15539170615469228,
    "ndcg_exponential@10": 0.18804315716429096,
    "precision@1": 0.089,
    "precision@5": 0.0432,
    "precision@10": 0.031700000000000006,
    "recall@1": 0.089,
    "recall@5": 0.216,
    "recall@10": 0.317,
    "f1@1": 0.089,
    "f1@5": 0.07200000000000001,
    "f1@10": 0.05763636363636364,
    "map@1": 0.089,
    "map@5": 0.13536666666666666,
    "map@10": 0.1488436507936508,
    "mrr@1": 0.089,
    "mrr@5": 0.13536666666666666,
    "mrr@10": 0.1488436507936508,
    "num_pred": 1000,
    "num_data": 1000
}