{
    "hit@1": 0.013,
    "hit@5": 0.055,
    "hit@10": 0.09,
    "ndcg_linear@1": 0.013,
    "ndcg_linear@5": 0.03406756821448212,
    "ndcg_linear@10": 0.045471331634384826,
    "ndcg_exponential@1": 0.013,
    "ndcg_exponential@5": 0.03406756821448212,
    "ndcg_exponential@10": 0.045471331634384826,
    "precision@1": 0.013,
    "precision@5": 0.011,
    "precision@10": 0.009,
    "recall@1": 0.013,
    "recall@5": 0.055,
    "recall@10": 0.09,
    "f1@1": 0.013,
    "f1@5": 0.018333333333333337,
    "f1@10": 0.016363636363636365,
    "map@1": 0.013,
    "map@5": 0.02721666666666667,
    "map@10": 0.03197261904761905,
    "mrr@1": 0.013,
    "mrr@5": 0.02721666666666667,
    "mrr@10": 0.03197261904761905,
    "num_pred": 1000,
    "num_data": 1000
}