{
    "hit@1": 0.005,
    "hit@5": 0.028,
    "hit@10": 0.051,
    "ndcg_linear@1": 0.005,
    "ndcg_linear@5": 0.01584896483473749,
    "ndcg_linear@10": 0.023276011309097108,
    "ndcg_exponential@1": 0.005,
    "ndcg_exponential@5": 0.01584896483473749,
    "ndcg_exponential@10": 0.023276011309097108,
    "precision@1": 0.005,
    "precision@5": 0.005600000000000001,
    "precision@10": 0.0050999999999999995,
    "recall@1": 0.005,
    "recall@5": 0.028,
    "recall@10": 0.051,
    "f1@1": 0.005,
    "f1@5": 0.009333333333333334,
    "f1@10": 0.009272727272727273,
    "map@1": 0.005,
    "map@5": 0.011933333333333334,
    "map@10": 0.014992857142857143,
    "mrr@1": 0.005,
    "mrr@5": 0.011933333333333334,
    "mrr@10": 0.014992857142857143,
    "num_pred": 1000,
    "num_data": 1000
}