{
    "hit@1": 0.005,
    "hit@5": 0.012,
    "hit@10": 0.03,
    "ndcg_linear@1": 0.005,
    "ndcg_linear@5": 0.008597171433256848,
    "ndcg_linear@10": 0.014376568803682196,
    "ndcg_exponential@1": 0.005,
    "ndcg_exponential@5": 0.008597171433256848,
    "ndcg_exponential@10": 0.014376568803682196,
    "precision@1": 0.005,
    "precision@5": 0.0024,
    "precision@10": 0.0030000000000000005,
    "recall@1": 0.005,
    "recall@5": 0.012,
    "recall@10": 0.03,
    "f1@1": 0.005,
    "f1@5": 0.004,
    "f1@10": 0.005454545454545454,
    "map@1": 0.005,
    "map@5": 0.007483333333333333,
    "map@10": 0.009842063492063492,
    "mrr@1": 0.005,
    "mrr@5": 0.007483333333333333,
    "mrr@10": 0.009842063492063492,
    "num_pred": 1000,
    "num_data": 1000
}