{
    "hit@1": 0.006,
    "hit@5": 0.024,
    "hit@10": 0.04,
    "ndcg_linear@1": 0.006,
    "ndcg_linear@5": 0.01523816661735255,
    "ndcg_linear@10": 0.020385736344232016,
    "ndcg_exponential@1": 0.006,
    "ndcg_exponential@5": 0.01523816661735255,
    "ndcg_exponential@10": 0.020385736344232016,
    "precision@1": 0.006,
    "precision@5": 0.0048000000000000004,
    "precision@10": 0.004,
    "recall@1": 0.006,
    "recall@5": 0.024,
    "recall@10": 0.04,
    "f1@1": 0.006,
    "f1@5": 0.008,
    "f1@10": 0.007272727272727272,
    "map@1": 0.006,
    "map@5": 0.012349999999999998,
    "map@10": 0.014457936507936505,
    "mrr@1": 0.006,
    "mrr@5": 0.012349999999999998,
    "mrr@10": 0.014457936507936505,
    "num_pred": 1000,
    "num_data": 1000
}