{
    "hit@1": 0.003,
    "hit@5": 0.009,
    "hit@10": 0.011,
    "ndcg_linear@1": 0.003,
    "ndcg_linear@5": 0.005940741988597635,
    "ndcg_linear@10": 0.006630282509038992,
    "ndcg_exponential@1": 0.003,
    "ndcg_exponential@5": 0.005940741988597635,
    "ndcg_exponential@10": 0.006630282509038992,
    "precision@1": 0.003,
    "precision@5": 0.0018,
    "precision@10": 0.0011,
    "recall@1": 0.003,
    "recall@5": 0.009,
    "recall@10": 0.011,
    "f1@1": 0.003,
    "f1@5": 0.003,
    "f1@10": 0.002,
    "map@1": 0.003,
    "map@5": 0.00495,
    "map@10": 0.005259523809523809,
    "mrr@1": 0.003,
    "mrr@5": 0.00495,
    "mrr@10": 0.005259523809523809,
    "num_pred": 1000,
    "num_data": 1000
}