{
    "hit@1": 0.005,
    "hit@5": 0.005,
    "hit@10": 0.006,
    "ndcg_linear@1": 0.005,
    "ndcg_linear@5": 0.005,
    "ndcg_linear@10": 0.0053010299956639815,
    "ndcg_exponential@1": 0.005,
    "ndcg_exponential@5": 0.005,
    "ndcg_exponential@10": 0.0053010299956639815,
    "precision@1": 0.005,
    "precision@5": 0.001,
    "precision@10": 0.0006000000000000001,
    "recall@1": 0.005,
    "recall@5": 0.005,
    "recall@10": 0.006,
    "f1@1": 0.005,
    "f1@5": 0.001666666666666667,
    "f1@10": 0.0010909090909090907,
    "map@1": 0.005,
    "map@5": 0.005,
    "map@10": 0.0051111111111111105,
    "mrr@1": 0.005,
    "mrr@5": 0.005,
    "mrr@10": 0.0051111111111111105,
    "num_pred": 1000,
    "num_data": 1000
}