{
    "hit@1": 0.174,
    "hit@5": 0.372,
    "hit@10": 0.492,
    "ndcg_linear@1": 0.174,
    "ndcg_linear@5": 0.2771477075818418,
    "ndcg_linear@10": 0.31615417795675055,
    "ndcg_exponential@1": 0.174,
    "ndcg_exponential@5": 0.2771477075818418,
    "ndcg_exponential@10": 0.31615417795675055,
    "precision@1": 0.174,
    "precision@5": 0.07440000000000001,
    "precision@10": 0.049199999999999994,
    "recall@1": 0.174,
    "recall@5": 0.372,
    "recall@10": 0.492,
    "f1@1": 0.174,
    "f1@5": 0.12400000000000003,
    "f1@10": 0.08945454545454547,
    "map@1": 0.174,
    "map@5": 0.24578333333333333,
    "map@10": 0.2619976190476191,
    "mrr@1": 0.174,
    "mrr@5": 0.24578333333333333,
    "mrr@10": 0.2619976190476191,
    "num_pred": 1000,
    "num_data": 1000
}