{
    "hit@1": 0.546,
    "hit@5": 0.823,
    "hit@10": 0.893,
    "ndcg_linear@1": 0.546,
    "ndcg_linear@5": 0.6955826986889799,
    "ndcg_linear@10": 0.718382975824843,
    "ndcg_exponential@1": 0.546,
    "ndcg_exponential@5": 0.6955826986889799,
    "ndcg_exponential@10": 0.718382975824843,
    "precision@1": 0.546,
    "precision@5": 0.1646,
    "precision@10": 0.08930000000000002,
    "recall@1": 0.546,
    "recall@5": 0.823,
    "recall@10": 0.893,
    "f1@1": 0.546,
    "f1@5": 0.2743333333333334,
    "f1@10": 0.16236363636363638,
    "map@1": 0.546,
    "map@5": 0.65295,
    "map@10": 0.662456746031746,
    "mrr@1": 0.546,
    "mrr@5": 0.65295,
    "mrr@10": 0.662456746031746,
    "num_pred": 1000,
    "num_data": 1000
}