{
    "hit@1": 0.419,
    "hit@5": 0.717,
    "hit@10": 0.826,
    "ndcg_linear@1": 0.419,
    "ndcg_linear@5": 0.5783012752690911,
    "ndcg_linear@10": 0.6138872892931316,
    "ndcg_exponential@1": 0.419,
    "ndcg_exponential@5": 0.5783012752690911,
    "ndcg_exponential@10": 0.6138872892931316,
    "precision@1": 0.419,
    "precision@5": 0.1434,
    "precision@10": 0.08259999999999999,
    "recall@1": 0.419,
    "recall@5": 0.717,
    "recall@10": 0.826,
    "f1@1": 0.419,
    "f1@5": 0.23900000000000005,
    "f1@10": 0.1501818181818182,
    "map@1": 0.419,
    "map@5": 0.5320333333333334,
    "map@10": 0.5469242063492064,
    "mrr@1": 0.419,
    "mrr@5": 0.5320333333333334,
    "mrr@10": 0.5469242063492064,
    "num_pred": 1000,
    "num_data": 1000
}