{
    "hit@1": 0.004,
    "hit@5": 0.006,
    "hit@10": 0.009,
    "ndcg_linear@1": 0.004,
    "ndcg_linear@5": 0.00506160631164485,
    "ndcg_linear@10": 0.00608448016541954,
    "ndcg_exponential@1": 0.004,
    "ndcg_exponential@5": 0.00506160631164485,
    "ndcg_exponential@10": 0.00608448016541954,
    "precision@1": 0.004,
    "precision@5": 0.0012,
    "precision@10": 0.0009,
    "recall@1": 0.004,
    "recall@5": 0.006,
    "recall@10": 0.009,
    "f1@1": 0.004,
    "f1@5": 0.0020000000000000005,
    "f1@10": 0.0016363636363636365,
    "map@1": 0.004,
    "map@5": 0.00475,
    "map@10": 0.005202380952380952,
    "mrr@1": 0.004,
    "mrr@5": 0.00475,
    "mrr@10": 0.005202380952380952,
    "num_pred": 1000,
    "num_data": 1000
}