{
    "hit@1": 0.002,
    "hit@5": 0.005,
    "hit@10": 0.009,
    "ndcg_linear@1": 0.002,
    "ndcg_linear@5": 0.003892789260714372,
    "ndcg_linear@10": 0.005209733338034033,
    "ndcg_exponential@1": 0.002,
    "ndcg_exponential@5": 0.003892789260714372,
    "ndcg_exponential@10": 0.005209733338034033,
    "precision@1": 0.002,
    "precision@5": 0.001,
    "precision@10": 0.0009,
    "recall@1": 0.002,
    "recall@5": 0.005,
    "recall@10": 0.009,
    "f1@1": 0.002,
    "f1@5": 0.001666666666666667,
    "f1@10": 0.0016363636363636365,
    "map@1": 0.002,
    "map@5": 0.0035,
    "map@10": 0.004058333333333334,
    "mrr@1": 0.002,
    "mrr@5": 0.0035,
    "mrr@10": 0.004058333333333334,
    "num_pred": 1000,
    "num_data": 1000
}