{
    "hit@1": 0.001,
    "hit@5": 0.002,
    "hit@10": 0.004,
    "ndcg_linear@1": 0.001,
    "ndcg_linear@5": 0.0016309297535714576,
    "ndcg_linear@10": 0.0022210245755533266,
    "ndcg_exponential@1": 0.001,
    "ndcg_exponential@5": 0.0016309297535714576,
    "ndcg_exponential@10": 0.0022210245755533266,
    "precision@1": 0.001,
    "precision@5": 0.0004,
    "precision@10": 0.0004,
    "recall@1": 0.001,
    "recall@5": 0.002,
    "recall@10": 0.004,
    "f1@1": 0.001,
    "f1@5": 0.0006666666666666668,
    "f1@10": 0.0007272727272727273,
    "map@1": 0.001,
    "map@5": 0.0015,
    "map@10": 0.0017111111111111112,
    "mrr@1": 0.001,
    "mrr@5": 0.0015,
    "mrr@10": 0.0017111111111111112,
    "num_pred": 1000,
    "num_data": 1000
}