{
    "hit@1": 0.02,
    "hit@5": 0.055,
    "hit@10": 0.098,
    "ndcg_linear@1": 0.02,
    "ndcg_linear@5": 0.03722866813513083,
    "ndcg_linear@10": 0.05087904953223861,
    "ndcg_exponential@1": 0.02,
    "ndcg_exponential@5": 0.03722866813513083,
    "ndcg_exponential@10": 0.05087904953223861,
    "precision@1": 0.02,
    "precision@5": 0.011,
    "precision@10": 0.009800000000000001,
    "recall@1": 0.02,
    "recall@5": 0.055,
    "recall@10": 0.098,
    "f1@1": 0.02,
    "f1@5": 0.018333333333333337,
    "f1@10": 0.01781818181818182,
    "map@1": 0.02,
    "map@5": 0.03146666666666667,
    "map@10": 0.03694880952380953,
    "mrr@1": 0.02,
    "mrr@5": 0.03146666666666667,
    "mrr@10": 0.03694880952380953,
    "num_pred": 1000,
    "num_data": 1000
}