{
    "hit@1": 0.421,
    "hit@5": 0.667,
    "hit@10": 0.745,
    "ndcg_linear@1": 0.421,
    "ndcg_linear@5": 0.5538156004072688,
    "ndcg_linear@10": 0.5788257021223243,
    "ndcg_exponential@1": 0.421,
    "ndcg_exponential@5": 0.5538156004072688,
    "ndcg_exponential@10": 0.5788257021223243,
    "precision@1": 0.421,
    "precision@5": 0.1334,
    "precision@10": 0.0745,
    "recall@1": 0.421,
    "recall@5": 0.667,
    "recall@10": 0.745,
    "f1@1": 0.421,
    "f1@5": 0.2223333333333334,
    "f1@10": 0.13545454545454547,
    "map@1": 0.421,
    "map@5": 0.51605,
    "map@10": 0.5262488095238096,
    "mrr@1": 0.421,
    "mrr@5": 0.51605,
    "mrr@10": 0.5262488095238096,
    "num_pred": 1000,
    "num_data": 1000
}