{
    "hit@1": 0.638,
    "hit@5": 0.896,
    "hit@10": 0.952,
    "ndcg_linear@1": 0.638,
    "ndcg_linear@5": 0.7808926952538823,
    "ndcg_linear@10": 0.7989695165473076,
    "ndcg_exponential@1": 0.638,
    "ndcg_exponential@5": 0.7808926952538823,
    "ndcg_exponential@10": 0.7989695165473076,
    "precision@1": 0.638,
    "precision@5": 0.17920000000000003,
    "precision@10": 0.09520000000000002,
    "recall@1": 0.638,
    "recall@5": 0.896,
    "recall@10": 0.952,
    "f1@1": 0.638,
    "f1@5": 0.2986666666666667,
    "f1@10": 0.17309090909090907,
    "map@1": 0.638,
    "map@5": 0.74205,
    "map@10": 0.7494900793650793,
    "mrr@1": 0.638,
    "mrr@5": 0.74205,
    "mrr@10": 0.7494900793650793,
    "num_pred": 1000,
    "num_data": 1000
}