{
    "hit@1": 0.604,
    "hit@5": 0.879,
    "hit@10": 0.961,
    "ndcg_linear@1": 0.604,
    "ndcg_linear@5": 0.7538221312838229,
    "ndcg_linear@10": 0.7805482796391853,
    "ndcg_exponential@1": 0.604,
    "ndcg_exponential@5": 0.7538221312838229,
    "ndcg_exponential@10": 0.7805482796391853,
    "precision@1": 0.604,
    "precision@5": 0.1758,
    "precision@10": 0.0961,
    "recall@1": 0.604,
    "recall@5": 0.879,
    "recall@10": 0.961,
    "f1@1": 0.604,
    "f1@5": 0.293,
    "f1@10": 0.17472727272727273,
    "map@1": 0.604,
    "map@5": 0.7118833333333332,
    "map@10": 0.7230357142857142,
    "mrr@1": 0.604,
    "mrr@5": 0.7118833333333332,
    "mrr@10": 0.7230357142857142,
    "num_pred": 1000,
    "num_data": 1000
}