{
    "hit@1": 0.116,
    "hit@5": 0.268,
    "hit@10": 0.425,
    "ndcg_linear@1": 0.116,
    "ndcg_linear@5": 0.18880273772598122,
    "ndcg_linear@10": 0.23865485771065914,
    "ndcg_exponential@1": 0.116,
    "ndcg_exponential@5": 0.18880273772598122,
    "ndcg_exponential@10": 0.23865485771065914,
    "precision@1": 0.116,
    "precision@5": 0.0536,
    "precision@10": 0.0425,
    "recall@1": 0.116,
    "recall@5": 0.268,
    "recall@10": 0.425,
    "f1@1": 0.116,
    "f1@5": 0.08933333333333335,
    "f1@10": 0.07727272727272728,
    "map@1": 0.116,
    "map@5": 0.16325,
    "map@10": 0.18329722222222222,
    "mrr@1": 0.116,
    "mrr@5": 0.16325,
    "mrr@10": 0.18329722222222222,
    "num_pred": 1000,
    "num_data": 1000
}