{
    "hit@1": 0.199,
    "hit@5": 0.427,
    "hit@10": 0.525,
    "ndcg_linear@1": 0.199,
    "ndcg_linear@5": 0.31928821419112136,
    "ndcg_linear@10": 0.35108571717061904,
    "ndcg_exponential@1": 0.199,
    "ndcg_exponential@5": 0.31928821419112136,
    "ndcg_exponential@10": 0.35108571717061904,
    "precision@1": 0.199,
    "precision@5": 0.08539999999999999,
    "precision@10": 0.0525,
    "recall@1": 0.199,
    "recall@5": 0.427,
    "recall@10": 0.525,
    "f1@1": 0.199,
    "f1@5": 0.14233333333333337,
    "f1@10": 0.09545454545454547,
    "map@1": 0.199,
    "map@5": 0.28354999999999997,
    "map@10": 0.2967416666666667,
    "mrr@1": 0.199,
    "mrr@5": 0.28354999999999997,
    "mrr@10": 0.2967416666666667,
    "num_pred": 1000,
    "num_data": 1000
}