{
    "hit@1": 0.176,
    "hit@5": 0.354,
    "hit@10": 0.433,
    "ndcg_linear@1": 0.176,
    "ndcg_linear@5": 0.2706276035204268,
    "ndcg_linear@10": 0.2963781049300977,
    "ndcg_exponential@1": 0.176,
    "ndcg_exponential@5": 0.2706276035204268,
    "ndcg_exponential@10": 0.2963781049300977,
    "precision@1": 0.176,
    "precision@5": 0.07079999999999999,
    "precision@10": 0.0433,
    "recall@1": 0.176,
    "recall@5": 0.354,
    "recall@10": 0.433,
    "f1@1": 0.176,
    "f1@5": 0.11800000000000002,
    "f1@10": 0.07872727272727274,
    "map@1": 0.176,
    "map@5": 0.24291666666666667,
    "map@10": 0.2536690476190476,
    "mrr@1": 0.176,
    "mrr@5": 0.24291666666666667,
    "mrr@10": 0.2536690476190476,
    "num_pred": 1000,
    "num_data": 1000
}