{
    "hit@1": 0.372,
    "hit@5": 0.586,
    "hit@10": 0.674,
    "ndcg_linear@1": 0.372,
    "ndcg_linear@5": 0.4858765600468488,
    "ndcg_linear@10": 0.5149020228761741,
    "ndcg_exponential@1": 0.372,
    "ndcg_exponential@5": 0.4858765600468488,
    "ndcg_exponential@10": 0.5149020228761741,
    "precision@1": 0.372,
    "precision@5": 0.11719999999999998,
    "precision@10": 0.0674,
    "recall@1": 0.372,
    "recall@5": 0.586,
    "recall@10": 0.674,
    "f1@1": 0.372,
    "f1@5": 0.19533333333333336,
    "f1@10": 0.12254545454545455,
    "map@1": 0.372,
    "map@5": 0.45256666666666673,
    "map@10": 0.4648849206349206,
    "mrr@1": 0.372,
    "mrr@5": 0.45256666666666673,
    "mrr@10": 0.4648849206349206,
    "num_pred": 1000,
    "num_data": 1000
}