{
    "hit@1": 0.159,
    "hit@5": 0.217,
    "hit@10": 0.327,
    "ndcg_linear@1": 0.159,
    "ndcg_linear@5": 0.19167844683076754,
    "ndcg_linear@10": 0.22382186811976532,
    "ndcg_exponential@1": 0.159,
    "ndcg_exponential@5": 0.19167844683076754,
    "ndcg_exponential@10": 0.22382186811976532,
    "precision@1": 0.159,
    "precision@5": 0.04340000000000001,
    "precision@10": 0.0327,
    "recall@1": 0.159,
    "recall@5": 0.217,
    "recall@10": 0.327,
    "f1@1": 0.159,
    "f1@5": 0.07233333333333335,
    "f1@10": 0.059454545454545454,
    "map@1": 0.159,
    "map@5": 0.18306666666666666,
    "map@10": 0.1944035714285714,
    "mrr@1": 0.159,
    "mrr@5": 0.18306666666666666,
    "mrr@10": 0.1944035714285714,
    "num_pred": 1000,
    "num_data": 1000
}