{
    "hit@1": 0.327,
    "hit@5": 0.57,
    "hit@10": 0.664,
    "ndcg_linear@1": 0.327,
    "ndcg_linear@5": 0.45385916145474514,
    "ndcg_linear@10": 0.4846656725826301,
    "ndcg_exponential@1": 0.327,
    "ndcg_exponential@5": 0.45385916145474514,
    "ndcg_exponential@10": 0.4846656725826301,
    "precision@1": 0.327,
    "precision@5": 0.114,
    "precision@10": 0.06639999999999999,
    "recall@1": 0.327,
    "recall@5": 0.57,
    "recall@10": 0.664,
    "f1@1": 0.327,
    "f1@5": 0.19000000000000006,
    "f1@10": 0.12072727272727275,
    "map@1": 0.327,
    "map@5": 0.4154,
    "map@10": 0.4283496031746032,
    "mrr@1": 0.327,
    "mrr@5": 0.4154,
    "mrr@10": 0.4283496031746032,
    "num_pred": 1000,
    "num_data": 1000
}