{
    "hit@1": 0.001,
    "hit@5": 0.012,
    "hit@10": 0.021,
    "ndcg_linear@1": 0.001,
    "ndcg_linear@5": 0.006031976968374654,
    "ndcg_linear@10": 0.008891313785234882,
    "ndcg_exponential@1": 0.001,
    "ndcg_exponential@5": 0.006031976968374654,
    "ndcg_exponential@10": 0.008891313785234882,
    "precision@1": 0.001,
    "precision@5": 0.0024,
    "precision@10": 0.0021000000000000003,
    "recall@1": 0.001,
    "recall@5": 0.012,
    "recall@10": 0.021,
    "f1@1": 0.001,
    "f1@5": 0.004000000000000001,
    "f1@10": 0.0038181818181818182,
    "map@1": 0.001,
    "map@5": 0.004133333333333333,
    "map@10": 0.005284523809523809,
    "mrr@1": 0.001,
    "mrr@5": 0.004133333333333333,
    "mrr@10": 0.005284523809523809,
    "num_pred": 1000,
    "num_data": 1000
}