{
    "hit@1": 0.001,
    "hit@5": 0.005,
    "hit@10": 0.011,
    "ndcg_linear@1": 0.001,
    "ndcg_linear@5": 0.0029306765580733927,
    "ndcg_linear@10": 0.004844675229493932,
    "ndcg_exponential@1": 0.001,
    "ndcg_exponential@5": 0.0029306765580733927,
    "ndcg_exponential@10": 0.004844675229493932,
    "precision@1": 0.001,
    "precision@5": 0.001,
    "precision@10": 0.0011,
    "recall@1": 0.001,
    "recall@5": 0.005,
    "recall@10": 0.011,
    "f1@1": 0.001,
    "f1@5": 0.0016666666666666668,
    "f1@10": 0.002,
    "map@1": 0.001,
    "map@5": 0.00225,
    "map@10": 0.0030246031746031746,
    "mrr@1": 0.001,
    "mrr@5": 0.00225,
    "mrr@10": 0.0030246031746031746,
    "num_pred": 1000,
    "num_data": 1000
}