{
    "hit@1": 0.004,
    "hit@5": 0.01,
    "hit@10": 0.019,
    "ndcg_linear@1": 0.004,
    "ndcg_linear@5": 0.006748205923381327,
    "ndcg_linear@10": 0.009718953608047134,
    "ndcg_exponential@1": 0.004,
    "ndcg_exponential@5": 0.006748205923381327,
    "ndcg_exponential@10": 0.009718953608047134,
    "precision@1": 0.004,
    "precision@5": 0.002,
    "precision@10": 0.0019000000000000002,
    "recall@1": 0.004,
    "recall@5": 0.01,
    "recall@10": 0.019,
    "f1@1": 0.004,
    "f1@5": 0.0033333333333333335,
    "f1@10": 0.0034545454545454545,
    "map@1": 0.004,
    "map@5": 0.005699999999999999,
    "map@10": 0.006960714285714285,
    "mrr@1": 0.004,
    "mrr@5": 0.005699999999999999,
    "mrr@10": 0.006960714285714285,
    "num_pred": 1000,
    "num_data": 1000
}