{
    "hit@1": 0.001,
    "hit@5": 0.005,
    "hit@10": 0.015,
    "ndcg_linear@1": 0.001,
    "ndcg_linear@5": 0.0028175293653079346,
    "ndcg_linear@10": 0.006103741926759471,
    "ndcg_exponential@1": 0.001,
    "ndcg_exponential@5": 0.0028175293653079346,
    "ndcg_exponential@10": 0.006103741926759471,
    "precision@1": 0.001,
    "precision@5": 0.001,
    "precision@10": 0.0015,
    "recall@1": 0.001,
    "recall@5": 0.005,
    "recall@10": 0.015,
    "f1@1": 0.001,
    "f1@5": 0.0016666666666666668,
    "f1@10": 0.0027272727272727275,
    "map@1": 0.001,
    "map@5": 0.002116666666666667,
    "map@10": 0.0035023809523809526,
    "mrr@1": 0.001,
    "mrr@5": 0.002116666666666667,
    "mrr@10": 0.0035023809523809526,
    "num_pred": 1000,
    "num_data": 1000
}