{
    "hit@1": 0.015,
    "hit@5": 0.059,
    "hit@10": 0.101,
    "ndcg_linear@1": 0.015,
    "ndcg_linear@5": 0.037522505285786434,
    "ndcg_linear@10": 0.05084561523170545,
    "ndcg_exponential@1": 0.015,
    "ndcg_exponential@5": 0.037522505285786434,
    "ndcg_exponential@10": 0.05084561523170545,
    "precision@1": 0.015,
    "precision@5": 0.011800000000000001,
    "precision@10": 0.010100000000000001,
    "recall@1": 0.015,
    "recall@5": 0.059,
    "recall@10": 0.101,
    "f1@1": 0.015,
    "f1@5": 0.01966666666666667,
    "f1@10": 0.018363636363636363,
    "map@1": 0.015,
    "map@5": 0.030449999999999994,
    "map@10": 0.0357936507936508,
    "mrr@1": 0.015,
    "mrr@5": 0.030449999999999994,
    "mrr@10": 0.0357936507936508,
    "num_pred": 1000,
    "num_data": 1000
}