{
    "hit@1": 0.027,
    "hit@5": 0.083,
    "hit@10": 0.134,
    "ndcg_linear@1": 0.027,
    "ndcg_linear@5": 0.05458356942334816,
    "ndcg_linear@10": 0.07104825395731558,
    "ndcg_exponential@1": 0.027,
    "ndcg_exponential@5": 0.05458356942334816,
    "ndcg_exponential@10": 0.07104825395731558,
    "precision@1": 0.027,
    "precision@5": 0.0166,
    "precision@10": 0.013400000000000002,
    "recall@1": 0.027,
    "recall@5": 0.083,
    "recall@10": 0.134,
    "f1@1": 0.027,
    "f1@5": 0.02766666666666667,
    "f1@10": 0.02436363636363636,
    "map@1": 0.027,
    "map@5": 0.045366666666666666,
    "map@10": 0.05214365079365079,
    "mrr@1": 0.027,
    "mrr@5": 0.045366666666666666,
    "mrr@10": 0.05214365079365079,
    "num_pred": 1000,
    "num_data": 1000
}