{
    "hit@1": 0.042,
    "hit@5": 0.133,
    "hit@10": 0.179,
    "ndcg_linear@1": 0.042,
    "ndcg_linear@5": 0.08707229026432452,
    "ndcg_linear@10": 0.10198615660103268,
    "ndcg_exponential@1": 0.042,
    "ndcg_exponential@5": 0.08707229026432452,
    "ndcg_exponential@10": 0.10198615660103268,
    "precision@1": 0.042,
    "precision@5": 0.026600000000000002,
    "precision@10": 0.017900000000000003,
    "recall@1": 0.042,
    "recall@5": 0.133,
    "recall@10": 0.179,
    "f1@1": 0.042,
    "f1@5": 0.04433333333333334,
    "f1@10": 0.032545454545454544,
    "map@1": 0.042,
    "map@5": 0.07211666666666668,
    "map@10": 0.0783031746031746,
    "mrr@1": 0.042,
    "mrr@5": 0.07211666666666668,
    "mrr@10": 0.0783031746031746,
    "num_pred": 1000,
    "num_data": 1000
}