{
    "hit@1": 0.002,
    "hit@5": 0.006,
    "hit@10": 0.013,
    "ndcg_linear@1": 0.002,
    "ndcg_linear@5": 0.003904635368040541,
    "ndcg_linear@10": 0.006019161851748077,
    "ndcg_exponential@1": 0.002,
    "ndcg_exponential@5": 0.003904635368040541,
    "ndcg_exponential@10": 0.006019161851748077,
    "precision@1": 0.002,
    "precision@5": 0.0012000000000000001,
    "precision@10": 0.0013,
    "recall@1": 0.002,
    "recall@5": 0.006,
    "recall@10": 0.013,
    "f1@1": 0.002,
    "f1@5": 0.002,
    "f1@10": 0.0023636363636363633,
    "map@1": 0.002,
    "map@5": 0.0032333333333333333,
    "map@10": 0.004022222222222222,
    "mrr@1": 0.002,
    "mrr@5": 0.0032333333333333333,
    "mrr@10": 0.004022222222222222,
    "num_pred": 1000,
    "num_data": 1000
}