{
    "hit@1": 0.001,
    "hit@5": 0.008,
    "hit@10": 0.019,
    "ndcg_linear@1": 0.001,
    "ndcg_linear@5": 0.0044662416796853914,
    "ndcg_linear@10": 0.007926159287339649,
    "ndcg_exponential@1": 0.001,
    "ndcg_exponential@5": 0.0044662416796853914,
    "ndcg_exponential@10": 0.007926159287339649,
    "precision@1": 0.001,
    "precision@5": 0.0016,
    "precision@10": 0.0019000000000000002,
    "recall@1": 0.001,
    "recall@5": 0.008,
    "recall@10": 0.019,
    "f1@1": 0.001,
    "f1@5": 0.002666666666666667,
    "f1@10": 0.0034545454545454545,
    "map@1": 0.001,
    "map@5": 0.0033166666666666665,
    "map@10": 0.00468531746031746,
    "mrr@1": 0.001,
    "mrr@5": 0.0033166666666666665,
    "mrr@10": 0.00468531746031746,
    "num_pred": 1000,
    "num_data": 1000
}