{
    "hit@1": 0.001,
    "hit@5": 0.004,
    "hit@10": 0.006,
    "ndcg_linear@1": 0.001,
    "ndcg_linear@5": 0.002404635368040541,
    "ndcg_linear@10": 0.003038998697037855,
    "ndcg_exponential@1": 0.001,
    "ndcg_exponential@5": 0.002404635368040541,
    "ndcg_exponential@10": 0.003038998697037855,
    "precision@1": 0.001,
    "precision@5": 0.0008,
    "precision@10": 0.0006,
    "recall@1": 0.001,
    "recall@5": 0.004,
    "recall@10": 0.006,
    "f1@1": 0.001,
    "f1@5": 0.0013333333333333335,
    "f1@10": 0.0010909090909090907,
    "map@1": 0.001,
    "map@5": 0.0019,
    "map@10": 0.0021539682539682544,
    "mrr@1": 0.001,
    "mrr@5": 0.0019,
    "mrr@10": 0.0021539682539682544,
    "num_pred": 1000,
    "num_data": 1000
}