{
    "hit@1": 0.001,
    "hit@5": 0.003,
    "hit@10": 0.008,
    "ndcg_linear@1": 0.001,
    "ndcg_linear@5": 0.0018868528072345416,
    "ndcg_linear@10": 0.003455552975975654,
    "ndcg_exponential@1": 0.001,
    "ndcg_exponential@5": 0.0018868528072345416,
    "ndcg_exponential@10": 0.003455552975975654,
    "precision@1": 0.001,
    "precision@5": 0.0006000000000000001,
    "precision@10": 0.0008,
    "recall@1": 0.001,
    "recall@5": 0.003,
    "recall@10": 0.008,
    "f1@1": 0.001,
    "f1@5": 0.001,
    "f1@10": 0.0014545454545454547,
    "map@1": 0.001,
    "map@5": 0.0015333333333333332,
    "map@10": 0.002153968253968254,
    "mrr@1": 0.001,
    "mrr@5": 0.0015333333333333332,
    "mrr@10": 0.002153968253968254,
    "num_pred": 1000,
    "num_data": 1000
}