{
    "hit@1": 0.005,
    "hit@5": 0.005,
    "hit@10": 0.01,
    "ndcg_linear@1": 0.005,
    "ndcg_linear@5": 0.005,
    "ndcg_linear@10": 0.0064453241315894395,
    "ndcg_exponential@1": 0.005,
    "ndcg_exponential@5": 0.005,
    "ndcg_exponential@10": 0.0064453241315894395,
    "precision@1": 0.005,
    "precision@5": 0.001,
    "precision@10": 0.001,
    "recall@1": 0.005,
    "recall@5": 0.005,
    "recall@10": 0.01,
    "f1@1": 0.005,
    "f1@5": 0.0016666666666666668,
    "f1@10": 0.0018181818181818182,
    "map@1": 0.005,
    "map@5": 0.005,
    "map@10": 0.0055,
    "mrr@1": 0.005,
    "mrr@5": 0.005,
    "mrr@10": 0.0055,
    "num_pred": 1000,
    "num_data": 1000
}