{
    "hit@1": 0.005,
    "hit@5": 0.015,
    "hit@10": 0.02,
    "ndcg_linear@1": 0.005,
    "ndcg_linear@5": 0.010220384056546551,
    "ndcg_linear@10": 0.011807045303102563,
    "ndcg_exponential@1": 0.005,
    "ndcg_exponential@5": 0.010220384056546551,
    "ndcg_exponential@10": 0.011807045303102563,
    "precision@1": 0.005,
    "precision@5": 0.003,
    "precision@10": 0.002,
    "recall@1": 0.005,
    "recall@5": 0.015,
    "recall@10": 0.02,
    "f1@1": 0.005,
    "f1@5": 0.005000000000000001,
    "f1@10": 0.0036363636363636364,
    "map@1": 0.005,
    "map@5": 0.00865,
    "map@10": 0.009285714285714286,
    "mrr@1": 0.005,
    "mrr@5": 0.00865,
    "mrr@10": 0.009285714285714286,
    "num_pred": 1000,
    "num_data": 1000
}