{
    "hit@1": 0.002,
    "hit@5": 0.004,
    "hit@10": 0.006,
    "ndcg_linear@1": 0.002,
    "ndcg_linear@5": 0.0030616063116448507,
    "ndcg_linear@10": 0.003751146832086206,
    "ndcg_exponential@1": 0.002,
    "ndcg_exponential@5": 0.0030616063116448507,
    "ndcg_exponential@10": 0.003751146832086206,
    "precision@1": 0.002,
    "precision@5": 0.0008,
    "precision@10": 0.0006000000000000001,
    "recall@1": 0.002,
    "recall@5": 0.004,
    "recall@10": 0.006,
    "f1@1": 0.002,
    "f1@5": 0.0013333333333333335,
    "f1@10": 0.0010909090909090907,
    "map@1": 0.002,
    "map@5": 0.00275,
    "map@10": 0.0030595238095238093,
    "mrr@1": 0.002,
    "mrr@5": 0.00275,
    "mrr@10": 0.0030595238095238093,
    "num_pred": 1000,
    "num_data": 1000
}