{
    "hit@1": 0.002,
    "hit@5": 0.013,
    "hit@10": 0.025,
    "ndcg_linear@1": 0.002,
    "ndcg_linear@5": 0.007396918237758785,
    "ndcg_linear@10": 0.011168681904238323,
    "ndcg_exponential@1": 0.002,
    "ndcg_exponential@5": 0.007396918237758785,
    "ndcg_exponential@10": 0.011168681904238323,
    "precision@1": 0.002,
    "precision@5": 0.0026,
    "precision@10": 0.0025,
    "recall@1": 0.002,
    "recall@5": 0.013,
    "recall@10": 0.025,
    "f1@1": 0.002,
    "f1@5": 0.004333333333333334,
    "f1@10": 0.004545454545454545,
    "map@1": 0.002,
    "map@5": 0.005566666666666667,
    "map@10": 0.007061904761904761,
    "mrr@1": 0.002,
    "mrr@5": 0.005566666666666667,
    "mrr@10": 0.007061904761904761,
    "num_pred": 1000,
    "num_data": 1000
}