{
    "hit@1": 0.0,
    "hit@5": 0.005,
    "hit@10": 0.014,
    "ndcg_linear@1": 0.0,
    "ndcg_linear@5": 0.0021095590395281143,
    "ndcg_linear@10": 0.004998729482282039,
    "ndcg_exponential@1": 0.0,
    "ndcg_exponential@5": 0.0021095590395281143,
    "ndcg_exponential@10": 0.004998729482282039,
    "precision@1": 0.0,
    "precision@5": 0.001,
    "precision@10": 0.0014,
    "recall@1": 0.0,
    "recall@5": 0.005,
    "recall@10": 0.014,
    "f1@1": 0.0,
    "f1@5": 0.001666666666666667,
    "f1@10": 0.0025454545454545456,
    "map@1": 0.0,
    "map@5": 0.0012,
    "map@10": 0.00238015873015873,
    "mrr@1": 0.0,
    "mrr@5": 0.0012,
    "mrr@10": 0.00238015873015873,
    "num_pred": 1000,
    "num_data": 1000
}