{
    "hit@1": 0.126,
    "hit@5": 0.314,
    "hit@10": 0.428,
    "ndcg_linear@1": 0.126,
    "ndcg_linear@5": 0.22239407990429225,
    "ndcg_linear@10": 0.2590801712463466,
    "ndcg_exponential@1": 0.126,
    "ndcg_exponential@5": 0.22239407990429225,
    "ndcg_exponential@10": 0.2590801712463466,
    "precision@1": 0.126,
    "precision@5": 0.06280000000000001,
    "precision@10": 0.0428,
    "recall@1": 0.126,
    "recall@5": 0.314,
    "recall@10": 0.428,
    "f1@1": 0.126,
    "f1@5": 0.10466666666666669,
    "f1@10": 0.07781818181818183,
    "map@1": 0.126,
    "map@5": 0.1922333333333333,
    "map@10": 0.2072718253968254,
    "mrr@1": 0.126,
    "mrr@5": 0.1922333333333333,
    "mrr@10": 0.2072718253968254,
    "num_pred": 1000,
    "num_data": 1000
}