{
    "hit@1": 0.725,
    "hit@5": 0.932,
    "hit@10": 0.967,
    "ndcg_linear@1": 0.725,
    "ndcg_linear@5": 0.840430504177755,
    "ndcg_linear@10": 0.8517583696847997,
    "ndcg_exponential@1": 0.725,
    "ndcg_exponential@5": 0.840430504177755,
    "ndcg_exponential@10": 0.8517583696847997,
    "precision@1": 0.725,
    "precision@5": 0.18640000000000004,
    "precision@10": 0.09670000000000002,
    "recall@1": 0.725,
    "recall@5": 0.932,
    "recall@10": 0.967,
    "f1@1": 0.725,
    "f1@5": 0.3106666666666667,
    "f1@10": 0.17581818181818182,
    "map@1": 0.725,
    "map@5": 0.8094166666666668,
    "map@10": 0.8140992063492064,
    "mrr@1": 0.725,
    "mrr@5": 0.8094166666666668,
    "mrr@10": 0.8140992063492064,
    "num_pred": 1000,
    "num_data": 1000
}