{
    "hit@1": 0.673,
    "hit@5": 0.912,
    "hit@10": 0.978,
    "ndcg_linear@1": 0.673,
    "ndcg_linear@5": 0.8071552531150751,
    "ndcg_linear@10": 0.8289981356949939,
    "ndcg_exponential@1": 0.673,
    "ndcg_exponential@5": 0.8071552531150751,
    "ndcg_exponential@10": 0.8289981356949939,
    "precision@1": 0.673,
    "precision@5": 0.1824,
    "precision@10": 0.09780000000000001,
    "recall@1": 0.673,
    "recall@5": 0.912,
    "recall@10": 0.978,
    "f1@1": 0.673,
    "f1@5": 0.304,
    "f1@10": 0.17781818181818182,
    "map@1": 0.673,
    "map@5": 0.7716333333333334,
    "map@10": 0.7809400793650795,
    "mrr@1": 0.673,
    "mrr@5": 0.7716333333333334,
    "mrr@10": 0.7809400793650795,
    "num_pred": 1000,
    "num_data": 1000
}