{
    "hit@1": 0.333,
    "hit@5": 0.575,
    "hit@10": 0.68,
    "ndcg_linear@1": 0.333,
    "ndcg_linear@5": 0.4590813261880937,
    "ndcg_linear@10": 0.49330740868133544,
    "ndcg_exponential@1": 0.333,
    "ndcg_exponential@5": 0.4590813261880937,
    "ndcg_exponential@10": 0.49330740868133544,
    "precision@1": 0.333,
    "precision@5": 0.11499999999999998,
    "precision@10": 0.068,
    "recall@1": 0.333,
    "recall@5": 0.575,
    "recall@10": 0.68,
    "f1@1": 0.333,
    "f1@5": 0.1916666666666667,
    "f1@10": 0.12363636363636366,
    "map@1": 0.333,
    "map@5": 0.42075,
    "map@10": 0.4350361111111111,
    "mrr@1": 0.333,
    "mrr@5": 0.42075,
    "mrr@10": 0.4350361111111111,
    "num_pred": 1000,
    "num_data": 1000
}