{
    "hit@1": 0.602,
    "hit@5": 0.858,
    "hit@10": 0.933,
    "ndcg_linear@1": 0.602,
    "ndcg_linear@5": 0.7395471067677345,
    "ndcg_linear@10": 0.7640358412915298,
    "ndcg_exponential@1": 0.602,
    "ndcg_exponential@5": 0.7395471067677345,
    "ndcg_exponential@10": 0.7640358412915298,
    "precision@1": 0.602,
    "precision@5": 0.17160000000000003,
    "precision@10": 0.09330000000000001,
    "recall@1": 0.602,
    "recall@5": 0.858,
    "recall@10": 0.933,
    "f1@1": 0.602,
    "f1@5": 0.28600000000000003,
    "f1@10": 0.1696363636363636,
    "map@1": 0.602,
    "map@5": 0.7000166666666666,
    "map@10": 0.7102662698412698,
    "mrr@1": 0.602,
    "mrr@5": 0.7000166666666666,
    "mrr@10": 0.7102662698412698,
    "num_pred": 1000,
    "num_data": 1000
}