{
    "hit@1": 0.683,
    "hit@5": 0.897,
    "hit@10": 0.942,
    "ndcg_linear@1": 0.683,
    "ndcg_linear@5": 0.799815007334471,
    "ndcg_linear@10": 0.8145413941607472,
    "ndcg_exponential@1": 0.683,
    "ndcg_exponential@5": 0.799815007334471,
    "ndcg_exponential@10": 0.8145413941607472,
    "precision@1": 0.683,
    "precision@5": 0.17940000000000003,
    "precision@10": 0.09420000000000002,
    "recall@1": 0.683,
    "recall@5": 0.897,
    "recall@10": 0.942,
    "f1@1": 0.683,
    "f1@5": 0.299,
    "f1@10": 0.17127272727272724,
    "map@1": 0.683,
    "map@5": 0.7672166666666667,
    "map@10": 0.773395238095238,
    "mrr@1": 0.683,
    "mrr@5": 0.7672166666666667,
    "mrr@10": 0.773395238095238,
    "num_pred": 1000,
    "num_data": 1000
}