{
    "hit@1": 0.001,
    "hit@5": 0.007,
    "hit@10": 0.011,
    "ndcg_linear@1": 0.001,
    "ndcg_linear@5": 0.004123212623289701,
    "ndcg_linear@10": 0.005344237198843028,
    "ndcg_exponential@1": 0.001,
    "ndcg_exponential@5": 0.004123212623289701,
    "ndcg_exponential@10": 0.005344237198843028,
    "precision@1": 0.001,
    "precision@5": 0.0014,
    "precision@10": 0.0011,
    "recall@1": 0.001,
    "recall@5": 0.007,
    "recall@10": 0.011,
    "f1@1": 0.001,
    "f1@5": 0.0023333333333333335,
    "f1@10": 0.002,
    "map@1": 0.001,
    "map@5": 0.0031666666666666666,
    "map@10": 0.003627777777777778,
    "mrr@1": 0.001,
    "mrr@5": 0.0031666666666666666,
    "mrr@10": 0.003627777777777778,
    "num_pred": 1000,
    "num_data": 1000
}