{
    "hit@1": 0.0,
    "hit@5": 0.004,
    "hit@10": 0.009,
    "ndcg_linear@1": 0.0,
    "ndcg_linear@5": 0.0016788824814547207,
    "ndcg_linear@10": 0.003180440289405699,
    "ndcg_exponential@1": 0.0,
    "ndcg_exponential@5": 0.0016788824814547207,
    "ndcg_exponential@10": 0.003180440289405699,
    "precision@1": 0.0,
    "precision@5": 0.0008,
    "precision@10": 0.0009,
    "recall@1": 0.0,
    "recall@5": 0.004,
    "recall@10": 0.009,
    "f1@1": 0.0,
    "f1@5": 0.0013333333333333335,
    "f1@10": 0.0016363636363636365,
    "map@1": 0.0,
    "map@5": 0.00095,
    "map@10": 0.001503968253968254,
    "mrr@1": 0.0,
    "mrr@5": 0.00095,
    "mrr@10": 0.001503968253968254,
    "num_pred": 1000,
    "num_data": 1000
}