{
    "hit@1": 0.055,
    "hit@5": 0.157,
    "hit@10": 0.232,
    "ndcg_linear@1": 0.055,
    "ndcg_linear@5": 0.10378616956881265,
    "ndcg_linear@10": 0.12822148396549976,
    "ndcg_exponential@1": 0.055,
    "ndcg_exponential@5": 0.10378616956881265,
    "ndcg_exponential@10": 0.12822148396549976,
    "precision@1": 0.055,
    "precision@5": 0.031400000000000004,
    "precision@10": 0.0232,
    "recall@1": 0.055,
    "recall@5": 0.157,
    "recall@10": 0.232,
    "f1@1": 0.055,
    "f1@5": 0.05233333333333334,
    "f1@10": 0.04218181818181819,
    "map@1": 0.055,
    "map@5": 0.08661666666666666,
    "map@10": 0.09680714285714286,
    "mrr@1": 0.055,
    "mrr@5": 0.08661666666666666,
    "mrr@10": 0.09680714285714286,
    "num_pred": 1000,
    "num_data": 1000
}