{
    "hit@1": 0.16,
    "hit@5": 0.354,
    "hit@10": 0.466,
    "ndcg_linear@1": 0.16,
    "ndcg_linear@5": 0.2577951264439574,
    "ndcg_linear@10": 0.29392775776709945,
    "ndcg_exponential@1": 0.16,
    "ndcg_exponential@5": 0.2577951264439574,
    "ndcg_exponential@10": 0.29392775776709945,
    "precision@1": 0.16,
    "precision@5": 0.07080000000000002,
    "precision@10": 0.046599999999999996,
    "recall@1": 0.16,
    "recall@5": 0.354,
    "recall@10": 0.466,
    "f1@1": 0.16,
    "f1@5": 0.11800000000000002,
    "f1@10": 0.08472727272727275,
    "map@1": 0.16,
    "map@5": 0.22635000000000002,
    "map@10": 0.2412138888888889,
    "mrr@1": 0.16,
    "mrr@5": 0.22635000000000002,
    "mrr@10": 0.2412138888888889,
    "num_pred": 1000,
    "num_data": 1000
}