{
    "hit@1": 0.252,
    "hit@5": 0.527,
    "hit@10": 0.645,
    "ndcg_linear@1": 0.252,
    "ndcg_linear@5": 0.3943347702109051,
    "ndcg_linear@10": 0.43223521628821715,
    "ndcg_exponential@1": 0.252,
    "ndcg_exponential@5": 0.3943347702109051,
    "ndcg_exponential@10": 0.43223521628821715,
    "precision@1": 0.252,
    "precision@5": 0.10539999999999998,
    "precision@10": 0.0645,
    "recall@1": 0.252,
    "recall@5": 0.527,
    "recall@10": 0.645,
    "f1@1": 0.252,
    "f1@5": 0.17566666666666672,
    "f1@10": 0.11727272727272728,
    "map@1": 0.252,
    "map@5": 0.3505,
    "map@10": 0.3659944444444444,
    "mrr@1": 0.252,
    "mrr@5": 0.3505,
    "mrr@10": 0.3659944444444444,
    "num_pred": 1000,
    "num_data": 1000
}