{
    "hit@1": 0.002,
    "hit@5": 0.009,
    "hit@10": 0.022,
    "ndcg_linear@1": 0.002,
    "ndcg_linear@5": 0.005510065430524243,
    "ndcg_linear@10": 0.009689779900129989,
    "ndcg_exponential@1": 0.002,
    "ndcg_exponential@5": 0.005510065430524243,
    "ndcg_exponential@10": 0.009689779900129989,
    "precision@1": 0.002,
    "precision@5": 0.0018,
    "precision@10": 0.0022,
    "recall@1": 0.002,
    "recall@5": 0.009,
    "recall@10": 0.022,
    "f1@1": 0.002,
    "f1@5": 0.003,
    "f1@10": 0.003999999999999999,
    "map@1": 0.002,
    "map@5": 0.004366666666666667,
    "map@10": 0.00608015873015873,
    "mrr@1": 0.002,
    "mrr@5": 0.004366666666666667,
    "mrr@10": 0.00608015873015873,
    "num_pred": 1000,
    "num_data": 1000
}