{
    "hit@1": 0.005,
    "hit@5": 0.019,
    "hit@10": 0.027,
    "ndcg_linear@1": 0.005,
    "ndcg_linear@5": 0.011306224081788836,
    "ndcg_linear@10": 0.013911335095451956,
    "ndcg_exponential@1": 0.005,
    "ndcg_exponential@5": 0.011306224081788836,
    "ndcg_exponential@10": 0.013911335095451956,
    "precision@1": 0.005,
    "precision@5": 0.003800000000000001,
    "precision@10": 0.0027,
    "recall@1": 0.005,
    "recall@5": 0.019,
    "recall@10": 0.027,
    "f1@1": 0.005,
    "f1@5": 0.006333333333333333,
    "f1@10": 0.004909090909090909,
    "map@1": 0.005,
    "map@5": 0.00885,
    "map@10": 0.00993611111111111,
    "mrr@1": 0.005,
    "mrr@5": 0.00885,
    "mrr@10": 0.00993611111111111,
    "num_pred": 1000,
    "num_data": 1000
}