{
    "hit@1": 0.003,
    "hit@5": 0.011,
    "hit@10": 0.024,
    "ndcg_linear@1": 0.003,
    "ndcg_linear@5": 0.006827594795832177,
    "ndcg_linear@10": 0.010870647453349296,
    "ndcg_exponential@1": 0.003,
    "ndcg_exponential@5": 0.006827594795832177,
    "ndcg_exponential@10": 0.010870647453349296,
    "precision@1": 0.003,
    "precision@5": 0.0022,
    "precision@10": 0.0024000000000000002,
    "recall@1": 0.003,
    "recall@5": 0.011,
    "recall@10": 0.024,
    "f1@1": 0.003,
    "f1@5": 0.003666666666666667,
    "f1@10": 0.004363636363636363,
    "map@1": 0.003,
    "map@5": 0.005483333333333333,
    "map@10": 0.007057936507936509,
    "mrr@1": 0.003,
    "mrr@5": 0.005483333333333333,
    "mrr@10": 0.007057936507936509,
    "num_pred": 1000,
    "num_data": 1000
}