{
    "hit@1": 0.001,
    "hit@5": 0.009,
    "hit@10": 0.017,
    "ndcg_linear@1": 0.001,
    "ndcg_linear@5": 0.004339440903158346,
    "ndcg_linear@10": 0.006925111638472636,
    "ndcg_exponential@1": 0.001,
    "ndcg_exponential@5": 0.004339440903158346,
    "ndcg_exponential@10": 0.006925111638472636,
    "precision@1": 0.001,
    "precision@5": 0.0018000000000000002,
    "precision@10": 0.0017000000000000001,
    "recall@1": 0.001,
    "recall@5": 0.009,
    "recall@10": 0.017,
    "f1@1": 0.001,
    "f1@5": 0.003,
    "f1@10": 0.0030909090909090908,
    "map@1": 0.001,
    "map@5": 0.002883333333333333,
    "map@10": 0.003949603174603174,
    "mrr@1": 0.001,
    "mrr@5": 0.002883333333333333,
    "mrr@10": 0.003949603174603174,
    "num_pred": 1000,
    "num_data": 1000
}