{
    "hit@1": 0.0,
    "hit@5": 0.005,
    "hit@10": 0.011,
    "ndcg_linear@1": 0.0,
    "ndcg_linear@5": 0.0022737056144690833,
    "ndcg_linear@10": 0.004155493569487565,
    "ndcg_exponential@1": 0.0,
    "ndcg_exponential@5": 0.0022737056144690833,
    "ndcg_exponential@10": 0.004155493569487565,
    "precision@1": 0.0,
    "precision@5": 0.001,
    "precision@10": 0.0011,
    "recall@1": 0.0,
    "recall@5": 0.005,
    "recall@10": 0.011,
    "f1@1": 0.0,
    "f1@5": 0.001666666666666667,
    "f1@10": 0.002,
    "map@1": 0.0,
    "map@5": 0.0014,
    "map@10": 0.002140079365079365,
    "mrr@1": 0.0,
    "mrr@5": 0.0014,
    "mrr@10": 0.002140079365079365,
    "num_pred": 1000,
    "num_data": 1000
}