{
    "hit@1": 0.0,
    "hit@5": 0.005,
    "hit@10": 0.006,
    "ndcg_linear@1": 0.0,
    "ndcg_linear@5": 0.002265988484187327,
    "ndcg_linear@10": 0.002567018479851308,
    "ndcg_exponential@1": 0.0,
    "ndcg_exponential@5": 0.002265988484187327,
    "ndcg_exponential@10": 0.002567018479851308,
    "precision@1": 0.0,
    "precision@5": 0.001,
    "precision@10": 0.0006000000000000001,
    "recall@1": 0.0,
    "recall@5": 0.005,
    "recall@10": 0.006,
    "f1@1": 0.0,
    "f1@5": 0.0016666666666666668,
    "f1@10": 0.0010909090909090907,
    "map@1": 0.0,
    "map@5": 0.0014,
    "map@10": 0.001511111111111111,
    "mrr@1": 0.0,
    "mrr@5": 0.0014,
    "mrr@10": 0.001511111111111111,
    "num_pred": 1000,
    "num_data": 1000
}