{
    "hit@1": 0.034,
    "hit@5": 0.132,
    "hit@10": 0.212,
    "ndcg_linear@1": 0.034,
    "ndcg_linear@5": 0.08192770692699147,
    "ndcg_linear@10": 0.10751626755259028,
    "ndcg_exponential@1": 0.034,
    "ndcg_exponential@5": 0.08192770692699147,
    "ndcg_exponential@10": 0.10751626755259028,
    "precision@1": 0.034,
    "precision@5": 0.0264,
    "precision@10": 0.021200000000000004,
    "recall@1": 0.034,
    "recall@5": 0.132,
    "recall@10": 0.212,
    "f1@1": 0.034,
    "f1@5": 0.044,
    "f1@10": 0.03854545454545455,
    "map@1": 0.034,
    "map@5": 0.06565,
    "map@10": 0.07605238095238095,
    "mrr@1": 0.034,
    "mrr@5": 0.06565,
    "mrr@10": 0.07605238095238095,
    "num_pred": 1000,
    "num_data": 1000
}