{
    "hit@1": 0.099,
    "hit@5": 0.236,
    "hit@10": 0.331,
    "ndcg_linear@1": 0.099,
    "ndcg_linear@5": 0.1683453504488728,
    "ndcg_linear@10": 0.19877120656432704,
    "ndcg_exponential@1": 0.099,
    "ndcg_exponential@5": 0.1683453504488728,
    "ndcg_exponential@10": 0.19877120656432704,
    "precision@1": 0.099,
    "precision@5": 0.047200000000000006,
    "precision@10": 0.033100000000000004,
    "recall@1": 0.099,
    "recall@5": 0.236,
    "recall@10": 0.331,
    "f1@1": 0.099,
    "f1@5": 0.07866666666666669,
    "f1@10": 0.060181818181818184,
    "map@1": 0.099,
    "map@5": 0.14614999999999997,
    "map@10": 0.15853571428571428,
    "mrr@1": 0.099,
    "mrr@5": 0.14614999999999997,
    "mrr@10": 0.15853571428571428,
    "num_pred": 1000,
    "num_data": 1000
}