{
    "hit@1": 0.0,
    "hit@5": 0.01,
    "hit@10": 0.016,
    "ndcg_linear@1": 0.0,
    "ndcg_linear@5": 0.00558532532593068,
    "ndcg_linear@10": 0.007487451449272421,
    "ndcg_exponential@1": 0.0,
    "ndcg_exponential@5": 0.00558532532593068,
    "ndcg_exponential@10": 0.007487451449272421,
    "precision@1": 0.0,
    "precision@5": 0.002,
    "precision@10": 0.0016,
    "recall@1": 0.0,
    "recall@5": 0.01,
    "recall@10": 0.016,
    "f1@1": 0.0,
    "f1@5": 0.0033333333333333335,
    "f1@10": 0.0029090909090909093,
    "map@1": 0.0,
    "map@5": 0.004083333333333333,
    "map@10": 0.0048440476190476185,
    "mrr@1": 0.0,
    "mrr@5": 0.004083333333333333,
    "mrr@10": 0.0048440476190476185,
    "num_pred": 1000,
    "num_data": 1000
}