{
    "hit@1": 0.001,
    "hit@5": 0.008,
    "hit@10": 0.017,
    "ndcg_linear@1": 0.001,
    "ndcg_linear@5": 0.0043969182377587845,
    "ndcg_linear@10": 0.0073100190192048956,
    "ndcg_exponential@1": 0.001,
    "ndcg_exponential@5": 0.0043969182377587845,
    "ndcg_exponential@10": 0.0073100190192048956,
    "precision@1": 0.001,
    "precision@5": 0.0016,
    "precision@10": 0.0017000000000000001,
    "recall@1": 0.001,
    "recall@5": 0.008,
    "recall@10": 0.017,
    "f1@1": 0.001,
    "f1@5": 0.002666666666666667,
    "f1@10": 0.0030909090909090908,
    "map@1": 0.001,
    "map@5": 0.003233333333333333,
    "map@10": 0.004435714285714286,
    "mrr@1": 0.001,
    "mrr@5": 0.003233333333333333,
    "mrr@10": 0.004435714285714286,
    "num_pred": 1000,
    "num_data": 1000
}