{
    "hit@1": 0.001,
    "hit@5": 0.007,
    "hit@10": 0.015,
    "ndcg_linear@1": 0.001,
    "ndcg_linear@5": 0.004254142376861159,
    "ndcg_linear@10": 0.006703058678819525,
    "ndcg_exponential@1": 0.001,
    "ndcg_exponential@5": 0.004254142376861159,
    "ndcg_exponential@10": 0.006703058678819525,
    "precision@1": 0.001,
    "precision@5": 0.0014,
    "precision@10": 0.0015,
    "recall@1": 0.001,
    "recall@5": 0.007,
    "recall@10": 0.015,
    "f1@1": 0.001,
    "f1@5": 0.0023333333333333335,
    "f1@10": 0.0027272727272727275,
    "map@1": 0.001,
    "map@5": 0.003333333333333333,
    "map@10": 0.004263492063492064,
    "mrr@1": 0.001,
    "mrr@5": 0.003333333333333333,
    "mrr@10": 0.004263492063492064,
    "num_pred": 1000,
    "num_data": 1000
}