{
    "hit@1": 0.0,
    "hit@5": 0.004,
    "hit@10": 0.013,
    "ndcg_linear@1": 0.0,
    "ndcg_linear@5": 0.00252371901428583,
    "ndcg_linear@10": 0.0054068935485709485,
    "ndcg_exponential@1": 0.0,
    "ndcg_exponential@5": 0.00252371901428583,
    "ndcg_exponential@10": 0.0054068935485709485,
    "precision@1": 0.0,
    "precision@5": 0.0008,
    "precision@10": 0.0013,
    "recall@1": 0.0,
    "recall@5": 0.004,
    "recall@10": 0.013,
    "f1@1": 0.0,
    "f1@5": 0.0013333333333333335,
    "f1@10": 0.0023636363636363638,
    "map@1": 0.0,
    "map@5": 0.002,
    "map@10": 0.0031761904761904765,
    "mrr@1": 0.0,
    "mrr@5": 0.002,
    "mrr@10": 0.0031761904761904765,
    "num_pred": 1000,
    "num_data": 1000
}