{
    "hit@1": 0.008,
    "hit@5": 0.02,
    "hit@10": 0.046,
    "ndcg_linear@1": 0.008,
    "ndcg_linear@5": 0.013652841291421868,
    "ndcg_linear@10": 0.02184532542944308,
    "ndcg_exponential@1": 0.008,
    "ndcg_exponential@5": 0.013652841291421868,
    "ndcg_exponential@10": 0.02184532542944308,
    "precision@1": 0.008,
    "precision@5": 0.004,
    "precision@10": 0.004600000000000001,
    "recall@1": 0.008,
    "recall@5": 0.02,
    "recall@10": 0.046,
    "f1@1": 0.008,
    "f1@5": 0.006666666666666667,
    "f1@10": 0.008363636363636363,
    "map@1": 0.008,
    "map@5": 0.0116,
    "map@10": 0.014855952380952381,
    "mrr@1": 0.008,
    "mrr@5": 0.0116,
    "mrr@10": 0.014855952380952381,
    "num_pred": 1000,
    "num_data": 1000
}