{
    "hit@1": 0.0,
    "hit@5": 0.005,
    "hit@10": 0.013,
    "ndcg_linear@1": 0.0,
    "ndcg_linear@5": 0.0023613531161467863,
    "ndcg_linear@10": 0.0048764479152450845,
    "ndcg_exponential@1": 0.0,
    "ndcg_exponential@5": 0.0023613531161467863,
    "ndcg_exponential@10": 0.0048764479152450845,
    "precision@1": 0.0,
    "precision@5": 0.001,
    "precision@10": 0.0013000000000000004,
    "recall@1": 0.0,
    "recall@5": 0.005,
    "recall@10": 0.013,
    "f1@1": 0.0,
    "f1@5": 0.001666666666666667,
    "f1@10": 0.0023636363636363633,
    "map@1": 0.0,
    "map@5": 0.0014999999999999998,
    "map@10": 0.0024956349206349203,
    "mrr@1": 0.0,
    "mrr@5": 0.0014999999999999998,
    "mrr@10": 0.0024956349206349203,
    "num_pred": 1000,
    "num_data": 1000
}