{
    "hit@1": 0.004,
    "hit@5": 0.007,
    "hit@10": 0.014,
    "ndcg_linear@1": 0.004,
    "ndcg_linear@5": 0.0055177825608059995,
    "ndcg_linear@10": 0.007724372255237579,
    "ndcg_exponential@1": 0.004,
    "ndcg_exponential@5": 0.0055177825608059995,
    "ndcg_exponential@10": 0.007724372255237579,
    "precision@1": 0.004,
    "precision@5": 0.0014,
    "precision@10": 0.0014000000000000002,
    "recall@1": 0.004,
    "recall@5": 0.007,
    "recall@10": 0.014,
    "f1@1": 0.004,
    "f1@5": 0.0023333333333333335,
    "f1@10": 0.0025454545454545456,
    "map@1": 0.004,
    "map@5": 0.005033333333333333,
    "map@10": 0.005909126984126984,
    "mrr@1": 0.004,
    "mrr@5": 0.005033333333333333,
    "mrr@10": 0.005909126984126984,
    "num_pred": 1000,
    "num_data": 1000
}