{
    "hit@1": 0.0,
    "hit@5": 0.007,
    "hit@10": 0.015,
    "ndcg_linear@1": 0.0,
    "ndcg_linear@5": 0.003265988484187327,
    "ndcg_linear@10": 0.005790420145912994,
    "ndcg_exponential@1": 0.0,
    "ndcg_exponential@5": 0.003265988484187327,
    "ndcg_exponential@10": 0.005790420145912994,
    "precision@1": 0.0,
    "precision@5": 0.0014,
    "precision@10": 0.0015,
    "recall@1": 0.0,
    "recall@5": 0.007,
    "recall@10": 0.015,
    "f1@1": 0.0,
    "f1@5": 0.002333333333333334,
    "f1@10": 0.0027272727272727275,
    "map@1": 0.0,
    "map@5": 0.0020666666666666663,
    "map@10": 0.003073015873015873,
    "mrr@1": 0.0,
    "mrr@5": 0.0020666666666666663,
    "mrr@10": 0.003073015873015873,
    "num_pred": 1000,
    "num_data": 1000
}