{
    "hit@1": 0.017,
    "hit@5": 0.056,
    "hit@10": 0.096,
    "ndcg_linear@1": 0.017,
    "ndcg_linear@5": 0.03519129553708342,
    "ndcg_linear@10": 0.048201649171183185,
    "ndcg_exponential@1": 0.017,
    "ndcg_exponential@5": 0.03519129553708342,
    "ndcg_exponential@10": 0.048201649171183185,
    "precision@1": 0.017,
    "precision@5": 0.0112,
    "precision@10": 0.0096,
    "recall@1": 0.017,
    "recall@5": 0.056,
    "recall@10": 0.096,
    "f1@1": 0.017,
    "f1@5": 0.01866666666666667,
    "f1@10": 0.017454545454545452,
    "map@1": 0.017,
    "map@5": 0.0285,
    "map@10": 0.033918253968253965,
    "mrr@1": 0.017,
    "mrr@5": 0.0285,
    "mrr@10": 0.033918253968253965,
    "num_pred": 1000,
    "num_data": 1000
}