{
    "hit@1": 0.007,
    "hit@5": 0.013,
    "hit@10": 0.027,
    "ndcg_linear@1": 0.007,
    "ndcg_linear@5": 0.009835311926113935,
    "ndcg_linear@10": 0.014199798721294067,
    "ndcg_exponential@1": 0.007,
    "ndcg_exponential@5": 0.009835311926113935,
    "ndcg_exponential@10": 0.014199798721294067,
    "precision@1": 0.007,
    "precision@5": 0.0026,
    "precision@10": 0.0026999999999999997,
    "recall@1": 0.007,
    "recall@5": 0.013,
    "recall@10": 0.027,
    "f1@1": 0.007,
    "f1@5": 0.004333333333333334,
    "f1@10": 0.004909090909090909,
    "map@1": 0.007,
    "map@5": 0.008816666666666667,
    "map@10": 0.010523412698412699,
    "mrr@1": 0.007,
    "mrr@5": 0.008816666666666667,
    "mrr@10": 0.010523412698412699,
    "num_pred": 1000,
    "num_data": 1000
}