{
    "hit@1": 0.007,
    "hit@5": 0.027,
    "hit@10": 0.049,
    "ndcg_linear@1": 0.007,
    "ndcg_linear@5": 0.016271924262529127,
    "ndcg_linear@10": 0.02331546560933846,
    "ndcg_exponential@1": 0.007,
    "ndcg_exponential@5": 0.016271924262529127,
    "ndcg_exponential@10": 0.02331546560933846,
    "precision@1": 0.007,
    "precision@5": 0.0054,
    "precision@10": 0.004900000000000001,
    "recall@1": 0.007,
    "recall@5": 0.027,
    "recall@10": 0.049,
    "f1@1": 0.007,
    "f1@5": 0.009,
    "f1@10": 0.008909090909090908,
    "map@1": 0.007,
    "map@5": 0.012850000000000002,
    "map@10": 0.01571706349206349,
    "mrr@1": 0.007,
    "mrr@5": 0.012850000000000002,
    "mrr@10": 0.01571706349206349,
    "num_pred": 1000,
    "num_data": 1000
}