{
    "hit@1": 0.005,
    "hit@5": 0.012,
    "hit@10": 0.021,
    "ndcg_linear@1": 0.005,
    "ndcg_linear@5": 0.008135058730615869,
    "ndcg_linear@10": 0.011068497680385241,
    "ndcg_exponential@1": 0.005,
    "ndcg_exponential@5": 0.008135058730615869,
    "ndcg_exponential@10": 0.011068497680385241,
    "precision@1": 0.005,
    "precision@5": 0.0024000000000000002,
    "precision@10": 0.0021000000000000003,
    "recall@1": 0.005,
    "recall@5": 0.012,
    "recall@10": 0.021,
    "f1@1": 0.005,
    "f1@5": 0.004,
    "f1@10": 0.0038181818181818182,
    "map@1": 0.005,
    "map@5": 0.0069,
    "map@10": 0.008123015873015874,
    "mrr@1": 0.005,
    "mrr@5": 0.0069,
    "mrr@10": 0.008123015873015874,
    "num_pred": 1000,
    "num_data": 1000
}