{
    "hit@1": 0.0,
    "hit@5": 0.01,
    "hit@10": 0.018,
    "ndcg_linear@1": 0.0,
    "ndcg_linear@5": 0.004244617770143984,
    "ndcg_linear@10": 0.006762089659750641,
    "ndcg_exponential@1": 0.0,
    "ndcg_exponential@5": 0.004244617770143984,
    "ndcg_exponential@10": 0.006762089659750641,
    "precision@1": 0.0,
    "precision@5": 0.002,
    "precision@10": 0.0018,
    "recall@1": 0.0,
    "recall@5": 0.01,
    "recall@10": 0.018,
    "f1@1": 0.0,
    "f1@5": 0.003333333333333334,
    "f1@10": 0.003272727272727273,
    "map@1": 0.0,
    "map@5": 0.0024333333333333334,
    "map@10": 0.0034345238095238096,
    "mrr@1": 0.0,
    "mrr@5": 0.0024333333333333334,
    "mrr@10": 0.0034345238095238096,
    "num_pred": 1000,
    "num_data": 1000
}