{
    "hit@1": 0.044,
    "hit@5": 0.217,
    "hit@10": 0.442,
    "ndcg_linear@1": 0.044,
    "ndcg_linear@5": 0.12670667473997202,
    "ndcg_linear@10": 0.19876135791415528,
    "ndcg_exponential@1": 0.044,
    "ndcg_exponential@5": 0.12670667473997202,
    "ndcg_exponential@10": 0.19876135791415528,
    "precision@1": 0.044,
    "precision@5": 0.0434,
    "precision@10": 0.0442,
    "recall@1": 0.044,
    "recall@5": 0.217,
    "recall@10": 0.442,
    "f1@1": 0.044,
    "f1@5": 0.07233333333333335,
    "f1@10": 0.08036363636363637,
    "map@1": 0.044,
    "map@5": 0.09756666666666666,
    "map@10": 0.12689166666666665,
    "mrr@1": 0.044,
    "mrr@5": 0.09756666666666666,
    "mrr@10": 0.12689166666666665,
    "num_pred": 1000,
    "num_data": 1000
}