{
    "hit@1": 0.004,
    "hit@5": 0.013,
    "hit@10": 0.031,
    "ndcg_linear@1": 0.004,
    "ndcg_linear@5": 0.00859717143325685,
    "ndcg_linear@10": 0.014278443710813573,
    "ndcg_exponential@1": 0.004,
    "ndcg_exponential@5": 0.00859717143325685,
    "ndcg_exponential@10": 0.014278443710813573,
    "precision@1": 0.004,
    "precision@5": 0.0026,
    "precision@10": 0.0031,
    "recall@1": 0.004,
    "recall@5": 0.013,
    "recall@10": 0.031,
    "f1@1": 0.004,
    "f1@5": 0.004333333333333334,
    "f1@10": 0.005636363636363636,
    "map@1": 0.004,
    "map@5": 0.007149999999999999,
    "map@10": 0.009417460317460317,
    "mrr@1": 0.004,
    "mrr@5": 0.007149999999999999,
    "mrr@10": 0.009417460317460317,
    "num_pred": 1000,
    "num_data": 1000
}