{
    "hit@1": 0.003,
    "hit@5": 0.01,
    "hit@10": 0.016,
    "ndcg_linear@1": 0.003,
    "ndcg_linear@5": 0.006178882481454721,
    "ndcg_linear@10": 0.008018779019966116,
    "ndcg_exponential@1": 0.003,
    "ndcg_exponential@5": 0.006178882481454721,
    "ndcg_exponential@10": 0.008018779019966116,
    "precision@1": 0.003,
    "precision@5": 0.002,
    "precision@10": 0.0016,
    "recall@1": 0.003,
    "recall@5": 0.01,
    "recall@10": 0.016,
    "f1@1": 0.003,
    "f1@5": 0.0033333333333333335,
    "f1@10": 0.0029090909090909093,
    "map@1": 0.003,
    "map@5": 0.00495,
    "map@10": 0.005652777777777777,
    "mrr@1": 0.003,
    "mrr@5": 0.00495,
    "mrr@10": 0.005652777777777777,
    "num_pred": 1000,
    "num_data": 1000
}