{
    "hit@1": 0.041,
    "hit@5": 0.126,
    "hit@10": 0.311,
    "ndcg_linear@1": 0.041,
    "ndcg_linear@5": 0.08155682920412752,
    "ndcg_linear@10": 0.13924306970347244,
    "ndcg_exponential@1": 0.041,
    "ndcg_exponential@5": 0.08155682920412752,
    "ndcg_exponential@10": 0.13924306970347244,
    "precision@1": 0.041,
    "precision@5": 0.025200000000000004,
    "precision@10": 0.031100000000000003,
    "recall@1": 0.041,
    "recall@5": 0.126,
    "recall@10": 0.311,
    "f1@1": 0.041,
    "f1@5": 0.042,
    "f1@10": 0.056545454545454545,
    "map@1": 0.041,
    "map@5": 0.06725,
    "map@10": 0.0898313492063492,
    "mrr@1": 0.041,
    "mrr@5": 0.06725,
    "mrr@10": 0.0898313492063492,
    "num_pred": 1000,
    "num_data": 1000
}