{
    "hit@1": 0.32,
    "hit@5": 0.568,
    "hit@10": 0.673,
    "ndcg_linear@1": 0.32,
    "ndcg_linear@5": 0.45141075525999474,
    "ndcg_linear@10": 0.4856147958157605,
    "ndcg_exponential@1": 0.32,
    "ndcg_exponential@5": 0.45141075525999474,
    "ndcg_exponential@10": 0.4856147958157605,
    "precision@1": 0.32,
    "precision@5": 0.11359999999999999,
    "precision@10": 0.0673,
    "recall@1": 0.32,
    "recall@5": 0.568,
    "recall@10": 0.673,
    "f1@1": 0.32,
    "f1@5": 0.18933333333333338,
    "f1@10": 0.12236363636363638,
    "map@1": 0.32,
    "map@5": 0.4126666666666666,
    "map@10": 0.4269293650793651,
    "mrr@1": 0.32,
    "mrr@5": 0.4126666666666666,
    "mrr@10": 0.4269293650793651,
    "num_pred": 1000,
    "num_data": 1000
}