{
    "hit@1": 0.648,
    "hit@5": 0.877,
    "hit@10": 0.938,
    "ndcg_linear@1": 0.648,
    "ndcg_linear@5": 0.773110651286424,
    "ndcg_linear@10": 0.792931807738644,
    "ndcg_exponential@1": 0.648,
    "ndcg_exponential@5": 0.773110651286424,
    "ndcg_exponential@10": 0.792931807738644,
    "precision@1": 0.648,
    "precision@5": 0.17540000000000003,
    "precision@10": 0.09380000000000001,
    "recall@1": 0.648,
    "recall@5": 0.877,
    "recall@10": 0.938,
    "f1@1": 0.648,
    "f1@5": 0.2923333333333334,
    "f1@10": 0.17054545454545456,
    "map@1": 0.648,
    "map@5": 0.73825,
    "map@10": 0.746486507936508,
    "mrr@1": 0.648,
    "mrr@5": 0.73825,
    "mrr@10": 0.746486507936508,
    "num_pred": 1000,
    "num_data": 1000
}