{
    "hit@1": 0.566,
    "hit@5": 0.849,
    "hit@10": 0.931,
    "ndcg_linear@1": 0.566,
    "ndcg_linear@5": 0.7179275084221777,
    "ndcg_linear@10": 0.7446016892033742,
    "ndcg_exponential@1": 0.566,
    "ndcg_exponential@5": 0.7179275084221777,
    "ndcg_exponential@10": 0.7446016892033742,
    "precision@1": 0.566,
    "precision@5": 0.1698,
    "precision@10": 0.09310000000000002,
    "recall@1": 0.566,
    "recall@5": 0.849,
    "recall@10": 0.931,
    "f1@1": 0.566,
    "f1@5": 0.28300000000000003,
    "f1@10": 0.16927272727272724,
    "map@1": 0.566,
    "map@5": 0.6741333333333334,
    "map@10": 0.6852345238095238,
    "mrr@1": 0.566,
    "mrr@5": 0.6741333333333334,
    "mrr@10": 0.6852345238095238,
    "num_pred": 1000,
    "num_data": 1000
}