{
    "hit@1": 0.55,
    "hit@5": 0.779,
    "hit@10": 0.84,
    "ndcg_linear@1": 0.55,
    "ndcg_linear@5": 0.6749387875812013,
    "ndcg_linear@10": 0.6949458797497523,
    "ndcg_exponential@1": 0.55,
    "ndcg_exponential@5": 0.6749387875812013,
    "ndcg_exponential@10": 0.6949458797497523,
    "precision@1": 0.55,
    "precision@5": 0.15580000000000002,
    "precision@10": 0.084,
    "recall@1": 0.55,
    "recall@5": 0.779,
    "recall@10": 0.84,
    "f1@1": 0.55,
    "f1@5": 0.25966666666666677,
    "f1@10": 0.15272727272727274,
    "map@1": 0.55,
    "map@5": 0.6400500000000001,
    "map@10": 0.6484742063492063,
    "mrr@1": 0.55,
    "mrr@5": 0.6400500000000001,
    "mrr@10": 0.6484742063492063,
    "num_pred": 1000,
    "num_data": 1000
}