{
    "hit@1": 0.679,
    "hit@5": 0.921,
    "hit@10": 0.971,
    "ndcg_linear@1": 0.679,
    "ndcg_linear@5": 0.8086104676316859,
    "ndcg_linear@10": 0.8251352701607575,
    "ndcg_exponential@1": 0.679,
    "ndcg_exponential@5": 0.8086104676316859,
    "ndcg_exponential@10": 0.8251352701607575,
    "precision@1": 0.679,
    "precision@5": 0.18420000000000003,
    "precision@10": 0.09710000000000002,
    "recall@1": 0.679,
    "recall@5": 0.921,
    "recall@10": 0.971,
    "f1@1": 0.679,
    "f1@5": 0.307,
    "f1@10": 0.17654545454545453,
    "map@1": 0.679,
    "map@5": 0.7711166666666666,
    "map@10": 0.7781396825396826,
    "mrr@1": 0.679,
    "mrr@5": 0.7711166666666666,
    "mrr@10": 0.7781396825396826,
    "num_pred": 1000,
    "num_data": 1000
}