{
    "hit@1": 0.726,
    "hit@5": 0.935,
    "hit@10": 0.975,
    "ndcg_linear@1": 0.726,
    "ndcg_linear@5": 0.8421260862221256,
    "ndcg_linear@10": 0.8553348425638521,
    "ndcg_exponential@1": 0.726,
    "ndcg_exponential@5": 0.8421260862221256,
    "ndcg_exponential@10": 0.8553348425638521,
    "precision@1": 0.726,
    "precision@5": 0.18700000000000003,
    "precision@10": 0.09750000000000002,
    "recall@1": 0.726,
    "recall@5": 0.935,
    "recall@10": 0.975,
    "f1@1": 0.726,
    "f1@5": 0.31166666666666665,
    "f1@10": 0.17727272727272725,
    "map@1": 0.726,
    "map@5": 0.8107666666666666,
    "map@10": 0.816375,
    "mrr@1": 0.726,
    "mrr@5": 0.8107666666666666,
    "mrr@10": 0.816375,
    "num_pred": 1000,
    "num_data": 1000
}