{
    "hit@1": 0.467,
    "hit@5": 0.655,
    "hit@10": 0.726,
    "ndcg_linear@1": 0.467,
    "ndcg_linear@5": 0.5666281450193719,
    "ndcg_linear@10": 0.58972345624243,
    "ndcg_exponential@1": 0.467,
    "ndcg_exponential@5": 0.5666281450193719,
    "ndcg_exponential@10": 0.58972345624243,
    "precision@1": 0.467,
    "precision@5": 0.13099999999999998,
    "precision@10": 0.0726,
    "recall@1": 0.467,
    "recall@5": 0.655,
    "recall@10": 0.726,
    "f1@1": 0.467,
    "f1@5": 0.2183333333333334,
    "f1@10": 0.13200000000000003,
    "map@1": 0.467,
    "map@5": 0.5372333333333332,
    "map@10": 0.5468472222222222,
    "mrr@1": 0.467,
    "mrr@5": 0.5372333333333332,
    "mrr@10": 0.5468472222222222,
    "num_pred": 1000,
    "num_data": 1000
}