{
    "hit@1": 0.489,
    "hit@5": 0.7,
    "hit@10": 0.767,
    "ndcg_linear@1": 0.489,
    "ndcg_linear@5": 0.6036898310547792,
    "ndcg_linear@10": 0.6258515461132339,
    "ndcg_exponential@1": 0.489,
    "ndcg_exponential@5": 0.6036898310547792,
    "ndcg_exponential@10": 0.6258515461132339,
    "precision@1": 0.489,
    "precision@5": 0.14,
    "precision@10": 0.07669999999999999,
    "recall@1": 0.489,
    "recall@5": 0.7,
    "recall@10": 0.767,
    "f1@1": 0.489,
    "f1@5": 0.2333333333333334,
    "f1@10": 0.1394545454545455,
    "map@1": 0.489,
    "map@5": 0.5714,
    "map@10": 0.5808353174603175,
    "mrr@1": 0.489,
    "mrr@5": 0.5714,
    "mrr@10": 0.5808353174603175,
    "num_pred": 1000,
    "num_data": 1000
}