{
    "hit@1": 0.374,
    "hit@5": 0.657,
    "hit@10": 0.747,
    "ndcg_linear@1": 0.374,
    "ndcg_linear@5": 0.5251604362649621,
    "ndcg_linear@10": 0.5542258471188131,
    "ndcg_exponential@1": 0.374,
    "ndcg_exponential@5": 0.5251604362649621,
    "ndcg_exponential@10": 0.5542258471188131,
    "precision@1": 0.374,
    "precision@5": 0.1314,
    "precision@10": 0.0747,
    "recall@1": 0.374,
    "recall@5": 0.657,
    "recall@10": 0.747,
    "f1@1": 0.374,
    "f1@5": 0.21900000000000006,
    "f1@10": 0.13581818181818184,
    "map@1": 0.374,
    "map@5": 0.48125,
    "map@10": 0.49321944444444443,
    "mrr@1": 0.374,
    "mrr@5": 0.48125,
    "mrr@10": 0.49321944444444443,
    "num_pred": 1000,
    "num_data": 1000
}