{
    "hit@1": 0.003,
    "hit@5": 0.022,
    "hit@10": 0.031,
    "ndcg_linear@1": 0.003,
    "ndcg_linear@5": 0.012042042398898898,
    "ndcg_linear@10": 0.015068931138658948,
    "ndcg_exponential@1": 0.003,
    "ndcg_exponential@5": 0.012042042398898898,
    "ndcg_exponential@10": 0.015068931138658948,
    "precision@1": 0.003,
    "precision@5": 0.0044,
    "precision@10": 0.0031,
    "recall@1": 0.003,
    "recall@5": 0.022,
    "recall@10": 0.031,
    "f1@1": 0.003,
    "f1@5": 0.007333333333333334,
    "f1@10": 0.0056363636363636355,
    "map@1": 0.003,
    "map@5": 0.008833333333333332,
    "map@10": 0.010150793650793648,
    "mrr@1": 0.003,
    "mrr@5": 0.008833333333333332,
    "mrr@10": 0.010150793650793648,
    "num_pred": 1000,
    "num_data": 1000
}