{
    "hit@1": 0.004,
    "hit@5": 0.019,
    "hit@10": 0.024,
    "ndcg_linear@1": 0.004,
    "ndcg_linear@5": 0.010605429387345672,
    "ndcg_linear@10": 0.012157317584456678,
    "ndcg_exponential@1": 0.004,
    "ndcg_exponential@5": 0.010605429387345672,
    "ndcg_exponential@10": 0.012157317584456678,
    "precision@1": 0.004,
    "precision@5": 0.0038,
    "precision@10": 0.0024000000000000002,
    "recall@1": 0.004,
    "recall@5": 0.019,
    "recall@10": 0.024,
    "f1@1": 0.004,
    "f1@5": 0.006333333333333334,
    "f1@10": 0.004363636363636363,
    "map@1": 0.004,
    "map@5": 0.00795,
    "map@10": 0.008551190476190476,
    "mrr@1": 0.004,
    "mrr@5": 0.00795,
    "mrr@10": 0.008551190476190476,
    "num_pred": 1000,
    "num_data": 1000
}