{
    "hit@1": 0.0,
    "hit@5": 0.008,
    "hit@10": 0.016,
    "ndcg_linear@1": 0.0,
    "ndcg_linear@5": 0.004184277435989455,
    "ndcg_linear@10": 0.0067256796642883,
    "ndcg_exponential@1": 0.0,
    "ndcg_exponential@5": 0.004184277435989455,
    "ndcg_exponential@10": 0.0067256796642883,
    "precision@1": 0.0,
    "precision@5": 0.0016,
    "precision@10": 0.0016,
    "recall@1": 0.0,
    "recall@5": 0.008,
    "recall@10": 0.016,
    "f1@1": 0.0,
    "f1@5": 0.002666666666666667,
    "f1@10": 0.0029090909090909093,
    "map@1": 0.0,
    "map@5": 0.002933333333333333,
    "map@10": 0.003956746031746032,
    "mrr@1": 0.0,
    "mrr@5": 0.002933333333333333,
    "mrr@10": 0.003956746031746032,
    "num_pred": 1000,
    "num_data": 1000
}