{
    "hit@1": 0.024,
    "hit@5": 0.079,
    "hit@10": 0.117,
    "ndcg_linear@1": 0.024,
    "ndcg_linear@5": 0.052232823911808744,
    "ndcg_linear@10": 0.06429564617238608,
    "ndcg_exponential@1": 0.024,
    "ndcg_exponential@5": 0.052232823911808744,
    "ndcg_exponential@10": 0.06429564617238608,
    "precision@1": 0.024,
    "precision@5": 0.0158,
    "precision@10": 0.011699999999999999,
    "recall@1": 0.024,
    "recall@5": 0.079,
    "recall@10": 0.117,
    "f1@1": 0.024,
    "f1@5": 0.026333333333333337,
    "f1@10": 0.021272727272727273,
    "map@1": 0.024,
    "map@5": 0.0434,
    "map@10": 0.04824563492063492,
    "mrr@1": 0.024,
    "mrr@5": 0.0434,
    "mrr@10": 0.04824563492063492,
    "num_pred": 1000,
    "num_data": 1000
}