{
    "hit@1": 0.021,
    "hit@5": 0.055,
    "hit@10": 0.095,
    "ndcg_linear@1": 0.021,
    "ndcg_linear@5": 0.037456201698518585,
    "ndcg_linear@10": 0.05047951101320616,
    "ndcg_exponential@1": 0.021,
    "ndcg_exponential@5": 0.037456201698518585,
    "ndcg_exponential@10": 0.05047951101320616,
    "precision@1": 0.021,
    "precision@5": 0.011,
    "precision@10": 0.0095,
    "recall@1": 0.021,
    "recall@5": 0.055,
    "recall@10": 0.095,
    "f1@1": 0.021,
    "f1@5": 0.018333333333333337,
    "f1@10": 0.017272727272727273,
    "map@1": 0.021,
    "map@5": 0.03178333333333334,
    "map@10": 0.037210714285714284,
    "mrr@1": 0.021,
    "mrr@5": 0.03178333333333334,
    "mrr@10": 0.037210714285714284,
    "num_pred": 1000,
    "num_data": 1000
}