{
    "hit@1": 0.006,
    "hit@5": 0.02,
    "hit@10": 0.044,
    "ndcg_linear@1": 0.006,
    "ndcg_linear@5": 0.012575800719213505,
    "ndcg_linear@10": 0.02014934692060087,
    "ndcg_exponential@1": 0.006,
    "ndcg_exponential@5": 0.012575800719213505,
    "ndcg_exponential@10": 0.02014934692060087,
    "precision@1": 0.006,
    "precision@5": 0.004,
    "precision@10": 0.0044,
    "recall@1": 0.006,
    "recall@5": 0.02,
    "recall@10": 0.044,
    "f1@1": 0.006,
    "f1@5": 0.006666666666666667,
    "f1@10": 0.008,
    "map@1": 0.006,
    "map@5": 0.010183333333333334,
    "map@10": 0.013197222222222223,
    "mrr@1": 0.006,
    "mrr@5": 0.010183333333333334,
    "mrr@10": 0.013197222222222223,
    "num_pred": 1000,
    "num_data": 1000
}