{
    "hit@1": 0.59,
    "hit@5": 0.799,
    "hit@10": 0.862,
    "ndcg_linear@1": 0.59,
    "ndcg_linear@5": 0.7036680756968954,
    "ndcg_linear@10": 0.7239340675914128,
    "ndcg_exponential@1": 0.59,
    "ndcg_exponential@5": 0.7036680756968954,
    "ndcg_exponential@10": 0.7239340675914128,
    "precision@1": 0.59,
    "precision@5": 0.15979999999999997,
    "precision@10": 0.0862,
    "recall@1": 0.59,
    "recall@5": 0.799,
    "recall@10": 0.862,
    "f1@1": 0.59,
    "f1@5": 0.26633333333333337,
    "f1@10": 0.15672727272727274,
    "map@1": 0.59,
    "map@5": 0.6717166666666667,
    "map@10": 0.6800178571428571,
    "mrr@1": 0.59,
    "mrr@5": 0.6717166666666667,
    "mrr@10": 0.6800178571428571,
    "num_pred": 1000,
    "num_data": 1000
}