{
    "hit@1": 0.66,
    "hit@5": 0.912,
    "hit@10": 0.967,
    "ndcg_linear@1": 0.66,
    "ndcg_linear@5": 0.7968628561313785,
    "ndcg_linear@10": 0.8148168181046449,
    "ndcg_exponential@1": 0.66,
    "ndcg_exponential@5": 0.7968628561313785,
    "ndcg_exponential@10": 0.8148168181046449,
    "precision@1": 0.66,
    "precision@5": 0.1824,
    "precision@10": 0.09670000000000002,
    "recall@1": 0.66,
    "recall@5": 0.912,
    "recall@10": 0.967,
    "f1@1": 0.66,
    "f1@5": 0.304,
    "f1@10": 0.17581818181818182,
    "map@1": 0.66,
    "map@5": 0.7582833333333333,
    "map@10": 0.7657912698412698,
    "mrr@1": 0.66,
    "mrr@5": 0.7582833333333333,
    "mrr@10": 0.7657912698412698,
    "num_pred": 1000,
    "num_data": 1000
}