{
    "hit@1": 0.698,
    "hit@5": 0.928,
    "hit@10": 0.97,
    "ndcg_linear@1": 0.698,
    "ndcg_linear@5": 0.8254323371035479,
    "ndcg_linear@10": 0.8392814260351489,
    "ndcg_exponential@1": 0.698,
    "ndcg_exponential@5": 0.8254323371035479,
    "ndcg_exponential@10": 0.8392814260351489,
    "precision@1": 0.698,
    "precision@5": 0.18560000000000001,
    "precision@10": 0.09700000000000002,
    "recall@1": 0.698,
    "recall@5": 0.928,
    "recall@10": 0.97,
    "f1@1": 0.698,
    "f1@5": 0.30933333333333335,
    "f1@10": 0.17636363636363633,
    "map@1": 0.698,
    "map@5": 0.7908166666666666,
    "map@10": 0.7966861111111111,
    "mrr@1": 0.698,
    "mrr@5": 0.7908166666666666,
    "mrr@10": 0.7966861111111111,
    "num_pred": 1000,
    "num_data": 1000
}