{
    "hit@1": 0.421,
    "hit@5": 0.661,
    "hit@10": 0.734,
    "ndcg_linear@1": 0.421,
    "ndcg_linear@5": 0.5491828370527667,
    "ndcg_linear@10": 0.5729522634039026,
    "ndcg_exponential@1": 0.421,
    "ndcg_exponential@5": 0.5491828370527667,
    "ndcg_exponential@10": 0.5729522634039026,
    "precision@1": 0.421,
    "precision@5": 0.13219999999999998,
    "precision@10": 0.0734,
    "recall@1": 0.421,
    "recall@5": 0.661,
    "recall@10": 0.734,
    "f1@1": 0.421,
    "f1@5": 0.2203333333333334,
    "f1@10": 0.13345454545454546,
    "map@1": 0.421,
    "map@5": 0.5119666666666667,
    "map@10": 0.5218781746031745,
    "mrr@1": 0.421,
    "mrr@5": 0.5119666666666667,
    "mrr@10": 0.5218781746031745,
    "num_pred": 1000,
    "num_data": 1000
}