{
    "hit@1": 0.401,
    "hit@5": 0.6,
    "hit@10": 0.67,
    "ndcg_linear@1": 0.401,
    "ndcg_linear@5": 0.5066685635965735,
    "ndcg_linear@10": 0.5295747308661314,
    "ndcg_exponential@1": 0.401,
    "ndcg_exponential@5": 0.5066685635965735,
    "ndcg_exponential@10": 0.5295747308661314,
    "precision@1": 0.401,
    "precision@5": 0.12,
    "precision@10": 0.067,
    "recall@1": 0.401,
    "recall@5": 0.6,
    "recall@10": 0.67,
    "f1@1": 0.401,
    "f1@5": 0.20000000000000007,
    "f1@10": 0.12181818181818184,
    "map@1": 0.401,
    "map@5": 0.47563333333333335,
    "map@10": 0.4852400793650794,
    "mrr@1": 0.401,
    "mrr@5": 0.47563333333333335,
    "mrr@10": 0.4852400793650794,
    "num_pred": 1000,
    "num_data": 1000
}