{
    "hit@1": 0.594,
    "hit@5": 0.832,
    "hit@10": 0.882,
    "ndcg_linear@1": 0.594,
    "ndcg_linear@5": 0.7230898220713257,
    "ndcg_linear@10": 0.739497217824123,
    "ndcg_exponential@1": 0.594,
    "ndcg_exponential@5": 0.7230898220713257,
    "ndcg_exponential@10": 0.739497217824123,
    "precision@1": 0.594,
    "precision@5": 0.1664,
    "precision@10": 0.0882,
    "recall@1": 0.594,
    "recall@5": 0.832,
    "recall@10": 0.882,
    "f1@1": 0.594,
    "f1@5": 0.2773333333333334,
    "f1@10": 0.16036363636363637,
    "map@1": 0.594,
    "map@5": 0.6866,
    "map@10": 0.6935095238095238,
    "mrr@1": 0.594,
    "mrr@5": 0.6866,
    "mrr@10": 0.6935095238095238,
    "num_pred": 1000,
    "num_data": 1000
}