{
    "hit@1": 0.0,
    "hit@5": 0.001,
    "hit@10": 0.006,
    "ndcg_linear@1": 0.0,
    "ndcg_linear@5": 0.0005,
    "ndcg_linear@10": 0.002170681552652029,
    "ndcg_exponential@1": 0.0,
    "ndcg_exponential@5": 0.0005,
    "ndcg_exponential@10": 0.002170681552652029,
    "precision@1": 0.0,
    "precision@5": 0.0002,
    "precision@10": 0.0006000000000000001,
    "recall@1": 0.0,
    "recall@5": 0.001,
    "recall@10": 0.006,
    "f1@1": 0.0,
    "f1@5": 0.0003333333333333334,
    "f1@10": 0.0010909090909090907,
    "map@1": 0.0,
    "map@5": 0.0003333333333333333,
    "map@10": 0.0010555555555555557,
    "mrr@1": 0.0,
    "mrr@5": 0.0003333333333333333,
    "mrr@10": 0.0010555555555555557,
    "num_pred": 1000,
    "num_data": 1000
}