{
    "hit@1": 0.007,
    "hit@5": 0.019,
    "hit@10": 0.039,
    "ndcg_linear@1": 0.007,
    "ndcg_linear@5": 0.013114953994062848,
    "ndcg_linear@10": 0.019290560186778175,
    "ndcg_exponential@1": 0.007,
    "ndcg_exponential@5": 0.013114953994062848,
    "ndcg_exponential@10": 0.019290560186778175,
    "precision@1": 0.007,
    "precision@5": 0.0038000000000000004,
    "precision@10": 0.0039000000000000003,
    "recall@1": 0.007,
    "recall@5": 0.019,
    "recall@10": 0.039,
    "f1@1": 0.007,
    "f1@5": 0.006333333333333334,
    "f1@10": 0.00709090909090909,
    "map@1": 0.007,
    "map@5": 0.011183333333333333,
    "map@10": 0.013562301587301586,
    "mrr@1": 0.007,
    "mrr@5": 0.011183333333333333,
    "mrr@10": 0.013562301587301586,
    "num_pred": 1000,
    "num_data": 1000
}