{
    "hit@1": 0.006,
    "hit@5": 0.016,
    "hit@10": 0.019,
    "ndcg_linear@1": 0.006,
    "ndcg_linear@5": 0.011027847991330242,
    "ndcg_linear@10": 0.011965711027767192,
    "ndcg_exponential@1": 0.006,
    "ndcg_exponential@5": 0.011027847991330242,
    "ndcg_exponential@10": 0.011965711027767192,
    "precision@1": 0.006,
    "precision@5": 0.0032,
    "precision@10": 0.0019000000000000002,
    "recall@1": 0.006,
    "recall@5": 0.016,
    "recall@10": 0.019,
    "f1@1": 0.006,
    "f1@5": 0.005333333333333334,
    "f1@10": 0.003454545454545454,
    "map@1": 0.006,
    "map@5": 0.0094,
    "map@10": 0.009767857142857142,
    "mrr@1": 0.006,
    "mrr@5": 0.0094,
    "mrr@10": 0.009767857142857142,
    "num_pred": 1000,
    "num_data": 1000
}