{
    "hit@1": 0.044,
    "hit@5": 0.204,
    "hit@10": 0.409,
    "ndcg_linear@1": 0.044,
    "ndcg_linear@5": 0.12163918489897628,
    "ndcg_linear@10": 0.18595164174387294,
    "ndcg_exponential@1": 0.044,
    "ndcg_exponential@5": 0.12163918489897628,
    "ndcg_exponential@10": 0.18595164174387294,
    "precision@1": 0.044,
    "precision@5": 0.040799999999999996,
    "precision@10": 0.0409,
    "recall@1": 0.044,
    "recall@5": 0.204,
    "recall@10": 0.409,
    "f1@1": 0.044,
    "f1@5": 0.06800000000000002,
    "f1@10": 0.07436363636363637,
    "map@1": 0.044,
    "map@5": 0.09506666666666666,
    "map@10": 0.12046587301587301,
    "mrr@1": 0.044,
    "mrr@5": 0.09506666666666666,
    "mrr@10": 0.12046587301587301,
    "num_pred": 1000,
    "num_data": 1000
}