{
    "hit@1": 0.005,
    "hit@5": 0.015,
    "hit@10": 0.029,
    "ndcg_linear@1": 0.005,
    "ndcg_linear@5": 0.009757729854960474,
    "ndcg_linear@10": 0.014317581850366426,
    "ndcg_exponential@1": 0.005,
    "ndcg_exponential@5": 0.009757729854960474,
    "ndcg_exponential@10": 0.014317581850366426,
    "precision@1": 0.005,
    "precision@5": 0.003,
    "precision@10": 0.0029000000000000002,
    "recall@1": 0.005,
    "recall@5": 0.015,
    "recall@10": 0.029,
    "f1@1": 0.005,
    "f1@5": 0.005,
    "f1@10": 0.005272727272727273,
    "map@1": 0.005,
    "map@5": 0.008083333333333333,
    "map@10": 0.009985714285714285,
    "mrr@1": 0.005,
    "mrr@5": 0.008083333333333333,
    "mrr@10": 0.009985714285714285,
    "num_pred": 1000,
    "num_data": 1000
}