{
    "hit@1": 0.002,
    "hit@5": 0.011,
    "hit@10": 0.015,
    "ndcg_linear@1": 0.002,
    "ndcg_linear@5": 0.006841248379593765,
    "ndcg_linear@10": 0.008068176242348603,
    "ndcg_exponential@1": 0.002,
    "ndcg_exponential@5": 0.006841248379593765,
    "ndcg_exponential@10": 0.008068176242348603,
    "precision@1": 0.002,
    "precision@5": 0.0022,
    "precision@10": 0.0015,
    "recall@1": 0.002,
    "recall@5": 0.011,
    "recall@10": 0.015,
    "f1@1": 0.002,
    "f1@5": 0.003666666666666667,
    "f1@10": 0.0027272727272727275,
    "map@1": 0.002,
    "map@5": 0.005449999999999999,
    "map@10": 0.005917857142857143,
    "mrr@1": 0.002,
    "mrr@5": 0.005449999999999999,
    "mrr@10": 0.005917857142857143,
    "num_pred": 1000,
    "num_data": 1000
}