{
    "hit@1": 0.079,
    "hit@5": 0.28,
    "hit@10": 0.725,
    "ndcg_linear@1": 0.079,
    "ndcg_linear@5": 0.17705974445267253,
    "ndcg_linear@10": 0.32871616946782833,
    "ndcg_exponential@1": 0.079,
    "ndcg_exponential@5": 0.17705974445267253,
    "ndcg_exponential@10": 0.32871616946782833,
    "precision@1": 0.079,
    "precision@5": 0.056,
    "precision@10": 0.0725,
    "recall@1": 0.079,
    "recall@5": 0.28,
    "recall@10": 0.725,
    "f1@1": 0.079,
    "f1@5": 0.09333333333333334,
    "f1@10": 0.13181818181818183,
    "map@1": 0.079,
    "map@5": 0.14343333333333333,
    "map@10": 0.21057738095238096,
    "mrr@1": 0.079,
    "mrr@5": 0.14343333333333333,
    "mrr@10": 0.21057738095238096,
    "num_pred": 1000,
    "num_data": 1000
}