{
    "hit@1": 0.006,
    "hit@5": 0.029,
    "hit@10": 0.046,
    "ndcg_linear@1": 0.006,
    "ndcg_linear@5": 0.017354901288217324,
    "ndcg_linear@10": 0.022856049895486088,
    "ndcg_exponential@1": 0.006,
    "ndcg_exponential@5": 0.017354901288217324,
    "ndcg_exponential@10": 0.022856049895486088,
    "precision@1": 0.006,
    "precision@5": 0.0058000000000000005,
    "precision@10": 0.0046,
    "recall@1": 0.006,
    "recall@5": 0.029,
    "recall@10": 0.046,
    "f1@1": 0.006,
    "f1@5": 0.009666666666666667,
    "f1@10": 0.008363636363636363,
    "map@1": 0.006,
    "map@5": 0.013566666666666666,
    "map@10": 0.015840873015873017,
    "mrr@1": 0.006,
    "mrr@5": 0.013566666666666666,
    "mrr@10": 0.015840873015873017,
    "num_pred": 1000,
    "num_data": 1000
}