{
    "hit@1": 0.005,
    "hit@5": 0.02,
    "hit@10": 0.042,
    "ndcg_linear@1": 0.005,
    "ndcg_linear@5": 0.012206730472784961,
    "ndcg_linear@10": 0.019126988403709914,
    "ndcg_exponential@1": 0.005,
    "ndcg_exponential@5": 0.012206730472784961,
    "ndcg_exponential@10": 0.019126988403709914,
    "precision@1": 0.005,
    "precision@5": 0.004,
    "precision@10": 0.004200000000000001,
    "recall@1": 0.005,
    "recall@5": 0.02,
    "recall@10": 0.042,
    "f1@1": 0.005,
    "f1@5": 0.006666666666666668,
    "f1@10": 0.007636363636363636,
    "map@1": 0.005,
    "map@5": 0.009683333333333334,
    "map@10": 0.012426984126984127,
    "mrr@1": 0.005,
    "mrr@5": 0.009683333333333334,
    "mrr@10": 0.012426984126984127,
    "num_pred": 1000,
    "num_data": 1000
}