{
    "hit@1": 0.004,
    "hit@5": 0.012,
    "hit@10": 0.026,
    "ndcg_linear@1": 0.004,
    "ndcg_linear@5": 0.007966241679685392,
    "ndcg_linear@10": 0.012421642579404774,
    "ndcg_exponential@1": 0.004,
    "ndcg_exponential@5": 0.007966241679685392,
    "ndcg_exponential@10": 0.012421642579404774,
    "precision@1": 0.004,
    "precision@5": 0.0024000000000000002,
    "precision@10": 0.0025999999999999994,
    "recall@1": 0.004,
    "recall@5": 0.012,
    "recall@10": 0.026,
    "f1@1": 0.004,
    "f1@5": 0.004,
    "f1@10": 0.004727272727272727,
    "map@1": 0.004,
    "map@5": 0.0066500000000000005,
    "map@10": 0.008448015873015873,
    "mrr@1": 0.004,
    "mrr@5": 0.0066500000000000005,
    "mrr@10": 0.008448015873015873,
    "num_pred": 1000,
    "num_data": 1000
}