{
    "hit@1": 0.0,
    "hit@5": 0.003,
    "hit@10": 0.019,
    "ndcg_linear@1": 0.0,
    "ndcg_linear@5": 0.0011605584217036248,
    "ndcg_linear@10": 0.006425376329914405,
    "ndcg_exponential@1": 0.0,
    "ndcg_exponential@5": 0.0011605584217036248,
    "ndcg_exponential@10": 0.006425376329914405,
    "precision@1": 0.0,
    "precision@5": 0.0006000000000000001,
    "precision@10": 0.0019,
    "recall@1": 0.0,
    "recall@5": 0.003,
    "recall@10": 0.019,
    "f1@1": 0.0,
    "f1@5": 0.001,
    "f1@10": 0.003454545454545455,
    "map@1": 0.0,
    "map@5": 0.0006000000000000001,
    "map@10": 0.0028238095238095236,
    "mrr@1": 0.0,
    "mrr@5": 0.0006000000000000001,
    "mrr@10": 0.0028238095238095236,
    "num_pred": 1000,
    "num_data": 1000
}