{
    "hit@1": 0.001,
    "hit@5": 0.005,
    "hit@10": 0.01,
    "ndcg_linear@1": 0.001,
    "ndcg_linear@5": 0.002835311926113934,
    "ndcg_linear@10": 0.004375234953878846,
    "ndcg_exponential@1": 0.001,
    "ndcg_exponential@5": 0.002835311926113934,
    "ndcg_exponential@10": 0.004375234953878846,
    "precision@1": 0.001,
    "precision@5": 0.001,
    "precision@10": 0.001,
    "recall@1": 0.001,
    "recall@5": 0.005,
    "recall@10": 0.01,
    "f1@1": 0.001,
    "f1@5": 0.0016666666666666668,
    "f1@10": 0.0018181818181818184,
    "map@1": 0.001,
    "map@5": 0.00215,
    "map@10": 0.002740079365079365,
    "mrr@1": 0.001,
    "mrr@5": 0.00215,
    "mrr@10": 0.002740079365079365,
    "num_pred": 1000,
    "num_data": 1000
}