{
    "hit@1": 0.068,
    "hit@5": 0.253,
    "hit@10": 0.419,
    "ndcg_linear@1": 0.068,
    "ndcg_linear@5": 0.1544504111764661,
    "ndcg_linear@10": 0.20692772858325253,
    "ndcg_exponential@1": 0.068,
    "ndcg_exponential@5": 0.1544504111764661,
    "ndcg_exponential@10": 0.20692772858325253,
    "precision@1": 0.068,
    "precision@5": 0.0506,
    "precision@10": 0.04189999999999999,
    "recall@1": 0.068,
    "recall@5": 0.253,
    "recall@10": 0.419,
    "f1@1": 0.068,
    "f1@5": 0.08433333333333334,
    "f1@10": 0.07618181818181818,
    "map@1": 0.068,
    "map@5": 0.12279999999999999,
    "map@10": 0.14377976190476194,
    "mrr@1": 0.068,
    "mrr@5": 0.12279999999999999,
    "mrr@10": 0.14377976190476194,
    "num_pred": 1000,
    "num_data": 1000
}