{
    "hit@1": 0.001,
    "hit@5": 0.01,
    "hit@10": 0.031,
    "ndcg_linear@1": 0.001,
    "ndcg_linear@5": 0.004970370656729804,
    "ndcg_linear@10": 0.011519986519424982,
    "ndcg_exponential@1": 0.001,
    "ndcg_exponential@5": 0.004970370656729804,
    "ndcg_exponential@10": 0.011519986519424982,
    "precision@1": 0.001,
    "precision@5": 0.002,
    "precision@10": 0.0031000000000000003,
    "recall@1": 0.001,
    "recall@5": 0.01,
    "recall@10": 0.031,
    "f1@1": 0.001,
    "f1@5": 0.003333333333333334,
    "f1@10": 0.0056363636363636355,
    "map@1": 0.001,
    "map@5": 0.0033833333333333332,
    "map@10": 0.005946428571428571,
    "mrr@1": 0.001,
    "mrr@5": 0.0033833333333333332,
    "mrr@10": 0.005946428571428571,
    "num_pred": 1000,
    "num_data": 1000
}