{
    "hit@1": 0.04,
    "hit@5": 0.142,
    "hit@10": 0.304,
    "ndcg_linear@1": 0.04,
    "ndcg_linear@5": 0.08848121011423808,
    "ndcg_linear@10": 0.13821791179595588,
    "ndcg_exponential@1": 0.04,
    "ndcg_exponential@5": 0.08848121011423808,
    "ndcg_exponential@10": 0.13821791179595588,
    "precision@1": 0.04,
    "precision@5": 0.0284,
    "precision@10": 0.0304,
    "recall@1": 0.04,
    "recall@5": 0.142,
    "recall@10": 0.304,
    "f1@1": 0.04,
    "f1@5": 0.047333333333333345,
    "f1@10": 0.05527272727272728,
    "map@1": 0.04,
    "map@5": 0.07131666666666667,
    "map@10": 0.09033968253968254,
    "mrr@1": 0.04,
    "mrr@5": 0.07131666666666667,
    "mrr@10": 0.09033968253968254,
    "num_pred": 1000,
    "num_data": 1000
}