{
    "hit@1": 0.001,
    "hit@5": 0.006,
    "hit@10": 0.008,
    "ndcg_linear@1": 0.001,
    "ndcg_linear@5": 0.003954395572359223,
    "ndcg_linear@10": 0.004611632755131227,
    "ndcg_exponential@1": 0.001,
    "ndcg_exponential@5": 0.003954395572359223,
    "ndcg_exponential@10": 0.004611632755131227,
    "precision@1": 0.001,
    "precision@5": 0.0012,
    "precision@10": 0.0007999999999999999,
    "recall@1": 0.001,
    "recall@5": 0.006,
    "recall@10": 0.008,
    "f1@1": 0.001,
    "f1@5": 0.002,
    "f1@10": 0.0014545454545454547,
    "map@1": 0.001,
    "map@5": 0.00325,
    "map@10": 0.0035277777777777777,
    "mrr@1": 0.001,
    "mrr@5": 0.00325,
    "mrr@10": 0.0035277777777777777,
    "num_pred": 1000,
    "num_data": 1000
}