{
    "hit@1": 0.001,
    "hit@5": 0.006,
    "hit@10": 0.013,
    "ndcg_linear@1": 0.001,
    "ndcg_linear@5": 0.0035100654305242427,
    "ndcg_linear@10": 0.005731090006077569,
    "ndcg_exponential@1": 0.001,
    "ndcg_exponential@5": 0.0035100654305242427,
    "ndcg_exponential@10": 0.005731090006077569,
    "precision@1": 0.001,
    "precision@5": 0.0012000000000000001,
    "precision@10": 0.0013,
    "recall@1": 0.001,
    "recall@5": 0.006,
    "recall@10": 0.013,
    "f1@1": 0.001,
    "f1@5": 0.002,
    "f1@10": 0.0023636363636363638,
    "map@1": 0.001,
    "map@5": 0.0027,
    "map@10": 0.00358968253968254,
    "mrr@1": 0.001,
    "mrr@5": 0.0027,
    "mrr@10": 0.00358968253968254,
    "num_pred": 1000,
    "num_data": 1000
}