{
    "hit@1": 0.0,
    "hit@5": 0.008,
    "hit@10": 0.017,
    "ndcg_linear@1": 0.0,
    "ndcg_linear@5": 0.0032262937103928876,
    "ndcg_linear@10": 0.006220879112483586,
    "ndcg_exponential@1": 0.0,
    "ndcg_exponential@5": 0.0032262937103928876,
    "ndcg_exponential@10": 0.006220879112483586,
    "precision@1": 0.0,
    "precision@5": 0.0016,
    "precision@10": 0.0017000000000000001,
    "recall@1": 0.0,
    "recall@5": 0.008,
    "recall@10": 0.017,
    "f1@1": 0.0,
    "f1@5": 0.002666666666666667,
    "f1@10": 0.0030909090909090908,
    "map@1": 0.0,
    "map@5": 0.00175,
    "map@10": 0.003035714285714286,
    "mrr@1": 0.0,
    "mrr@5": 0.00175,
    "mrr@10": 0.003035714285714286,
    "num_pred": 1000,
    "num_data": 1000
}