{
    "hit@1": 0.036,
    "hit@5": 0.13,
    "hit@10": 0.201,
    "ndcg_linear@1": 0.036,
    "ndcg_linear@5": 0.0834792746077456,
    "ndcg_linear@10": 0.10659139780243387,
    "ndcg_exponential@1": 0.036,
    "ndcg_exponential@5": 0.0834792746077456,
    "ndcg_exponential@10": 0.10659139780243387,
    "precision@1": 0.036,
    "precision@5": 0.026,
    "precision@10": 0.0201,
    "recall@1": 0.036,
    "recall@5": 0.13,
    "recall@10": 0.201,
    "f1@1": 0.036,
    "f1@5": 0.043333333333333335,
    "f1@10": 0.03654545454545455,
    "map@1": 0.036,
    "map@5": 0.06823333333333334,
    "map@10": 0.07786666666666667,
    "mrr@1": 0.036,
    "mrr@5": 0.06823333333333334,
    "mrr@10": 0.07786666666666667,
    "num_pred": 1000,
    "num_data": 1000
}