{
    "hit@1": 0.286,
    "hit@5": 0.557,
    "hit@10": 0.673,
    "ndcg_linear@1": 0.286,
    "ndcg_linear@5": 0.42748312400593763,
    "ndcg_linear@10": 0.46525075380748704,
    "ndcg_exponential@1": 0.286,
    "ndcg_exponential@5": 0.42748312400593763,
    "ndcg_exponential@10": 0.46525075380748704,
    "precision@1": 0.286,
    "precision@5": 0.1114,
    "precision@10": 0.06729999999999998,
    "recall@1": 0.286,
    "recall@5": 0.557,
    "recall@10": 0.673,
    "f1@1": 0.286,
    "f1@5": 0.1856666666666667,
    "f1@10": 0.12236363636363637,
    "map@1": 0.286,
    "map@5": 0.3846666666666667,
    "map@10": 0.40039007936507937,
    "mrr@1": 0.286,
    "mrr@5": 0.3846666666666667,
    "mrr@10": 0.40039007936507937,
    "num_pred": 1000,
    "num_data": 1000
}