{
    "hit@1": 0.122,
    "hit@5": 0.288,
    "hit@10": 0.398,
    "ndcg_linear@1": 0.122,
    "ndcg_linear@5": 0.2067115831451047,
    "ndcg_linear@10": 0.24237390351304766,
    "ndcg_exponential@1": 0.122,
    "ndcg_exponential@5": 0.2067115831451047,
    "ndcg_exponential@10": 0.24237390351304766,
    "precision@1": 0.122,
    "precision@5": 0.0576,
    "precision@10": 0.039799999999999995,
    "recall@1": 0.122,
    "recall@5": 0.288,
    "recall@10": 0.398,
    "f1@1": 0.122,
    "f1@5": 0.09600000000000003,
    "f1@10": 0.07236363636363638,
    "map@1": 0.122,
    "map@5": 0.17999999999999997,
    "map@10": 0.19477182539682542,
    "mrr@1": 0.122,
    "mrr@5": 0.17999999999999997,
    "mrr@10": 0.19477182539682542,
    "num_pred": 1000,
    "num_data": 1000
}