{
    "hit@1": 0.001,
    "hit@5": 0.004,
    "hit@10": 0.01,
    "ndcg_linear@1": 0.001,
    "ndcg_linear@5": 0.0025616063116448507,
    "ndcg_linear@10": 0.00446864521094638,
    "ndcg_exponential@1": 0.001,
    "ndcg_exponential@5": 0.0025616063116448507,
    "ndcg_exponential@10": 0.00446864521094638,
    "precision@1": 0.001,
    "precision@5": 0.0008,
    "precision@10": 0.001,
    "recall@1": 0.001,
    "recall@5": 0.004,
    "recall@10": 0.01,
    "f1@1": 0.001,
    "f1@5": 0.0013333333333333335,
    "f1@10": 0.0018181818181818184,
    "map@1": 0.001,
    "map@5": 0.002083333333333333,
    "map@10": 0.002852777777777778,
    "mrr@1": 0.001,
    "mrr@5": 0.002083333333333333,
    "mrr@10": 0.002852777777777778,
    "num_pred": 1000,
    "num_data": 1000
}