{
    "hit@1": 0.0,
    "hit@5": 0.005,
    "hit@10": 0.008,
    "ndcg_linear@1": 0.0,
    "ndcg_linear@5": 0.003154648767857288,
    "ndcg_linear@10": 0.004136780311309683,
    "ndcg_exponential@1": 0.0,
    "ndcg_exponential@5": 0.003154648767857288,
    "ndcg_exponential@10": 0.004136780311309683,
    "precision@1": 0.0,
    "precision@5": 0.001,
    "precision@10": 0.0008,
    "recall@1": 0.0,
    "recall@5": 0.005,
    "recall@10": 0.008,
    "f1@1": 0.0,
    "f1@5": 0.001666666666666667,
    "f1@10": 0.0014545454545454547,
    "map@1": 0.0,
    "map@5": 0.0025,
    "map@10": 0.0029107142857142856,
    "mrr@1": 0.0,
    "mrr@5": 0.0025,
    "mrr@10": 0.0029107142857142856,
    "num_pred": 1000,
    "num_data": 1000
}