{
    "hit@1": 0.027,
    "hit@5": 0.076,
    "hit@10": 0.127,
    "ndcg_linear@1": 0.027,
    "ndcg_linear@5": 0.050997004919560655,
    "ndcg_linear@10": 0.06712902867191257,
    "ndcg_exponential@1": 0.027,
    "ndcg_exponential@5": 0.050997004919560655,
    "ndcg_exponential@10": 0.06712902867191257,
    "precision@1": 0.027,
    "precision@5": 0.0152,
    "precision@10": 0.0127,
    "recall@1": 0.027,
    "recall@5": 0.076,
    "recall@10": 0.127,
    "f1@1": 0.027,
    "f1@5": 0.025333333333333336,
    "f1@10": 0.02309090909090909,
    "map@1": 0.027,
    "map@5": 0.0429,
    "map@10": 0.049350396825396825,
    "mrr@1": 0.027,
    "mrr@5": 0.0429,
    "mrr@10": 0.049350396825396825,
    "num_pred": 1000,
    "num_data": 1000
}