{
    "hit@1": 0.191,
    "hit@5": 0.458,
    "hit@10": 0.664,
    "ndcg_linear@1": 0.191,
    "ndcg_linear@5": 0.3270570643245867,
    "ndcg_linear@10": 0.3927919763572628,
    "ndcg_exponential@1": 0.191,
    "ndcg_exponential@5": 0.3270570643245867,
    "ndcg_exponential@10": 0.3927919763572628,
    "precision@1": 0.191,
    "precision@5": 0.0916,
    "precision@10": 0.06639999999999999,
    "recall@1": 0.191,
    "recall@5": 0.458,
    "recall@10": 0.664,
    "f1@1": 0.191,
    "f1@5": 0.15266666666666667,
    "f1@10": 0.12072727272727275,
    "map@1": 0.191,
    "map@5": 0.2840666666666667,
    "map@10": 0.31068333333333337,
    "mrr@1": 0.191,
    "mrr@5": 0.2840666666666667,
    "mrr@10": 0.31068333333333337,
    "num_pred": 1000,
    "num_data": 1000
}