{
    "hit@1": 0.221,
    "hit@5": 0.472,
    "hit@10": 0.558,
    "ndcg_linear@1": 0.221,
    "ndcg_linear@5": 0.3551805148770196,
    "ndcg_linear@10": 0.3830449614598386,
    "ndcg_exponential@1": 0.221,
    "ndcg_exponential@5": 0.3551805148770196,
    "ndcg_exponential@10": 0.3830449614598386,
    "precision@1": 0.221,
    "precision@5": 0.0944,
    "precision@10": 0.055799999999999995,
    "recall@1": 0.221,
    "recall@5": 0.472,
    "recall@10": 0.558,
    "f1@1": 0.221,
    "f1@5": 0.15733333333333338,
    "f1@10": 0.10145454545454546,
    "map@1": 0.221,
    "map@5": 0.3162833333333333,
    "map@10": 0.3278206349206349,
    "mrr@1": 0.221,
    "mrr@5": 0.3162833333333333,
    "mrr@10": 0.3278206349206349,
    "num_pred": 1000,
    "num_data": 1000
}