{
    "hit@1": 0.208,
    "hit@5": 0.451,
    "hit@10": 0.788,
    "ndcg_linear@1": 0.208,
    "ndcg_linear@5": 0.3223399762177293,
    "ndcg_linear@10": 0.43082591835272777,
    "ndcg_exponential@1": 0.208,
    "ndcg_exponential@5": 0.3223399762177293,
    "ndcg_exponential@10": 0.43082591835272777,
    "precision@1": 0.208,
    "precision@5": 0.09019999999999999,
    "precision@10": 0.0788,
    "recall@1": 0.208,
    "recall@5": 0.451,
    "recall@10": 0.788,
    "f1@1": 0.208,
    "f1@5": 0.15033333333333337,
    "f1@10": 0.1432727272727273,
    "map@1": 0.208,
    "map@5": 0.28105,
    "map@10": 0.32553253968253965,
    "mrr@1": 0.208,
    "mrr@5": 0.28105,
    "mrr@10": 0.32553253968253965,
    "num_pred": 1000,
    "num_data": 1000
}