{
    "hit@1": 0.0,
    "hit@5": 0.007,
    "hit@10": 0.012,
    "ndcg_linear@1": 0.0,
    "ndcg_linear@5": 0.00335363598586503,
    "ndcg_linear@10": 0.004899462300831454,
    "ndcg_exponential@1": 0.0,
    "ndcg_exponential@5": 0.00335363598586503,
    "ndcg_exponential@10": 0.004899462300831454,
    "precision@1": 0.0,
    "precision@5": 0.0014,
    "precision@10": 0.0012000000000000001,
    "recall@1": 0.0,
    "recall@5": 0.007,
    "recall@10": 0.012,
    "f1@1": 0.0,
    "f1@5": 0.0023333333333333335,
    "f1@10": 0.0021818181818181815,
    "map@1": 0.0,
    "map@5": 0.0021666666666666666,
    "map@10": 0.0027634920634920634,
    "mrr@1": 0.0,
    "mrr@5": 0.0021666666666666666,
    "mrr@10": 0.0027634920634920634,
    "num_pred": 1000,
    "num_data": 1000
}