{
    "hit@1": 0.325,
    "hit@5": 0.592,
    "hit@10": 0.706,
    "ndcg_linear@1": 0.325,
    "ndcg_linear@5": 0.4664854736564561,
    "ndcg_linear@10": 0.5034554405651757,
    "ndcg_exponential@1": 0.325,
    "ndcg_exponential@5": 0.4664854736564561,
    "ndcg_exponential@10": 0.5034554405651757,
    "precision@1": 0.325,
    "precision@5": 0.11839999999999999,
    "precision@10": 0.0706,
    "recall@1": 0.325,
    "recall@5": 0.592,
    "recall@10": 0.706,
    "f1@1": 0.325,
    "f1@5": 0.19733333333333336,
    "f1@10": 0.1283636363636364,
    "map@1": 0.325,
    "map@5": 0.42473333333333335,
    "map@10": 0.4400563492063492,
    "mrr@1": 0.325,
    "mrr@5": 0.42473333333333335,
    "mrr@10": 0.4400563492063492,
    "num_pred": 1000,
    "num_data": 1000
}