{
    "hit@1": 0.002,
    "hit@5": 0.008,
    "hit@10": 0.021,
    "ndcg_linear@1": 0.002,
    "ndcg_linear@5": 0.004904635368040541,
    "ndcg_linear@10": 0.009170417139901523,
    "ndcg_exponential@1": 0.002,
    "ndcg_exponential@5": 0.004904635368040541,
    "ndcg_exponential@10": 0.009170417139901523,
    "precision@1": 0.002,
    "precision@5": 0.0016,
    "precision@10": 0.0021000000000000003,
    "recall@1": 0.002,
    "recall@5": 0.008,
    "recall@10": 0.021,
    "f1@1": 0.002,
    "f1@5": 0.002666666666666667,
    "f1@10": 0.003818181818181818,
    "map@1": 0.002,
    "map@5": 0.0039,
    "map@10": 0.005696428571428571,
    "mrr@1": 0.002,
    "mrr@5": 0.0039,
    "mrr@10": 0.005696428571428571,
    "num_pred": 1000,
    "num_data": 1000
}