{
    "hit@1": 0.006,
    "hit@5": 0.014,
    "hit@10": 0.026,
    "ndcg_linear@1": 0.006,
    "ndcg_linear@5": 0.010010065430524245,
    "ndcg_linear@10": 0.013753051956027584,
    "ndcg_exponential@1": 0.006,
    "ndcg_exponential@5": 0.010010065430524245,
    "ndcg_exponential@10": 0.013753051956027584,
    "precision@1": 0.006,
    "precision@5": 0.0028000000000000004,
    "precision@10": 0.0026,
    "recall@1": 0.006,
    "recall@5": 0.014,
    "recall@10": 0.026,
    "f1@1": 0.006,
    "f1@5": 0.004666666666666668,
    "f1@10": 0.0047272727272727275,
    "map@1": 0.006,
    "map@5": 0.0087,
    "map@10": 0.01016468253968254,
    "mrr@1": 0.006,
    "mrr@5": 0.0087,
    "mrr@10": 0.01016468253968254,
    "num_pred": 1000,
    "num_data": 1000
}