{
    "hit@1": 0.0,
    "hit@5": 0.004,
    "hit@10": 0.005,
    "ndcg_linear@1": 0.0,
    "ndcg_linear@5": 0.0017920296742201791,
    "ndcg_linear@10": 0.0021482368613282015,
    "ndcg_exponential@1": 0.0,
    "ndcg_exponential@5": 0.0017920296742201791,
    "ndcg_exponential@10": 0.0021482368613282015,
    "precision@1": 0.0,
    "precision@5": 0.0008,
    "precision@10": 0.0005,
    "recall@1": 0.0,
    "recall@5": 0.004,
    "recall@10": 0.005,
    "f1@1": 0.0,
    "f1@5": 0.0013333333333333335,
    "f1@10": 0.0009090909090909091,
    "map@1": 0.0,
    "map@5": 0.0010833333333333333,
    "map@10": 0.00125,
    "mrr@1": 0.0,
    "mrr@5": 0.0010833333333333333,
    "mrr@10": 0.00125,
    "num_pred": 1000,
    "num_data": 1000
}