{
    "hit@1": 0.0,
    "hit@5": 0.007,
    "hit@10": 0.013,
    "ndcg_linear@1": 0.0,
    "ndcg_linear@5": 0.003954395572359223,
    "ndcg_linear@10": 0.005854051983925309,
    "ndcg_exponential@1": 0.0,
    "ndcg_exponential@5": 0.003954395572359223,
    "ndcg_exponential@10": 0.005854051983925309,
    "precision@1": 0.0,
    "precision@5": 0.0014000000000000002,
    "precision@10": 0.0013,
    "recall@1": 0.0,
    "recall@5": 0.007,
    "recall@10": 0.013,
    "f1@1": 0.0,
    "f1@5": 0.0023333333333333335,
    "f1@10": 0.0023636363636363638,
    "map@1": 0.0,
    "map@5": 0.0029166666666666664,
    "map@10": 0.003674603174603174,
    "mrr@1": 0.0,
    "mrr@5": 0.0029166666666666664,
    "mrr@10": 0.003674603174603174,
    "num_pred": 1000,
    "num_data": 1000
}