{
    "hit@1": 0.008,
    "hit@5": 0.015,
    "hit@10": 0.031,
    "ndcg_linear@1": 0.008,
    "ndcg_linear@5": 0.011579388872450849,
    "ndcg_linear@10": 0.016587602506847182,
    "ndcg_exponential@1": 0.008,
    "ndcg_exponential@5": 0.011579388872450849,
    "ndcg_exponential@10": 0.016587602506847182,
    "precision@1": 0.008,
    "precision@5": 0.003,
    "precision@10": 0.0031,
    "recall@1": 0.008,
    "recall@5": 0.015,
    "recall@10": 0.031,
    "f1@1": 0.008,
    "f1@5": 0.005,
    "f1@10": 0.005636363636363636,
    "map@1": 0.008,
    "map@5": 0.01045,
    "map@10": 0.012418253968253967,
    "mrr@1": 0.008,
    "mrr@5": 0.01045,
    "mrr@10": 0.012418253968253967,
    "num_pred": 1000,
    "num_data": 1000
}