{
    "hit@1": 0.008,
    "hit@5": 0.015,
    "hit@10": 0.02,
    "ndcg_linear@1": 0.008,
    "ndcg_linear@5": 0.011710318626022308,
    "ndcg_linear@10": 0.01338346989044999,
    "ndcg_exponential@1": 0.008,
    "ndcg_exponential@5": 0.011710318626022308,
    "ndcg_exponential@10": 0.01338346989044999,
    "precision@1": 0.008,
    "precision@5": 0.003,
    "precision@10": 0.002,
    "recall@1": 0.008,
    "recall@5": 0.015,
    "recall@10": 0.02,
    "f1@1": 0.008,
    "f1@5": 0.005000000000000001,
    "f1@10": 0.003636363636363637,
    "map@1": 0.008,
    "map@5": 0.010616666666666667,
    "map@10": 0.011341666666666667,
    "mrr@1": 0.008,
    "mrr@5": 0.010616666666666667,
    "mrr@10": 0.011341666666666667,
    "num_pred": 1000,
    "num_data": 1000
}