{
    "hit@1": 0.0,
    "hit@5": 0.006,
    "hit@10": 0.013,
    "ndcg_linear@1": 0.0,
    "ndcg_linear@5": 0.003010065430524243,
    "ndcg_linear@10": 0.005258969257079343,
    "ndcg_exponential@1": 0.0,
    "ndcg_exponential@5": 0.003010065430524243,
    "ndcg_exponential@10": 0.005258969257079343,
    "precision@1": 0.0,
    "precision@5": 0.0012000000000000001,
    "precision@10": 0.0013,
    "recall@1": 0.0,
    "recall@5": 0.006,
    "recall@10": 0.013,
    "f1@1": 0.0,
    "f1@5": 0.002,
    "f1@10": 0.0023636363636363638,
    "map@1": 0.0,
    "map@5": 0.002033333333333333,
    "map@10": 0.0029527777777777777,
    "mrr@1": 0.0,
    "mrr@5": 0.002033333333333333,
    "mrr@10": 0.0029527777777777777,
    "num_pred": 1000,
    "num_data": 1000
}