{
    "hit@1": 0.1,
    "hit@5": 0.271,
    "hit@10": 0.386,
    "ndcg_linear@1": 0.1,
    "ndcg_linear@5": 0.18796213804386655,
    "ndcg_linear@10": 0.2250999333591788,
    "ndcg_exponential@1": 0.1,
    "ndcg_exponential@5": 0.18796213804386655,
    "ndcg_exponential@10": 0.2250999333591788,
    "precision@1": 0.1,
    "precision@5": 0.054200000000000005,
    "precision@10": 0.038599999999999995,
    "recall@1": 0.1,
    "recall@5": 0.271,
    "recall@10": 0.386,
    "f1@1": 0.1,
    "f1@5": 0.09033333333333336,
    "f1@10": 0.07018181818181819,
    "map@1": 0.1,
    "map@5": 0.16058333333333333,
    "map@10": 0.17587936507936508,
    "mrr@1": 0.1,
    "mrr@5": 0.16058333333333333,
    "mrr@10": 0.17587936507936508,
    "num_pred": 1000,
    "num_data": 1000
}