{
    "hit@1": 0.199,
    "hit@5": 0.45,
    "hit@10": 0.558,
    "ndcg_linear@1": 0.199,
    "ndcg_linear@5": 0.3298070790746795,
    "ndcg_linear@10": 0.3643837139238202,
    "ndcg_exponential@1": 0.199,
    "ndcg_exponential@5": 0.3298070790746795,
    "ndcg_exponential@10": 0.3643837139238202,
    "precision@1": 0.199,
    "precision@5": 0.08999999999999998,
    "precision@10": 0.055799999999999995,
    "recall@1": 0.199,
    "recall@5": 0.45,
    "recall@10": 0.558,
    "f1@1": 0.199,
    "f1@5": 0.15000000000000005,
    "f1@10": 0.10145454545454546,
    "map@1": 0.199,
    "map@5": 0.2900333333333333,
    "map@10": 0.30410436507936506,
    "mrr@1": 0.199,
    "mrr@5": 0.2900333333333333,
    "mrr@10": 0.30410436507936506,
    "num_pred": 1000,
    "num_data": 1000
}