{
    "hit@1": 0.005,
    "hit@5": 0.007,
    "hit@10": 0.015,
    "ndcg_linear@1": 0.005,
    "ndcg_linear@5": 0.005817529365307934,
    "ndcg_linear@10": 0.008571267360405777,
    "ndcg_exponential@1": 0.005,
    "ndcg_exponential@5": 0.005817529365307934,
    "ndcg_exponential@10": 0.008571267360405777,
    "precision@1": 0.005,
    "precision@5": 0.0014,
    "precision@10": 0.0015,
    "recall@1": 0.005,
    "recall@5": 0.007,
    "recall@10": 0.015,
    "f1@1": 0.005,
    "f1@5": 0.002333333333333334,
    "f1@10": 0.0027272727272727275,
    "map@1": 0.005,
    "map@5": 0.00545,
    "map@10": 0.0066861111111111106,
    "mrr@1": 0.005,
    "mrr@5": 0.00545,
    "mrr@10": 0.0066861111111111106,
    "num_pred": 1000,
    "num_data": 1000
}