{
    "hit@1": 0.41,
    "hit@5": 0.657,
    "hit@10": 0.747,
    "ndcg_linear@1": 0.41,
    "ndcg_linear@5": 0.5442983600205462,
    "ndcg_linear@10": 0.5735935257345357,
    "ndcg_exponential@1": 0.41,
    "ndcg_exponential@5": 0.5442983600205462,
    "ndcg_exponential@10": 0.5735935257345357,
    "precision@1": 0.41,
    "precision@5": 0.1314,
    "precision@10": 0.07469999999999999,
    "recall@1": 0.41,
    "recall@5": 0.657,
    "recall@10": 0.747,
    "f1@1": 0.41,
    "f1@5": 0.21900000000000006,
    "f1@10": 0.13581818181818184,
    "map@1": 0.41,
    "map@5": 0.5065166666666666,
    "map@10": 0.518713492063492,
    "mrr@1": 0.41,
    "mrr@5": 0.5065166666666666,
    "mrr@10": 0.518713492063492,
    "num_pred": 1000,
    "num_data": 1000
}