{
    "hit@1": 0.594,
    "hit@5": 0.871,
    "hit@10": 0.943,
    "ndcg_linear@1": 0.594,
    "ndcg_linear@5": 0.7441223934627744,
    "ndcg_linear@10": 0.7676237535728083,
    "ndcg_exponential@1": 0.594,
    "ndcg_exponential@5": 0.7441223934627744,
    "ndcg_exponential@10": 0.7676237535728083,
    "precision@1": 0.594,
    "precision@5": 0.1742,
    "precision@10": 0.09430000000000001,
    "recall@1": 0.594,
    "recall@5": 0.871,
    "recall@10": 0.943,
    "f1@1": 0.594,
    "f1@5": 0.2903333333333334,
    "f1@10": 0.17145454545454544,
    "map@1": 0.594,
    "map@5": 0.7015999999999999,
    "map@10": 0.7114210317460318,
    "mrr@1": 0.594,
    "mrr@5": 0.7015999999999999,
    "mrr@10": 0.7114210317460318,
    "num_pred": 1000,
    "num_data": 1000
}