{
    "hit@1": 0.662,
    "hit@5": 0.902,
    "hit@10": 0.959,
    "ndcg_linear@1": 0.662,
    "ndcg_linear@5": 0.7944874915872632,
    "ndcg_linear@10": 0.8133511215361875,
    "ndcg_exponential@1": 0.662,
    "ndcg_exponential@5": 0.7944874915872632,
    "ndcg_exponential@10": 0.8133511215361875,
    "precision@1": 0.662,
    "precision@5": 0.18040000000000003,
    "precision@10": 0.09590000000000001,
    "recall@1": 0.662,
    "recall@5": 0.902,
    "recall@10": 0.959,
    "f1@1": 0.662,
    "f1@5": 0.3006666666666667,
    "f1@10": 0.17436363636363633,
    "map@1": 0.662,
    "map@5": 0.7583,
    "map@10": 0.7663357142857143,
    "mrr@1": 0.662,
    "mrr@5": 0.7583,
    "mrr@10": 0.7663357142857143,
    "num_pred": 1000,
    "num_data": 1000
}