{
    "hit@1": 0.415,
    "hit@5": 0.61,
    "hit@10": 0.689,
    "ndcg_linear@1": 0.415,
    "ndcg_linear@5": 0.5181245829906299,
    "ndcg_linear@10": 0.5433691794622688,
    "ndcg_exponential@1": 0.415,
    "ndcg_exponential@5": 0.5181245829906299,
    "ndcg_exponential@10": 0.5433691794622688,
    "precision@1": 0.415,
    "precision@5": 0.12199999999999998,
    "precision@10": 0.06889999999999999,
    "recall@1": 0.415,
    "recall@5": 0.61,
    "recall@10": 0.689,
    "f1@1": 0.415,
    "f1@5": 0.20333333333333337,
    "f1@10": 0.12527272727272729,
    "map@1": 0.415,
    "map@5": 0.48765,
    "map@10": 0.49788849206349206,
    "mrr@1": 0.415,
    "mrr@5": 0.48765,
    "mrr@10": 0.49788849206349206,
    "num_pred": 1000,
    "num_data": 1000
}