{
    "hit@1": 0.396,
    "hit@5": 0.622,
    "hit@10": 0.703,
    "ndcg_linear@1": 0.396,
    "ndcg_linear@5": 0.5171964645120327,
    "ndcg_linear@10": 0.5436603185766141,
    "ndcg_exponential@1": 0.396,
    "ndcg_exponential@5": 0.5171964645120327,
    "ndcg_exponential@10": 0.5436603185766141,
    "precision@1": 0.396,
    "precision@5": 0.12439999999999998,
    "precision@10": 0.0703,
    "recall@1": 0.396,
    "recall@5": 0.622,
    "recall@10": 0.703,
    "f1@1": 0.396,
    "f1@5": 0.20733333333333337,
    "f1@10": 0.12781818181818183,
    "map@1": 0.396,
    "map@5": 0.48225,
    "map@10": 0.49331626984126986,
    "mrr@1": 0.396,
    "mrr@5": 0.48225,
    "mrr@10": 0.49331626984126986,
    "num_pred": 1000,
    "num_data": 1000
}