{
    "hit@1": 0.385,
    "hit@5": 0.669,
    "hit@10": 0.77,
    "ndcg_linear@1": 0.385,
    "ndcg_linear@5": 0.537038332764058,
    "ndcg_linear@10": 0.569366315002854,
    "ndcg_exponential@1": 0.385,
    "ndcg_exponential@5": 0.537038332764058,
    "ndcg_exponential@10": 0.569366315002854,
    "precision@1": 0.385,
    "precision@5": 0.13379999999999997,
    "precision@10": 0.077,
    "recall@1": 0.385,
    "recall@5": 0.669,
    "recall@10": 0.77,
    "f1@1": 0.385,
    "f1@5": 0.22300000000000006,
    "f1@10": 0.14,
    "map@1": 0.385,
    "map@5": 0.4930666666666667,
    "map@10": 0.5062130952380952,
    "mrr@1": 0.385,
    "mrr@5": 0.4930666666666667,
    "mrr@10": 0.5062130952380952,
    "num_pred": 1000,
    "num_data": 1000
}