{
    "hit@1": 0.985,
    "hit@5": 0.985,
    "hit@10": 0.985,
    "ndcg_linear@1": 0.985,
    "ndcg_linear@5": 0.985,
    "ndcg_linear@10": 0.985,
    "ndcg_exponential@1": 0.985,
    "ndcg_exponential@5": 0.985,
    "ndcg_exponential@10": 0.985,
    "precision@1": 0.985,
    "precision@5": 0.19700000000000004,
    "precision@10": 0.09850000000000002,
    "recall@1": 0.985,
    "recall@5": 0.985,
    "recall@10": 0.985,
    "f1@1": 0.985,
    "f1@5": 0.3283333333333333,
    "f1@10": 0.17909090909090908,
    "map@1": 0.985,
    "map@5": 0.985,
    "map@10": 0.985,
    "mrr@1": 0.985,
    "mrr@5": 0.985,
    "mrr@10": 0.985,
    "num_pred": 1000,
    "num_data": 1000
}