{
    "hit@1": 0.606,
    "hit@5": 0.861,
    "hit@10": 0.927,
    "ndcg_linear@1": 0.606,
    "ndcg_linear@5": 0.7422644180454934,
    "ndcg_linear@10": 0.7642021636422611,
    "ndcg_exponential@1": 0.606,
    "ndcg_exponential@5": 0.7422644180454934,
    "ndcg_exponential@10": 0.7642021636422611,
    "precision@1": 0.606,
    "precision@5": 0.1722,
    "precision@10": 0.09270000000000002,
    "recall@1": 0.606,
    "recall@5": 0.861,
    "recall@10": 0.927,
    "f1@1": 0.606,
    "f1@5": 0.287,
    "f1@10": 0.16854545454545455,
    "map@1": 0.606,
    "map@5": 0.7027,
    "map@10": 0.7121055555555557,
    "mrr@1": 0.606,
    "mrr@5": 0.7027,
    "mrr@10": 0.7121055555555557,
    "num_pred": 1000,
    "num_data": 1000
}