{
    "hit@1": 0.634,
    "hit@5": 0.876,
    "hit@10": 0.933,
    "ndcg_linear@1": 0.634,
    "ndcg_linear@5": 0.7685426467461166,
    "ndcg_linear@10": 0.7873037799742464,
    "ndcg_exponential@1": 0.634,
    "ndcg_exponential@5": 0.7685426467461166,
    "ndcg_exponential@10": 0.7873037799742464,
    "precision@1": 0.634,
    "precision@5": 0.17520000000000002,
    "precision@10": 0.09330000000000001,
    "recall@1": 0.634,
    "recall@5": 0.876,
    "recall@10": 0.933,
    "f1@1": 0.634,
    "f1@5": 0.29200000000000004,
    "f1@10": 0.1696363636363636,
    "map@1": 0.634,
    "map@5": 0.7323,
    "map@10": 0.7402305555555555,
    "mrr@1": 0.634,
    "mrr@5": 0.7323,
    "mrr@10": 0.7402305555555555,
    "num_pred": 1000,
    "num_data": 1000
}