{
    "hit@1": 0.002,
    "hit@5": 0.022,
    "hit@10": 0.052,
    "ndcg_linear@1": 0.002,
    "ndcg_linear@5": 0.011629689900576601,
    "ndcg_linear@10": 0.021256524892191857,
    "ndcg_exponential@1": 0.002,
    "ndcg_exponential@5": 0.011629689900576601,
    "ndcg_exponential@10": 0.021256524892191857,
    "precision@1": 0.002,
    "precision@5": 0.0044,
    "precision@10": 0.0052000000000000015,
    "recall@1": 0.002,
    "recall@5": 0.022,
    "recall@10": 0.052,
    "f1@1": 0.002,
    "f1@5": 0.007333333333333334,
    "f1@10": 0.009454545454545453,
    "map@1": 0.002,
    "map@5": 0.008266666666666665,
    "map@10": 0.012194444444444444,
    "mrr@1": 0.002,
    "mrr@5": 0.008266666666666665,
    "mrr@10": 0.012194444444444444,
    "num_pred": 1000,
    "num_data": 1000
}