{
    "hit@1": 0.017,
    "hit@5": 0.201,
    "hit@10": 0.411,
    "ndcg_linear@1": 0.017,
    "ndcg_linear@5": 0.10746100077157132,
    "ndcg_linear@10": 0.17471401984326412,
    "ndcg_exponential@1": 0.017,
    "ndcg_exponential@5": 0.10746100077157132,
    "ndcg_exponential@10": 0.17471401984326412,
    "precision@1": 0.017,
    "precision@5": 0.0402,
    "precision@10": 0.0411,
    "recall@1": 0.017,
    "recall@5": 0.201,
    "recall@10": 0.411,
    "f1@1": 0.017,
    "f1@5": 0.067,
    "f1@10": 0.07472727272727274,
    "map@1": 0.017,
    "map@5": 0.07703333333333333,
    "map@10": 0.10439960317460317,
    "mrr@1": 0.017,
    "mrr@5": 0.07703333333333333,
    "mrr@10": 0.10439960317460317,
    "num_pred": 1000,
    "num_data": 1000
}