{
    "hit@1": 0.001,
    "hit@5": 0.005,
    "hit@10": 0.008,
    "ndcg_linear@1": 0.001,
    "ndcg_linear@5": 0.0028613531161467863,
    "ndcg_linear@10": 0.0038220900063584253,
    "ndcg_exponential@1": 0.001,
    "ndcg_exponential@5": 0.0028613531161467863,
    "ndcg_exponential@10": 0.0038220900063584253,
    "precision@1": 0.001,
    "precision@5": 0.001,
    "precision@10": 0.0008,
    "recall@1": 0.001,
    "recall@5": 0.005,
    "recall@10": 0.008,
    "f1@1": 0.001,
    "f1@5": 0.001666666666666667,
    "f1@10": 0.0014545454545454547,
    "map@1": 0.001,
    "map@5": 0.0021666666666666666,
    "map@10": 0.0025583333333333335,
    "mrr@1": 0.001,
    "mrr@5": 0.0021666666666666666,
    "mrr@10": 0.0025583333333333335,
    "num_pred": 1000,
    "num_data": 1000
}