{
    "hit@1": 0.001,
    "hit@5": 0.004,
    "hit@10": 0.012,
    "ndcg_linear@1": 0.001,
    "ndcg_linear@5": 0.0024922828697182433,
    "ndcg_linear@10": 0.004931703714106172,
    "ndcg_exponential@1": 0.001,
    "ndcg_exponential@5": 0.0024922828697182433,
    "ndcg_exponential@10": 0.004931703714106172,
    "precision@1": 0.001,
    "precision@5": 0.0008,
    "precision@10": 0.0012000000000000001,
    "recall@1": 0.001,
    "recall@5": 0.004,
    "recall@10": 0.012,
    "f1@1": 0.001,
    "f1@5": 0.0013333333333333335,
    "f1@10": 0.0021818181818181815,
    "map@1": 0.001,
    "map@5": 0.002,
    "map@10": 0.0029218253968253966,
    "mrr@1": 0.001,
    "mrr@5": 0.002,
    "mrr@10": 0.0029218253968253966,
    "num_pred": 1000,
    "num_data": 1000
}