{
    "hit@1": 0.002,
    "hit@5": 0.01,
    "hit@10": 0.019,
    "ndcg_linear@1": 0.002,
    "ndcg_linear@5": 0.006472178133165222,
    "ndcg_linear@10": 0.009330101723167292,
    "ndcg_exponential@1": 0.002,
    "ndcg_exponential@5": 0.006472178133165222,
    "ndcg_exponential@10": 0.009330101723167292,
    "precision@1": 0.002,
    "precision@5": 0.002,
    "precision@10": 0.0019000000000000004,
    "recall@1": 0.002,
    "recall@5": 0.01,
    "recall@10": 0.019,
    "f1@1": 0.002,
    "f1@5": 0.0033333333333333335,
    "f1@10": 0.003454545454545454,
    "map@1": 0.002,
    "map@5": 0.0052833333333333335,
    "map@10": 0.00643015873015873,
    "mrr@1": 0.002,
    "mrr@5": 0.0052833333333333335,
    "mrr@10": 0.00643015873015873,
    "num_pred": 1000,
    "num_data": 1000
}