{
    "hit@1": 0.002,
    "hit@5": 0.016,
    "hit@10": 0.033,
    "ndcg_linear@1": 0.002,
    "ndcg_linear@5": 0.00950774325477722,
    "ndcg_linear@10": 0.015149172492095058,
    "ndcg_exponential@1": 0.002,
    "ndcg_exponential@5": 0.00950774325477722,
    "ndcg_exponential@10": 0.015149172492095058,
    "precision@1": 0.002,
    "precision@5": 0.0032,
    "precision@10": 0.0033000000000000004,
    "recall@1": 0.002,
    "recall@5": 0.016,
    "recall@10": 0.033,
    "f1@1": 0.002,
    "f1@5": 0.005333333333333334,
    "f1@10": 0.006,
    "map@1": 0.002,
    "map@5": 0.00735,
    "map@10": 0.009761507936507936,
    "mrr@1": 0.002,
    "mrr@5": 0.00735,
    "mrr@10": 0.009761507936507936,
    "num_pred": 1000,
    "num_data": 1000
}