{
    "hit@1": 0.002,
    "hit@5": 0.013,
    "hit@10": 0.019,
    "ndcg_linear@1": 0.002,
    "ndcg_linear@5": 0.008008284753722318,
    "ndcg_linear@10": 0.00992728882236994,
    "ndcg_exponential@1": 0.002,
    "ndcg_exponential@5": 0.008008284753722318,
    "ndcg_exponential@10": 0.00992728882236994,
    "precision@1": 0.002,
    "precision@5": 0.0026,
    "precision@10": 0.0019,
    "recall@1": 0.002,
    "recall@5": 0.013,
    "recall@10": 0.019,
    "f1@1": 0.002,
    "f1@5": 0.004333333333333334,
    "f1@10": 0.003454545454545454,
    "map@1": 0.002,
    "map@5": 0.006333333333333333,
    "map@10": 0.007113888888888889,
    "mrr@1": 0.002,
    "mrr@5": 0.006333333333333333,
    "mrr@10": 0.007113888888888889,
    "num_pred": 1000,
    "num_data": 1000
}