{
    "hit@1": 0.003,
    "hit@5": 0.011,
    "hit@10": 0.021,
    "ndcg_linear@1": 0.003,
    "ndcg_linear@5": 0.006627341600334112,
    "ndcg_linear@10": 0.009794668184977331,
    "ndcg_exponential@1": 0.003,
    "ndcg_exponential@5": 0.006627341600334112,
    "ndcg_exponential@10": 0.009794668184977331,
    "precision@1": 0.003,
    "precision@5": 0.0022,
    "precision@10": 0.0020999999999999994,
    "recall@1": 0.003,
    "recall@5": 0.011,
    "recall@10": 0.021,
    "f1@1": 0.003,
    "f1@5": 0.003666666666666667,
    "f1@10": 0.0038181818181818182,
    "map@1": 0.003,
    "map@5": 0.005233333333333335,
    "map@10": 0.006500793650793652,
    "mrr@1": 0.003,
    "mrr@5": 0.005233333333333335,
    "mrr@10": 0.006500793650793652,
    "num_pred": 1000,
    "num_data": 1000
}