{
    "hit@1": 0.043,
    "hit@5": 0.104,
    "hit@10": 0.177,
    "ndcg_linear@1": 0.043,
    "ndcg_linear@5": 0.07313511030446879,
    "ndcg_linear@10": 0.09666796710335604,
    "ndcg_exponential@1": 0.043,
    "ndcg_exponential@5": 0.07313511030446879,
    "ndcg_exponential@10": 0.09666796710335604,
    "precision@1": 0.043,
    "precision@5": 0.0208,
    "precision@10": 0.0177,
    "recall@1": 0.043,
    "recall@5": 0.104,
    "recall@10": 0.177,
    "f1@1": 0.043,
    "f1@5": 0.03466666666666667,
    "f1@10": 0.03218181818181818,
    "map@1": 0.043,
    "map@5": 0.06308333333333334,
    "map@10": 0.07274761904761903,
    "mrr@1": 0.043,
    "mrr@5": 0.06308333333333334,
    "mrr@10": 0.07274761904761903,
    "num_pred": 1000,
    "num_data": 1000
}