{
    "hit@1": 0.207,
    "hit@5": 0.398,
    "hit@10": 0.576,
    "ndcg_linear@1": 0.207,
    "ndcg_linear@5": 0.30675602744351305,
    "ndcg_linear@10": 0.3634471202655779,
    "ndcg_exponential@1": 0.207,
    "ndcg_exponential@5": 0.30675602744351305,
    "ndcg_exponential@10": 0.3634471202655779,
    "precision@1": 0.207,
    "precision@5": 0.0796,
    "precision@10": 0.05759999999999999,
    "recall@1": 0.207,
    "recall@5": 0.398,
    "recall@10": 0.576,
    "f1@1": 0.207,
    "f1@5": 0.13266666666666668,
    "f1@10": 0.10472727272727275,
    "map@1": 0.207,
    "map@5": 0.2766,
    "map@10": 0.29950079365079363,
    "mrr@1": 0.207,
    "mrr@5": 0.2766,
    "mrr@10": 0.29950079365079363,
    "num_pred": 1000,
    "num_data": 1000
}