{
    "hit@1": 0.229,
    "hit@5": 0.471,
    "hit@10": 0.585,
    "ndcg_linear@1": 0.229,
    "ndcg_linear@5": 0.35866670511329135,
    "ndcg_linear@10": 0.395656204921627,
    "ndcg_exponential@1": 0.229,
    "ndcg_exponential@5": 0.35866670511329135,
    "ndcg_exponential@10": 0.395656204921627,
    "precision@1": 0.229,
    "precision@5": 0.09419999999999999,
    "precision@10": 0.0585,
    "recall@1": 0.229,
    "recall@5": 0.471,
    "recall@10": 0.585,
    "f1@1": 0.229,
    "f1@5": 0.15700000000000003,
    "f1@10": 0.10636363636363637,
    "map@1": 0.229,
    "map@5": 0.32123333333333337,
    "map@10": 0.33657341269841273,
    "mrr@1": 0.229,
    "mrr@5": 0.32123333333333337,
    "mrr@10": 0.33657341269841273,
    "num_pred": 1000,
    "num_data": 1000
}