{
    "hit@1": 0.229,
    "hit@5": 0.586,
    "hit@10": 0.831,
    "ndcg_linear@1": 0.229,
    "ndcg_linear@5": 0.404277262025843,
    "ndcg_linear@10": 0.4827226201555481,
    "ndcg_exponential@1": 0.229,
    "ndcg_exponential@5": 0.404277262025843,
    "ndcg_exponential@10": 0.4827226201555481,
    "precision@1": 0.229,
    "precision@5": 0.11719999999999998,
    "precision@10": 0.08310000000000001,
    "recall@1": 0.229,
    "recall@5": 0.586,
    "recall@10": 0.831,
    "f1@1": 0.229,
    "f1@5": 0.19533333333333336,
    "f1@10": 0.15109090909090908,
    "map@1": 0.229,
    "map@5": 0.34518333333333334,
    "map@10": 0.37710595238095235,
    "mrr@1": 0.229,
    "mrr@5": 0.34518333333333334,
    "mrr@10": 0.37710595238095235,
    "num_pred": 1000,
    "num_data": 1000
}