{
    "hit@1": 0.017,
    "hit@5": 0.073,
    "hit@10": 0.113,
    "ndcg_linear@1": 0.017,
    "ndcg_linear@5": 0.04499287594251623,
    "ndcg_linear@10": 0.057995847088880566,
    "ndcg_exponential@1": 0.017,
    "ndcg_exponential@5": 0.04499287594251623,
    "ndcg_exponential@10": 0.057995847088880566,
    "precision@1": 0.017,
    "precision@5": 0.0146,
    "precision@10": 0.011300000000000001,
    "recall@1": 0.017,
    "recall@5": 0.073,
    "recall@10": 0.113,
    "f1@1": 0.017,
    "f1@5": 0.024333333333333335,
    "f1@10": 0.020545454545454547,
    "map@1": 0.017,
    "map@5": 0.03583333333333333,
    "map@10": 0.04124007936507936,
    "mrr@1": 0.017,
    "mrr@5": 0.03583333333333333,
    "mrr@10": 0.04124007936507936,
    "num_pred": 1000,
    "num_data": 1000
}