{
    "hit@1": 0.223,
    "hit@5": 0.465,
    "hit@10": 0.579,
    "ndcg_linear@1": 0.223,
    "ndcg_linear@5": 0.3473916531224315,
    "ndcg_linear@10": 0.38436468418614345,
    "ndcg_exponential@1": 0.223,
    "ndcg_exponential@5": 0.3473916531224315,
    "ndcg_exponential@10": 0.38436468418614345,
    "precision@1": 0.223,
    "precision@5": 0.093,
    "precision@10": 0.05789999999999999,
    "recall@1": 0.223,
    "recall@5": 0.465,
    "recall@10": 0.579,
    "f1@1": 0.223,
    "f1@5": 0.15500000000000005,
    "f1@10": 0.1052727272727273,
    "map@1": 0.223,
    "map@5": 0.30865,
    "map@10": 0.3239642857142857,
    "mrr@1": 0.223,
    "mrr@5": 0.30865,
    "mrr@10": 0.3239642857142857,
    "num_pred": 1000,
    "num_data": 1000
}