{
    "hit@1": 0.388,
    "hit@5": 0.653,
    "hit@10": 0.782,
    "ndcg_linear@1": 0.388,
    "ndcg_linear@5": 0.5260702038841748,
    "ndcg_linear@10": 0.5681911361492243,
    "ndcg_exponential@1": 0.388,
    "ndcg_exponential@5": 0.5260702038841748,
    "ndcg_exponential@10": 0.5681911361492243,
    "precision@1": 0.388,
    "precision@5": 0.1306,
    "precision@10": 0.07819999999999999,
    "recall@1": 0.388,
    "recall@5": 0.653,
    "recall@10": 0.782,
    "f1@1": 0.388,
    "f1@5": 0.2176666666666667,
    "f1@10": 0.1421818181818182,
    "map@1": 0.388,
    "map@5": 0.4841,
    "map@10": 0.5017162698412698,
    "mrr@1": 0.388,
    "mrr@5": 0.4841,
    "mrr@10": 0.5017162698412698,
    "num_pred": 1000,
    "num_data": 1000
}