{
    "hit@1": 0.201,
    "hit@5": 0.429,
    "hit@10": 0.573,
    "ndcg_linear@1": 0.201,
    "ndcg_linear@5": 0.31944157018185476,
    "ndcg_linear@10": 0.36653432013142195,
    "ndcg_exponential@1": 0.201,
    "ndcg_exponential@5": 0.31944157018185476,
    "ndcg_exponential@10": 0.36653432013142195,
    "precision@1": 0.201,
    "precision@5": 0.0858,
    "precision@10": 0.0573,
    "recall@1": 0.201,
    "recall@5": 0.429,
    "recall@10": 0.573,
    "f1@1": 0.201,
    "f1@5": 0.14300000000000004,
    "f1@10": 0.1041818181818182,
    "map@1": 0.201,
    "map@5": 0.28326666666666667,
    "map@10": 0.30301150793650794,
    "mrr@1": 0.201,
    "mrr@5": 0.28326666666666667,
    "mrr@10": 0.30301150793650794,
    "num_pred": 1000,
    "num_data": 1000
}