{
    "hit@1": 0.709,
    "hit@5": 0.941,
    "hit@10": 0.986,
    "ndcg_linear@1": 0.709,
    "ndcg_linear@5": 0.8362918827432592,
    "ndcg_linear@10": 0.8510694978486699,
    "ndcg_exponential@1": 0.709,
    "ndcg_exponential@5": 0.8362918827432592,
    "ndcg_exponential@10": 0.8510694978486699,
    "precision@1": 0.709,
    "precision@5": 0.1882,
    "precision@10": 0.09860000000000002,
    "recall@1": 0.709,
    "recall@5": 0.941,
    "recall@10": 0.986,
    "f1@1": 0.709,
    "f1@5": 0.31366666666666665,
    "f1@10": 0.17927272727272725,
    "map@1": 0.709,
    "map@5": 0.8010833333333333,
    "map@10": 0.8073099206349207,
    "mrr@1": 0.709,
    "mrr@5": 0.8010833333333333,
    "mrr@10": 0.8073099206349207,
    "num_pred": 1000,
    "num_data": 1000
}