{
    "hit@1": 0.754,
    "hit@5": 0.95,
    "hit@10": 0.981,
    "ndcg_linear@1": 0.754,
    "ndcg_linear@5": 0.8619672816775903,
    "ndcg_linear@10": 0.8718738446328962,
    "ndcg_exponential@1": 0.754,
    "ndcg_exponential@5": 0.8619672816775903,
    "ndcg_exponential@10": 0.8718738446328962,
    "precision@1": 0.754,
    "precision@5": 0.19000000000000003,
    "precision@10": 0.0981,
    "recall@1": 0.754,
    "recall@5": 0.95,
    "recall@10": 0.981,
    "f1@1": 0.754,
    "f1@5": 0.31666666666666665,
    "f1@10": 0.1783636363636363,
    "map@1": 0.754,
    "map@5": 0.8323333333333334,
    "map@10": 0.8363503968253968,
    "mrr@1": 0.754,
    "mrr@5": 0.8323333333333334,
    "mrr@10": 0.8363503968253968,
    "num_pred": 1000,
    "num_data": 1000
}