{
    "hit@1": 0.002,
    "hit@5": 0.003,
    "hit@10": 0.006,
    "ndcg_linear@1": 0.002,
    "ndcg_linear@5": 0.0026309297535714576,
    "ndcg_linear@10": 0.0036095351003307013,
    "ndcg_exponential@1": 0.002,
    "ndcg_exponential@5": 0.0026309297535714576,
    "ndcg_exponential@10": 0.0036095351003307013,
    "precision@1": 0.002,
    "precision@5": 0.0006000000000000001,
    "precision@10": 0.0006000000000000001,
    "recall@1": 0.002,
    "recall@5": 0.003,
    "recall@10": 0.006,
    "f1@1": 0.002,
    "f1@5": 0.001,
    "f1@10": 0.0010909090909090907,
    "map@1": 0.002,
    "map@5": 0.0025,
    "map@10": 0.0029095238095238098,
    "mrr@1": 0.002,
    "mrr@5": 0.0025,
    "mrr@10": 0.0029095238095238098,
    "num_pred": 1000,
    "num_data": 1000
}