{
    "hit@1": 0.017,
    "hit@5": 0.063,
    "hit@10": 0.105,
    "ndcg_linear@1": 0.017,
    "ndcg_linear@5": 0.040843622804331715,
    "ndcg_linear@10": 0.05404817686779156,
    "ndcg_exponential@1": 0.017,
    "ndcg_exponential@5": 0.040843622804331715,
    "ndcg_exponential@10": 0.05404817686779156,
    "precision@1": 0.017,
    "precision@5": 0.0126,
    "precision@10": 0.0105,
    "recall@1": 0.017,
    "recall@5": 0.063,
    "recall@10": 0.105,
    "f1@1": 0.017,
    "f1@5": 0.021,
    "f1@10": 0.019090909090909092,
    "map@1": 0.017,
    "map@5": 0.0335,
    "map@10": 0.03873452380952381,
    "mrr@1": 0.017,
    "mrr@5": 0.0335,
    "mrr@10": 0.03873452380952381,
    "num_pred": 1000,
    "num_data": 1000
}