{
    "hit@1": 0.026,
    "hit@5": 0.082,
    "hit@10": 0.134,
    "ndcg_linear@1": 0.026,
    "ndcg_linear@5": 0.05393361793111387,
    "ndcg_linear@10": 0.07059097261527486,
    "ndcg_exponential@1": 0.026,
    "ndcg_exponential@5": 0.05393361793111387,
    "ndcg_exponential@10": 0.07059097261527486,
    "precision@1": 0.026,
    "precision@5": 0.0164,
    "precision@10": 0.013400000000000002,
    "recall@1": 0.026,
    "recall@5": 0.082,
    "recall@10": 0.134,
    "f1@1": 0.026,
    "f1@5": 0.027333333333333334,
    "f1@10": 0.02436363636363637,
    "map@1": 0.026,
    "map@5": 0.044783333333333335,
    "map@10": 0.05156865079365079,
    "mrr@1": 0.026,
    "mrr@5": 0.044783333333333335,
    "mrr@10": 0.05156865079365079,
    "num_pred": 1000,
    "num_data": 1000
}