{
    "hit@1": 0.049,
    "hit@5": 0.136,
    "hit@10": 0.179,
    "ndcg_linear@1": 0.049,
    "ndcg_linear@5": 0.09184473057644131,
    "ndcg_linear@10": 0.10590198102427524,
    "ndcg_exponential@1": 0.049,
    "ndcg_exponential@5": 0.09184473057644131,
    "ndcg_exponential@10": 0.10590198102427524,
    "precision@1": 0.049,
    "precision@5": 0.027200000000000002,
    "precision@10": 0.017900000000000003,
    "recall@1": 0.049,
    "recall@5": 0.136,
    "recall@10": 0.179,
    "f1@1": 0.049,
    "f1@5": 0.04533333333333334,
    "f1@10": 0.032545454545454544,
    "map@1": 0.049,
    "map@5": 0.07745,
    "map@10": 0.08334007936507937,
    "mrr@1": 0.049,
    "mrr@5": 0.07745,
    "mrr@10": 0.08334007936507937,
    "num_pred": 1000,
    "num_data": 1000
}