{
    "hit@1": 0.0,
    "hit@5": 0.009,
    "hit@10": 0.02,
    "ndcg_linear@1": 0.0,
    "ndcg_linear@5": 0.0047281011868283065,
    "ndcg_linear@10": 0.008222857817603346,
    "ndcg_exponential@1": 0.0,
    "ndcg_exponential@5": 0.0047281011868283065,
    "ndcg_exponential@10": 0.008222857817603346,
    "precision@1": 0.0,
    "precision@5": 0.0018,
    "precision@10": 0.002,
    "recall@1": 0.0,
    "recall@5": 0.009,
    "recall@10": 0.02,
    "f1@1": 0.0,
    "f1@5": 0.0030000000000000005,
    "f1@10": 0.003636363636363637,
    "map@1": 0.0,
    "map@5": 0.0033166666666666665,
    "map@10": 0.004720238095238095,
    "mrr@1": 0.0,
    "mrr@5": 0.0033166666666666665,
    "mrr@10": 0.004720238095238095,
    "num_pred": 1000,
    "num_data": 1000
}