{
    "hit@1": 0.002,
    "hit@5": 0.008,
    "hit@10": 0.017,
    "ndcg_linear@1": 0.002,
    "ndcg_linear@5": 0.0048536359858650305,
    "ndcg_linear@10": 0.00773189774419036,
    "ndcg_exponential@1": 0.002,
    "ndcg_exponential@5": 0.0048536359858650305,
    "ndcg_exponential@10": 0.00773189774419036,
    "precision@1": 0.002,
    "precision@5": 0.0016,
    "precision@10": 0.0017,
    "recall@1": 0.002,
    "recall@5": 0.008,
    "recall@10": 0.017,
    "f1@1": 0.002,
    "f1@5": 0.002666666666666667,
    "f1@10": 0.0030909090909090908,
    "map@1": 0.002,
    "map@5": 0.003833333333333333,
    "map@10": 0.00500079365079365,
    "mrr@1": 0.002,
    "mrr@5": 0.003833333333333333,
    "mrr@10": 0.00500079365079365,
    "num_pred": 1000,
    "num_data": 1000
}