{
    "hit@1": 0.005,
    "hit@5": 0.016,
    "hit@10": 0.029,
    "ndcg_linear@1": 0.005,
    "ndcg_linear@5": 0.01043302485831588,
    "ndcg_linear@10": 0.01464856886228413,
    "ndcg_exponential@1": 0.005,
    "ndcg_exponential@5": 0.01043302485831588,
    "ndcg_exponential@10": 0.01464856886228413,
    "precision@1": 0.005,
    "precision@5": 0.0032,
    "precision@10": 0.0029000000000000002,
    "recall@1": 0.005,
    "recall@5": 0.016,
    "recall@10": 0.029,
    "f1@1": 0.005,
    "f1@5": 0.005333333333333334,
    "f1@10": 0.005272727272727273,
    "map@1": 0.005,
    "map@5": 0.008616666666666667,
    "map@10": 0.010363095238095239,
    "mrr@1": 0.005,
    "mrr@5": 0.008616666666666667,
    "mrr@10": 0.010363095238095239,
    "num_pred": 1000,
    "num_data": 1000
}