{
    "hit@1": 0.008,
    "hit@5": 0.039,
    "hit@10": 0.056,
    "ndcg_linear@1": 0.008,
    "ndcg_linear@5": 0.0218601125880139,
    "ndcg_linear@10": 0.027273873287436565,
    "ndcg_exponential@1": 0.008,
    "ndcg_exponential@5": 0.0218601125880139,
    "ndcg_exponential@10": 0.027273873287436565,
    "precision@1": 0.008,
    "precision@5": 0.0078,
    "precision@10": 0.0056,
    "recall@1": 0.008,
    "recall@5": 0.039,
    "recall@10": 0.056,
    "f1@1": 0.008,
    "f1@5": 0.013,
    "f1@10": 0.010181818181818183,
    "map@1": 0.008,
    "map@5": 0.016416666666666663,
    "map@10": 0.018600793650793652,
    "mrr@1": 0.008,
    "mrr@5": 0.016416666666666663,
    "mrr@10": 0.018600793650793652,
    "num_pred": 1000,
    "num_data": 1000
}