{
    "hit@1": 0.004,
    "hit@5": 0.012,
    "hit@10": 0.032,
    "ndcg_linear@1": 0.004,
    "ndcg_linear@5": 0.008010065430524243,
    "ndcg_linear@10": 0.014484906608592458,
    "ndcg_exponential@1": 0.004,
    "ndcg_exponential@5": 0.008010065430524243,
    "ndcg_exponential@10": 0.014484906608592458,
    "precision@1": 0.004,
    "precision@5": 0.0024000000000000002,
    "precision@10": 0.0032,
    "recall@1": 0.004,
    "recall@5": 0.012,
    "recall@10": 0.032,
    "f1@1": 0.004,
    "f1@5": 0.004,
    "f1@10": 0.005818181818181819,
    "map@1": 0.004,
    "map@5": 0.006699999999999999,
    "map@10": 0.009375,
    "mrr@1": 0.004,
    "mrr@5": 0.006699999999999999,
    "mrr@10": 0.009375,
    "num_pred": 1000,
    "num_data": 1000
}