{
    "hit@1": 0.003,
    "hit@5": 0.005,
    "hit@10": 0.015,
    "ndcg_linear@1": 0.003,
    "ndcg_linear@5": 0.004130929753571458,
    "ndcg_linear@10": 0.00739179874947265,
    "ndcg_exponential@1": 0.003,
    "ndcg_exponential@5": 0.004130929753571458,
    "ndcg_exponential@10": 0.00739179874947265,
    "precision@1": 0.003,
    "precision@5": 0.001,
    "precision@10": 0.0015,
    "recall@1": 0.003,
    "recall@5": 0.005,
    "recall@10": 0.015,
    "f1@1": 0.003,
    "f1@5": 0.0016666666666666668,
    "f1@10": 0.0027272727272727275,
    "map@1": 0.003,
    "map@5": 0.003833333333333333,
    "map@10": 0.005192460317460317,
    "mrr@1": 0.003,
    "mrr@5": 0.003833333333333333,
    "mrr@10": 0.005192460317460317,
    "num_pred": 1000,
    "num_data": 1000
}