{
    "hit@1": 0.005,
    "hit@5": 0.011,
    "hit@10": 0.019,
    "ndcg_linear@1": 0.005,
    "ndcg_linear@5": 0.008017782560806,
    "ndcg_linear@10": 0.010585584839572686,
    "ndcg_exponential@1": 0.005,
    "ndcg_exponential@5": 0.008017782560806,
    "ndcg_exponential@10": 0.010585584839572686,
    "precision@1": 0.005,
    "precision@5": 0.0022,
    "precision@10": 0.0019000000000000002,
    "recall@1": 0.005,
    "recall@5": 0.011,
    "recall@10": 0.019,
    "f1@1": 0.005,
    "f1@5": 0.003666666666666667,
    "f1@10": 0.0034545454545454545,
    "map@1": 0.005,
    "map@5": 0.007033333333333333,
    "map@10": 0.008081746031746032,
    "mrr@1": 0.005,
    "mrr@5": 0.007033333333333333,
    "mrr@10": 0.008081746031746032,
    "num_pred": 1000,
    "num_data": 1000
}