{
    "hit@1": 0.03,
    "hit@5": 0.097,
    "hit@10": 0.15,
    "ndcg_linear@1": 0.03,
    "ndcg_linear@5": 0.06447870765944305,
    "ndcg_linear@10": 0.08144767092934749,
    "ndcg_exponential@1": 0.03,
    "ndcg_exponential@5": 0.06447870765944305,
    "ndcg_exponential@10": 0.08144767092934749,
    "precision@1": 0.03,
    "precision@5": 0.0194,
    "precision@10": 0.015000000000000001,
    "recall@1": 0.03,
    "recall@5": 0.097,
    "recall@10": 0.15,
    "f1@1": 0.03,
    "f1@5": 0.03233333333333334,
    "f1@10": 0.027272727272727275,
    "map@1": 0.03,
    "map@5": 0.05375,
    "map@10": 0.06065,
    "mrr@1": 0.03,
    "mrr@5": 0.05375,
    "mrr@10": 0.06065,
    "num_pred": 1000,
    "num_data": 1000
}