{
    "hit@1": 0.158,
    "hit@5": 0.373,
    "hit@10": 0.503,
    "ndcg_linear@1": 0.158,
    "ndcg_linear@5": 0.2704173103437619,
    "ndcg_linear@10": 0.3120167256557722,
    "ndcg_exponential@1": 0.158,
    "ndcg_exponential@5": 0.2704173103437619,
    "ndcg_exponential@10": 0.3120167256557722,
    "precision@1": 0.158,
    "precision@5": 0.0746,
    "precision@10": 0.0503,
    "recall@1": 0.158,
    "recall@5": 0.373,
    "recall@10": 0.503,
    "f1@1": 0.158,
    "f1@5": 0.12433333333333337,
    "f1@10": 0.09145454545454548,
    "map@1": 0.158,
    "map@5": 0.23646666666666666,
    "map@10": 0.25337777777777776,
    "mrr@1": 0.158,
    "mrr@5": 0.23646666666666666,
    "mrr@10": 0.25337777777777776,
    "num_pred": 1000,
    "num_data": 1000
}