{
    "hit@1": 0.165,
    "hit@5": 0.372,
    "hit@10": 0.509,
    "ndcg_linear@1": 0.165,
    "ndcg_linear@5": 0.2716737480967366,
    "ndcg_linear@10": 0.3162673417599021,
    "ndcg_exponential@1": 0.165,
    "ndcg_exponential@5": 0.2716737480967366,
    "ndcg_exponential@10": 0.3162673417599021,
    "precision@1": 0.165,
    "precision@5": 0.0744,
    "precision@10": 0.0509,
    "recall@1": 0.165,
    "recall@5": 0.372,
    "recall@10": 0.509,
    "f1@1": 0.165,
    "f1@5": 0.12400000000000003,
    "f1@10": 0.09254545454545456,
    "map@1": 0.165,
    "map@5": 0.23861666666666667,
    "map@10": 0.257190873015873,
    "mrr@1": 0.165,
    "mrr@5": 0.23861666666666667,
    "mrr@10": 0.257190873015873,
    "num_pred": 1000,
    "num_data": 1000
}