{
    "hit@1": 0.033,
    "hit@5": 0.109,
    "hit@10": 0.187,
    "ndcg_linear@1": 0.033,
    "ndcg_linear@5": 0.07244316866232652,
    "ndcg_linear@10": 0.09762874593605092,
    "ndcg_exponential@1": 0.033,
    "ndcg_exponential@5": 0.07244316866232652,
    "ndcg_exponential@10": 0.09762874593605092,
    "precision@1": 0.033,
    "precision@5": 0.021800000000000003,
    "precision@10": 0.018699999999999998,
    "recall@1": 0.033,
    "recall@5": 0.109,
    "recall@10": 0.187,
    "f1@1": 0.033,
    "f1@5": 0.036333333333333336,
    "f1@10": 0.034,
    "map@1": 0.033,
    "map@5": 0.06036666666666666,
    "map@10": 0.07073809523809524,
    "mrr@1": 0.033,
    "mrr@5": 0.06036666666666666,
    "mrr@10": 0.07073809523809524,
    "num_pred": 1000,
    "num_data": 1000
}