{
    "hit@1": 0.625,
    "hit@5": 0.846,
    "hit@10": 0.915,
    "ndcg_linear@1": 0.625,
    "ndcg_linear@5": 0.7467114108729181,
    "ndcg_linear@10": 0.7693769819516936,
    "ndcg_exponential@1": 0.625,
    "ndcg_exponential@5": 0.7467114108729181,
    "ndcg_exponential@10": 0.7693769819516936,
    "precision@1": 0.625,
    "precision@5": 0.16920000000000002,
    "precision@10": 0.09150000000000001,
    "recall@1": 0.625,
    "recall@5": 0.846,
    "recall@10": 0.915,
    "f1@1": 0.625,
    "f1@5": 0.282,
    "f1@10": 0.16636363636363635,
    "map@1": 0.625,
    "map@5": 0.7133333333333333,
    "map@10": 0.7228853174603176,
    "mrr@1": 0.625,
    "mrr@5": 0.7133333333333333,
    "mrr@10": 0.7228853174603176,
    "num_pred": 1000,
    "num_data": 1000
}