{
    "hit@1": 0.589,
    "hit@5": 0.879,
    "hit@10": 0.943,
    "ndcg_linear@1": 0.589,
    "ndcg_linear@5": 0.7473056147005073,
    "ndcg_linear@10": 0.7681136568771962,
    "ndcg_exponential@1": 0.589,
    "ndcg_exponential@5": 0.7473056147005073,
    "ndcg_exponential@10": 0.7681136568771962,
    "precision@1": 0.589,
    "precision@5": 0.1758,
    "precision@10": 0.09430000000000001,
    "recall@1": 0.589,
    "recall@5": 0.879,
    "recall@10": 0.943,
    "f1@1": 0.589,
    "f1@5": 0.29300000000000004,
    "f1@10": 0.17145454545454544,
    "map@1": 0.589,
    "map@5": 0.7031000000000001,
    "map@10": 0.7117583333333332,
    "mrr@1": 0.589,
    "mrr@5": 0.7031000000000001,
    "mrr@10": 0.7117583333333332,
    "num_pred": 1000,
    "num_data": 1000
}