{
    "hit@1": 0.529,
    "hit@5": 0.836,
    "hit@10": 0.918,
    "ndcg_linear@1": 0.529,
    "ndcg_linear@5": 0.6927736095822229,
    "ndcg_linear@10": 0.7196476722715802,
    "ndcg_exponential@1": 0.529,
    "ndcg_exponential@5": 0.6927736095822229,
    "ndcg_exponential@10": 0.7196476722715802,
    "precision@1": 0.529,
    "precision@5": 0.1672,
    "precision@10": 0.0918,
    "recall@1": 0.529,
    "recall@5": 0.836,
    "recall@10": 0.918,
    "f1@1": 0.529,
    "f1@5": 0.27866666666666673,
    "f1@10": 0.16690909090909087,
    "map@1": 0.529,
    "map@5": 0.6450666666666666,
    "map@10": 0.6563626984126983,
    "mrr@1": 0.529,
    "mrr@5": 0.6450666666666666,
    "mrr@10": 0.6563626984126983,
    "num_pred": 1000,
    "num_data": 1000
}