{
    "hit@1": 0.206,
    "hit@5": 0.468,
    "hit@10": 0.68,
    "ndcg_linear@1": 0.206,
    "ndcg_linear@5": 0.33525904392248174,
    "ndcg_linear@10": 0.40462605439172755,
    "ndcg_exponential@1": 0.206,
    "ndcg_exponential@5": 0.33525904392248174,
    "ndcg_exponential@10": 0.40462605439172755,
    "precision@1": 0.206,
    "precision@5": 0.09359999999999999,
    "precision@10": 0.06799999999999999,
    "recall@1": 0.206,
    "recall@5": 0.468,
    "recall@10": 0.68,
    "f1@1": 0.206,
    "f1@5": 0.15600000000000006,
    "f1@10": 0.12363636363636366,
    "map@1": 0.206,
    "map@5": 0.2921,
    "map@10": 0.32121587301587307,
    "mrr@1": 0.206,
    "mrr@5": 0.2921,
    "mrr@10": 0.32121587301587307,
    "num_pred": 1000,
    "num_data": 1000
}