{
    "hit@1": 0.16,
    "hit@5": 0.359,
    "hit@10": 0.451,
    "ndcg_linear@1": 0.16,
    "ndcg_linear@5": 0.262431477951697,
    "ndcg_linear@10": 0.29233415841744964,
    "ndcg_exponential@1": 0.16,
    "ndcg_exponential@5": 0.262431477951697,
    "ndcg_exponential@10": 0.29233415841744964,
    "precision@1": 0.16,
    "precision@5": 0.0718,
    "precision@10": 0.045099999999999994,
    "recall@1": 0.16,
    "recall@5": 0.359,
    "recall@10": 0.451,
    "f1@1": 0.16,
    "f1@5": 0.11966666666666669,
    "f1@10": 0.082,
    "map@1": 0.16,
    "map@5": 0.2307,
    "map@10": 0.24312817460317462,
    "mrr@1": 0.16,
    "mrr@5": 0.2307,
    "mrr@10": 0.24312817460317462,
    "num_pred": 1000,
    "num_data": 1000
}