{
    "hit@1": 0.502,
    "hit@5": 0.731,
    "hit@10": 0.797,
    "ndcg_linear@1": 0.502,
    "ndcg_linear@5": 0.6273143357800548,
    "ndcg_linear@10": 0.6488411320769064,
    "ndcg_exponential@1": 0.502,
    "ndcg_exponential@5": 0.6273143357800548,
    "ndcg_exponential@10": 0.6488411320769064,
    "precision@1": 0.502,
    "precision@5": 0.1462,
    "precision@10": 0.07970000000000001,
    "recall@1": 0.502,
    "recall@5": 0.731,
    "recall@10": 0.797,
    "f1@1": 0.502,
    "f1@5": 0.24366666666666675,
    "f1@10": 0.14490909090909093,
    "map@1": 0.502,
    "map@5": 0.5925,
    "map@10": 0.6014876984126983,
    "mrr@1": 0.502,
    "mrr@5": 0.5925,
    "mrr@10": 0.6014876984126983,
    "num_pred": 1000,
    "num_data": 1000
}