{
    "hit@1": 0.533,
    "hit@5": 0.773,
    "hit@10": 0.836,
    "ndcg_linear@1": 0.533,
    "ndcg_linear@5": 0.6615589267505652,
    "ndcg_linear@10": 0.6822684491464697,
    "ndcg_exponential@1": 0.533,
    "ndcg_exponential@5": 0.6615589267505652,
    "ndcg_exponential@10": 0.6822684491464697,
    "precision@1": 0.533,
    "precision@5": 0.15460000000000002,
    "precision@10": 0.08360000000000001,
    "recall@1": 0.533,
    "recall@5": 0.773,
    "recall@10": 0.836,
    "f1@1": 0.533,
    "f1@5": 0.25766666666666677,
    "f1@10": 0.152,
    "map@1": 0.533,
    "map@5": 0.6244,
    "map@10": 0.6331424603174602,
    "mrr@1": 0.533,
    "mrr@5": 0.6244,
    "mrr@10": 0.6331424603174602,
    "num_pred": 1000,
    "num_data": 1000
}