{
    "hit@1": 0.201,
    "hit@5": 0.446,
    "hit@10": 0.767,
    "ndcg_linear@1": 0.201,
    "ndcg_linear@5": 0.3212876357521353,
    "ndcg_linear@10": 0.4231100100175494,
    "ndcg_exponential@1": 0.201,
    "ndcg_exponential@5": 0.3212876357521353,
    "ndcg_exponential@10": 0.4231100100175494,
    "precision@1": 0.201,
    "precision@5": 0.0892,
    "precision@10": 0.0767,
    "recall@1": 0.201,
    "recall@5": 0.446,
    "recall@10": 0.767,
    "f1@1": 0.201,
    "f1@5": 0.1486666666666667,
    "f1@10": 0.13945454545454547,
    "map@1": 0.201,
    "map@5": 0.28076666666666666,
    "map@10": 0.32165277777777784,
    "mrr@1": 0.201,
    "mrr@5": 0.28076666666666666,
    "mrr@10": 0.32165277777777784,
    "num_pred": 1000,
    "num_data": 1000
}