{
    "hit@1": 0.45,
    "hit@5": 0.729,
    "hit@10": 0.812,
    "ndcg_linear@1": 0.45,
    "ndcg_linear@5": 0.6007895860168696,
    "ndcg_linear@10": 0.627497283835487,
    "ndcg_exponential@1": 0.45,
    "ndcg_exponential@5": 0.6007895860168696,
    "ndcg_exponential@10": 0.627497283835487,
    "precision@1": 0.45,
    "precision@5": 0.14579999999999999,
    "precision@10": 0.08120000000000001,
    "recall@1": 0.45,
    "recall@5": 0.729,
    "recall@10": 0.812,
    "f1@1": 0.45,
    "f1@5": 0.24300000000000005,
    "f1@10": 0.14763636363636365,
    "map@1": 0.45,
    "map@5": 0.5579,
    "map@10": 0.5688440476190476,
    "mrr@1": 0.45,
    "mrr@5": 0.5579,
    "mrr@10": 0.5688440476190476,
    "num_pred": 1000,
    "num_data": 1000
}