{
    "hit@1": 0.005,
    "hit@5": 0.026,
    "hit@10": 0.042,
    "ndcg_linear@1": 0.005,
    "ndcg_linear@5": 0.014510064755386213,
    "ndcg_linear@10": 0.01963713771899935,
    "ndcg_exponential@1": 0.005,
    "ndcg_exponential@5": 0.014510064755386213,
    "ndcg_exponential@10": 0.01963713771899935,
    "precision@1": 0.005,
    "precision@5": 0.005199999999999999,
    "precision@10": 0.004200000000000001,
    "recall@1": 0.005,
    "recall@5": 0.026,
    "recall@10": 0.042,
    "f1@1": 0.005,
    "f1@5": 0.008666666666666668,
    "f1@10": 0.0076363636363636364,
    "map@1": 0.005,
    "map@5": 0.01085,
    "map@10": 0.01293968253968254,
    "mrr@1": 0.005,
    "mrr@5": 0.01085,
    "mrr@10": 0.01293968253968254,
    "num_pred": 1000,
    "num_data": 1000
}