{
    "hit@1": 0.003,
    "hit@5": 0.01,
    "hit@10": 0.024,
    "ndcg_linear@1": 0.003,
    "ndcg_linear@5": 0.006396918237758785,
    "ndcg_linear@10": 0.010908486840163932,
    "ndcg_exponential@1": 0.003,
    "ndcg_exponential@5": 0.006396918237758785,
    "ndcg_exponential@10": 0.010908486840163932,
    "precision@1": 0.003,
    "precision@5": 0.002,
    "precision@10": 0.0024000000000000002,
    "recall@1": 0.003,
    "recall@5": 0.01,
    "recall@10": 0.024,
    "f1@1": 0.003,
    "f1@5": 0.0033333333333333335,
    "f1@10": 0.004363636363636363,
    "map@1": 0.003,
    "map@5": 0.005233333333333333,
    "map@10": 0.007084920634920634,
    "mrr@1": 0.003,
    "mrr@5": 0.005233333333333333,
    "mrr@10": 0.007084920634920634,
    "num_pred": 1000,
    "num_data": 1000
}