{
    "hit@1": 0.007,
    "hit@5": 0.023,
    "hit@10": 0.041,
    "ndcg_linear@1": 0.007,
    "ndcg_linear@5": 0.01566471419838153,
    "ndcg_linear@10": 0.021408282034444375,
    "ndcg_exponential@1": 0.007,
    "ndcg_exponential@5": 0.01566471419838153,
    "ndcg_exponential@10": 0.021408282034444375,
    "precision@1": 0.007,
    "precision@5": 0.004600000000000001,
    "precision@10": 0.0040999999999999995,
    "recall@1": 0.007,
    "recall@5": 0.023,
    "recall@10": 0.041,
    "f1@1": 0.007,
    "f1@5": 0.007666666666666668,
    "f1@10": 0.007454545454545455,
    "map@1": 0.007,
    "map@5": 0.013199999999999998,
    "map@10": 0.015525793650793653,
    "mrr@1": 0.007,
    "mrr@5": 0.013199999999999998,
    "mrr@10": 0.015525793650793653,
    "num_pred": 1000,
    "num_data": 1000
}