{
    "hit@1": 0.002,
    "hit@5": 0.011,
    "hit@10": 0.02,
    "ndcg_linear@1": 0.002,
    "ndcg_linear@5": 0.006240488793099572,
    "ndcg_linear@10": 0.009106785382078809,
    "ndcg_exponential@1": 0.002,
    "ndcg_exponential@5": 0.006240488793099572,
    "ndcg_exponential@10": 0.009106785382078809,
    "precision@1": 0.002,
    "precision@5": 0.0022,
    "precision@10": 0.002,
    "recall@1": 0.002,
    "recall@5": 0.011,
    "recall@10": 0.02,
    "f1@1": 0.002,
    "f1@5": 0.003666666666666667,
    "f1@10": 0.0036363636363636364,
    "map@1": 0.002,
    "map@5": 0.004699999999999999,
    "map@10": 0.005856349206349206,
    "mrr@1": 0.002,
    "mrr@5": 0.004699999999999999,
    "mrr@10": 0.005856349206349206,
    "num_pred": 1000,
    "num_data": 1000
}