{
    "hit@1": 0.052,
    "hit@5": 0.217,
    "hit@10": 0.465,
    "ndcg_linear@1": 0.052,
    "ndcg_linear@5": 0.13050073967936338,
    "ndcg_linear@10": 0.2108636801126922,
    "ndcg_exponential@1": 0.052,
    "ndcg_exponential@5": 0.13050073967936338,
    "ndcg_exponential@10": 0.2108636801126922,
    "precision@1": 0.052,
    "precision@5": 0.04340000000000001,
    "precision@10": 0.0465,
    "recall@1": 0.052,
    "recall@5": 0.217,
    "recall@10": 0.465,
    "f1@1": 0.052,
    "f1@5": 0.07233333333333335,
    "f1@10": 0.08454545454545456,
    "map@1": 0.052,
    "map@5": 0.10266666666666666,
    "map@10": 0.13591349206349207,
    "mrr@1": 0.052,
    "mrr@5": 0.10266666666666666,
    "mrr@10": 0.13591349206349207,
    "num_pred": 1000,
    "num_data": 1000
}