{
    "hit@1": 0.001,
    "hit@5": 0.025,
    "hit@10": 0.043,
    "ndcg_linear@1": 0.001,
    "ndcg_linear@5": 0.01293483165961327,
    "ndcg_linear@10": 0.018800719047910287,
    "ndcg_exponential@1": 0.001,
    "ndcg_exponential@5": 0.01293483165961327,
    "ndcg_exponential@10": 0.018800719047910287,
    "precision@1": 0.001,
    "precision@5": 0.005,
    "precision@10": 0.004300000000000001,
    "recall@1": 0.001,
    "recall@5": 0.025,
    "recall@10": 0.043,
    "f1@1": 0.001,
    "f1@5": 0.008333333333333333,
    "f1@10": 0.007818181818181818,
    "map@1": 0.001,
    "map@5": 0.009,
    "map@10": 0.011448015873015872,
    "mrr@1": 0.001,
    "mrr@5": 0.009,
    "mrr@10": 0.011448015873015872,
    "num_pred": 1000,
    "num_data": 1000
}