{
    "hit@1": 0.005,
    "hit@5": 0.019,
    "hit@10": 0.034,
    "ndcg_linear@1": 0.005,
    "ndcg_linear@5": 0.011567542089986652,
    "ndcg_linear@10": 0.016328912408921325,
    "ndcg_exponential@1": 0.005,
    "ndcg_exponential@5": 0.011567542089986652,
    "ndcg_exponential@10": 0.016328912408921325,
    "precision@1": 0.005,
    "precision@5": 0.0038000000000000004,
    "precision@10": 0.0034000000000000002,
    "recall@1": 0.005,
    "recall@5": 0.019,
    "recall@10": 0.034,
    "f1@1": 0.005,
    "f1@5": 0.006333333333333334,
    "f1@10": 0.0061818181818181816,
    "map@1": 0.005,
    "map@5": 0.009200000000000002,
    "map@10": 0.01111468253968254,
    "mrr@1": 0.005,
    "mrr@5": 0.009200000000000002,
    "mrr@10": 0.01111468253968254,
    "num_pred": 1000,
    "num_data": 1000
}