{
    "hit@1": 0.021,
    "hit@5": 0.124,
    "hit@10": 0.314,
    "ndcg_linear@1": 0.021,
    "ndcg_linear@5": 0.07353318991360414,
    "ndcg_linear@10": 0.13249355860299944,
    "ndcg_exponential@1": 0.021,
    "ndcg_exponential@5": 0.07353318991360414,
    "ndcg_exponential@10": 0.13249355860299944,
    "precision@1": 0.021,
    "precision@5": 0.024800000000000003,
    "precision@10": 0.0314,
    "recall@1": 0.021,
    "recall@5": 0.124,
    "recall@10": 0.314,
    "f1@1": 0.021,
    "f1@5": 0.04133333333333334,
    "f1@10": 0.0570909090909091,
    "map@1": 0.021,
    "map@5": 0.057,
    "map@10": 0.07992380952380952,
    "mrr@1": 0.021,
    "mrr@5": 0.057,
    "mrr@10": 0.07992380952380952,
    "num_pred": 1000,
    "num_data": 1000
}