{
    "hit@1": 0.003,
    "hit@5": 0.01,
    "hit@10": 0.022,
    "ndcg_linear@1": 0.003,
    "ndcg_linear@5": 0.005908764345084952,
    "ndcg_linear@10": 0.00962200986596189,
    "ndcg_exponential@1": 0.003,
    "ndcg_exponential@5": 0.005908764345084952,
    "ndcg_exponential@10": 0.00962200986596189,
    "precision@1": 0.003,
    "precision@5": 0.002,
    "precision@10": 0.0022,
    "recall@1": 0.003,
    "recall@5": 0.01,
    "recall@10": 0.022,
    "f1@1": 0.003,
    "f1@5": 0.0033333333333333335,
    "f1@10": 0.004,
    "map@1": 0.003,
    "map@5": 0.004633333333333333,
    "map@10": 0.006066269841269841,
    "mrr@1": 0.003,
    "mrr@5": 0.004633333333333333,
    "mrr@10": 0.006066269841269841,
    "num_pred": 1000,
    "num_data": 1000
}