{
    "hit@1": 0.006,
    "hit@5": 0.02,
    "hit@10": 0.038,
    "ndcg_linear@1": 0.006,
    "ndcg_linear@5": 0.012837660226356419,
    "ndcg_linear@10": 0.018564257495846087,
    "ndcg_exponential@1": 0.006,
    "ndcg_exponential@5": 0.012837660226356419,
    "ndcg_exponential@10": 0.018564257495846087,
    "precision@1": 0.006,
    "precision@5": 0.004,
    "precision@10": 0.0038000000000000004,
    "recall@1": 0.006,
    "recall@5": 0.02,
    "recall@10": 0.038,
    "f1@1": 0.006,
    "f1@5": 0.006666666666666668,
    "f1@10": 0.006909090909090909,
    "map@1": 0.006,
    "map@5": 0.010516666666666667,
    "map@10": 0.012825396825396827,
    "mrr@1": 0.006,
    "mrr@5": 0.010516666666666667,
    "mrr@10": 0.012825396825396827,
    "num_pred": 1000,
    "num_data": 1000
}