{
    "hit@1": 0.003,
    "hit@5": 0.016,
    "hit@10": 0.026,
    "ndcg_linear@1": 0.003,
    "ndcg_linear@5": 0.009684818934934551,
    "ndcg_linear@10": 0.012921664970876262,
    "ndcg_exponential@1": 0.003,
    "ndcg_exponential@5": 0.009684818934934551,
    "ndcg_exponential@10": 0.012921664970876262,
    "precision@1": 0.003,
    "precision@5": 0.0032,
    "precision@10": 0.0026,
    "recall@1": 0.003,
    "recall@5": 0.016,
    "recall@10": 0.026,
    "f1@1": 0.003,
    "f1@5": 0.005333333333333334,
    "f1@10": 0.0047272727272727275,
    "map@1": 0.003,
    "map@5": 0.007583333333333333,
    "map@10": 0.008923015873015873,
    "mrr@1": 0.003,
    "mrr@5": 0.007583333333333333,
    "mrr@10": 0.008923015873015873,
    "num_pred": 1000,
    "num_data": 1000
}