{
    "hit@1": 0.0,
    "hit@5": 0.005,
    "hit@10": 0.015,
    "ndcg_linear@1": 0.0,
    "ndcg_linear@5": 0.0022043821725424764,
    "ndcg_linear@10": 0.0052772684559532915,
    "ndcg_exponential@1": 0.0,
    "ndcg_exponential@5": 0.0022043821725424764,
    "ndcg_exponential@10": 0.0052772684559532915,
    "precision@1": 0.0,
    "precision@5": 0.001,
    "precision@10": 0.0015,
    "recall@1": 0.0,
    "recall@5": 0.005,
    "recall@10": 0.015,
    "f1@1": 0.0,
    "f1@5": 0.0016666666666666668,
    "f1@10": 0.002727272727272727,
    "map@1": 0.0,
    "map@5": 0.0013166666666666667,
    "map@10": 0.0024916666666666668,
    "mrr@1": 0.0,
    "mrr@5": 0.0013166666666666667,
    "mrr@10": 0.0024916666666666668,
    "num_pred": 1000,
    "num_data": 1000
}