{
    "hit@1": 0.048,
    "hit@5": 0.213,
    "hit@10": 0.458,
    "ndcg_linear@1": 0.048,
    "ndcg_linear@5": 0.12409435460645142,
    "ndcg_linear@10": 0.20242254366115833,
    "ndcg_exponential@1": 0.048,
    "ndcg_exponential@5": 0.12409435460645142,
    "ndcg_exponential@10": 0.20242254366115833,
    "precision@1": 0.048,
    "precision@5": 0.0426,
    "precision@10": 0.0458,
    "recall@1": 0.048,
    "recall@5": 0.213,
    "recall@10": 0.458,
    "f1@1": 0.048,
    "f1@5": 0.071,
    "f1@10": 0.08327272727272728,
    "map@1": 0.048,
    "map@5": 0.09571666666666667,
    "map@10": 0.12750833333333333,
    "mrr@1": 0.048,
    "mrr@5": 0.09571666666666667,
    "mrr@10": 0.12750833333333333,
    "num_pred": 1000,
    "num_data": 1000
}