{
    "hit@1": 0.002,
    "hit@5": 0.018,
    "hit@10": 0.031,
    "ndcg_linear@1": 0.002,
    "ndcg_linear@5": 0.009210859449829375,
    "ndcg_linear@10": 0.01347911093346601,
    "ndcg_exponential@1": 0.002,
    "ndcg_exponential@5": 0.009210859449829375,
    "ndcg_exponential@10": 0.01347911093346601,
    "precision@1": 0.002,
    "precision@5": 0.0036000000000000003,
    "precision@10": 0.0031,
    "recall@1": 0.002,
    "recall@5": 0.018,
    "recall@10": 0.031,
    "f1@1": 0.002,
    "f1@5": 0.006,
    "f1@10": 0.005636363636363636,
    "map@1": 0.002,
    "map@5": 0.006416666666666667,
    "map@10": 0.008215873015873015,
    "mrr@1": 0.002,
    "mrr@5": 0.006416666666666667,
    "mrr@10": 0.008215873015873015,
    "num_pred": 1000,
    "num_data": 1000
}