{
    "hit@1": 0.0,
    "hit@5": 0.001,
    "hit@10": 0.004,
    "ndcg_linear@1": 0.0,
    "ndcg_linear@5": 0.0003868528072345416,
    "ndcg_linear@10": 0.001365458153993785,
    "ndcg_exponential@1": 0.0,
    "ndcg_exponential@5": 0.0003868528072345416,
    "ndcg_exponential@10": 0.001365458153993785,
    "precision@1": 0.0,
    "precision@5": 0.0002,
    "precision@10": 0.0004,
    "recall@1": 0.0,
    "recall@5": 0.001,
    "recall@10": 0.004,
    "f1@1": 0.0,
    "f1@5": 0.0003333333333333334,
    "f1@10": 0.0007272727272727273,
    "map@1": 0.0,
    "map@5": 0.0002,
    "map@10": 0.0006095238095238095,
    "mrr@1": 0.0,
    "mrr@5": 0.0002,
    "mrr@10": 0.0006095238095238095,
    "num_pred": 1000,
    "num_data": 1000
}