{
    "hit@1": 0.001,
    "hit@5": 0.006,
    "hit@10": 0.018,
    "ndcg_linear@1": 0.001,
    "ndcg_linear@5": 0.003466241679685392,
    "ndcg_linear@10": 0.007270401305101577,
    "ndcg_exponential@1": 0.001,
    "ndcg_exponential@5": 0.003466241679685392,
    "ndcg_exponential@10": 0.007270401305101577,
    "precision@1": 0.001,
    "precision@5": 0.0012000000000000001,
    "precision@10": 0.0017999999999999997,
    "recall@1": 0.001,
    "recall@5": 0.006,
    "recall@10": 0.018,
    "f1@1": 0.001,
    "f1@5": 0.002,
    "f1@10": 0.0032727272727272735,
    "map@1": 0.001,
    "map@5": 0.00265,
    "map@10": 0.004174206349206349,
    "mrr@1": 0.001,
    "mrr@5": 0.00265,
    "mrr@10": 0.004174206349206349,
    "num_pred": 1000,
    "num_data": 1000
}