{
    "hit@1": 0.382,
    "hit@5": 0.629,
    "hit@10": 0.745,
    "ndcg_linear@1": 0.382,
    "ndcg_linear@5": 0.5099462152084869,
    "ndcg_linear@10": 0.5471656781704278,
    "ndcg_exponential@1": 0.382,
    "ndcg_exponential@5": 0.5099462152084869,
    "ndcg_exponential@10": 0.5471656781704278,
    "precision@1": 0.382,
    "precision@5": 0.1258,
    "precision@10": 0.07449999999999998,
    "recall@1": 0.382,
    "recall@5": 0.629,
    "recall@10": 0.745,
    "f1@1": 0.382,
    "f1@5": 0.20966666666666672,
    "f1@10": 0.13545454545454547,
    "map@1": 0.382,
    "map@5": 0.47048333333333336,
    "map@10": 0.48566666666666664,
    "mrr@1": 0.382,
    "mrr@5": 0.47048333333333336,
    "mrr@10": 0.48566666666666664,
    "num_pred": 1000,
    "num_data": 1000
}