{
    "hit@1": 0.008,
    "hit@5": 0.016,
    "hit@10": 0.032,
    "ndcg_linear@1": 0.008,
    "ndcg_linear@5": 0.01192241792884654,
    "ndcg_linear@10": 0.017185096219630804,
    "ndcg_exponential@1": 0.008,
    "ndcg_exponential@5": 0.01192241792884654,
    "ndcg_exponential@10": 0.017185096219630804,
    "precision@1": 0.008,
    "precision@5": 0.0032,
    "precision@10": 0.0032,
    "recall@1": 0.008,
    "recall@5": 0.016,
    "recall@10": 0.032,
    "f1@1": 0.008,
    "f1@5": 0.005333333333333334,
    "f1@10": 0.005818181818181819,
    "map@1": 0.008,
    "map@5": 0.0106,
    "map@10": 0.01283015873015873,
    "mrr@1": 0.008,
    "mrr@5": 0.0106,
    "mrr@10": 0.01283015873015873,
    "num_pred": 1000,
    "num_data": 1000
}