{
    "hit@1": 0.002,
    "hit@5": 0.009,
    "hit@10": 0.014,
    "ndcg_linear@1": 0.002,
    "ndcg_linear@5": 0.0050219115378504105,
    "ndcg_linear@10": 0.00661200635983228,
    "ndcg_exponential@1": 0.002,
    "ndcg_exponential@5": 0.0050219115378504105,
    "ndcg_exponential@10": 0.00661200635983228,
    "precision@1": 0.002,
    "precision@5": 0.0018000000000000002,
    "precision@10": 0.0014000000000000002,
    "recall@1": 0.002,
    "recall@5": 0.009,
    "recall@10": 0.014,
    "f1@1": 0.002,
    "f1@5": 0.003,
    "f1@10": 0.0025454545454545456,
    "map@1": 0.002,
    "map@5": 0.0037666666666666664,
    "map@10": 0.004406349206349206,
    "mrr@1": 0.002,
    "mrr@5": 0.0037666666666666664,
    "mrr@10": 0.004406349206349206,
    "num_pred": 1000,
    "num_data": 1000
}