{
    "hit@1": 0.001,
    "hit@5": 0.006,
    "hit@10": 0.008,
    "ndcg_linear@1": 0.001,
    "ndcg_linear@5": 0.003178882481454721,
    "ndcg_linear@10": 0.0038132458104520356,
    "ndcg_exponential@1": 0.001,
    "ndcg_exponential@5": 0.003178882481454721,
    "ndcg_exponential@10": 0.0038132458104520356,
    "precision@1": 0.001,
    "precision@5": 0.0012000000000000001,
    "precision@10": 0.0008,
    "recall@1": 0.001,
    "recall@5": 0.006,
    "recall@10": 0.008,
    "f1@1": 0.001,
    "f1@5": 0.002,
    "f1@10": 0.0014545454545454547,
    "map@1": 0.001,
    "map@5": 0.0022833333333333334,
    "map@10": 0.002537301587301587,
    "mrr@1": 0.001,
    "mrr@5": 0.0022833333333333334,
    "mrr@10": 0.002537301587301587,
    "num_pred": 1000,
    "num_data": 1000
}