{
    "hit@1": 0.0,
    "hit@5": 0.005,
    "hit@10": 0.007,
    "ndcg_linear@1": 0.0,
    "ndcg_linear@5": 0.003154648767857288,
    "ndcg_linear@10": 0.0037591784709609046,
    "ndcg_exponential@1": 0.0,
    "ndcg_exponential@5": 0.003154648767857288,
    "ndcg_exponential@10": 0.0037591784709609046,
    "precision@1": 0.0,
    "precision@5": 0.001,
    "precision@10": 0.0007,
    "recall@1": 0.0,
    "recall@5": 0.005,
    "recall@10": 0.007,
    "f1@1": 0.0,
    "f1@5": 0.001666666666666667,
    "f1@10": 0.001272727272727273,
    "map@1": 0.0,
    "map@5": 0.0025,
    "map@10": 0.002725,
    "mrr@1": 0.0,
    "mrr@5": 0.0025,
    "mrr@10": 0.002725,
    "num_pred": 1000,
    "num_data": 1000
}