{
    "hit@1": 0.001,
    "hit@5": 0.006,
    "hit@10": 0.014,
    "ndcg_linear@1": 0.001,
    "ndcg_linear@5": 0.0032482059233813277,
    "ndcg_linear@10": 0.005736900672011785,
    "ndcg_exponential@1": 0.001,
    "ndcg_exponential@5": 0.0032482059233813277,
    "ndcg_exponential@10": 0.005736900672011785,
    "precision@1": 0.001,
    "precision@5": 0.0012,
    "precision@10": 0.0014,
    "recall@1": 0.001,
    "recall@5": 0.006,
    "recall@10": 0.014,
    "f1@1": 0.001,
    "f1@5": 0.002,
    "f1@10": 0.002545454545454546,
    "map@1": 0.001,
    "map@5": 0.0023666666666666667,
    "map@10": 0.003337301587301588,
    "mrr@1": 0.001,
    "mrr@5": 0.0023666666666666667,
    "mrr@10": 0.003337301587301588,
    "num_pred": 1000,
    "num_data": 1000
}