{
    "hit@1": 0.003,
    "hit@5": 0.013,
    "hit@10": 0.02,
    "ndcg_linear@1": 0.003,
    "ndcg_linear@5": 0.007645124161140112,
    "ndcg_linear@10": 0.009877123394797809,
    "ndcg_exponential@1": 0.003,
    "ndcg_exponential@5": 0.007645124161140112,
    "ndcg_exponential@10": 0.009877123394797809,
    "precision@1": 0.003,
    "precision@5": 0.0026,
    "precision@10": 0.002,
    "recall@1": 0.003,
    "recall@5": 0.013,
    "recall@10": 0.02,
    "f1@1": 0.003,
    "f1@5": 0.004333333333333334,
    "f1@10": 0.003636363636363637,
    "map@1": 0.003,
    "map@5": 0.005933333333333334,
    "map@10": 0.0068361111111111105,
    "mrr@1": 0.003,
    "mrr@5": 0.005933333333333334,
    "mrr@10": 0.0068361111111111105,
    "num_pred": 1000,
    "num_data": 1000
}