{
    "hit@1": 0.002,
    "hit@5": 0.019,
    "hit@10": 0.043,
    "ndcg_linear@1": 0.002,
    "ndcg_linear@5": 0.010363159917444175,
    "ndcg_linear@10": 0.01804124983578541,
    "ndcg_exponential@1": 0.002,
    "ndcg_exponential@5": 0.010363159917444175,
    "ndcg_exponential@10": 0.01804124983578541,
    "precision@1": 0.002,
    "precision@5": 0.0038000000000000004,
    "precision@10": 0.0043,
    "recall@1": 0.002,
    "recall@5": 0.019,
    "recall@10": 0.043,
    "f1@1": 0.002,
    "f1@5": 0.006333333333333334,
    "f1@10": 0.007818181818181818,
    "map@1": 0.002,
    "map@5": 0.007549999999999999,
    "map@10": 0.010665476190476189,
    "mrr@1": 0.002,
    "mrr@5": 0.007549999999999999,
    "mrr@10": 0.010665476190476189,
    "num_pred": 1000,
    "num_data": 1000
}