{
    "hit@1": 0.005,
    "hit@5": 0.013,
    "hit@10": 0.022,
    "ndcg_linear@1": 0.005,
    "ndcg_linear@5": 0.008784312543938423,
    "ndcg_linear@10": 0.011685448156038442,
    "ndcg_exponential@1": 0.005,
    "ndcg_exponential@5": 0.008784312543938423,
    "ndcg_exponential@10": 0.011685448156038442,
    "precision@1": 0.005,
    "precision@5": 0.0026,
    "precision@10": 0.0022,
    "recall@1": 0.005,
    "recall@5": 0.013,
    "recall@10": 0.022,
    "f1@1": 0.005,
    "f1@5": 0.004333333333333334,
    "f1@10": 0.004,
    "map@1": 0.005,
    "map@5": 0.007416666666666666,
    "map@10": 0.008607936507936507,
    "mrr@1": 0.005,
    "mrr@5": 0.007416666666666666,
    "mrr@10": 0.008607936507936507,
    "num_pred": 1000,
    "num_data": 1000
}