{
    "hit@1": 0.001,
    "hit@5": 0.004,
    "hit@10": 0.005,
    "ndcg_linear@1": 0.001,
    "ndcg_linear@5": 0.0023868528072345414,
    "ndcg_linear@10": 0.002687882802898523,
    "ndcg_exponential@1": 0.001,
    "ndcg_exponential@5": 0.0023868528072345414,
    "ndcg_exponential@10": 0.002687882802898523,
    "precision@1": 0.001,
    "precision@5": 0.0008,
    "precision@10": 0.0005,
    "recall@1": 0.001,
    "recall@5": 0.004,
    "recall@10": 0.005,
    "f1@1": 0.001,
    "f1@5": 0.0013333333333333335,
    "f1@10": 0.0009090909090909091,
    "map@1": 0.001,
    "map@5": 0.0018666666666666666,
    "map@10": 0.0019777777777777775,
    "mrr@1": 0.001,
    "mrr@5": 0.0018666666666666666,
    "mrr@10": 0.0019777777777777775,
    "num_pred": 1000,
    "num_data": 1000
}