{
    "hit@1": 0.053,
    "hit@5": 0.209,
    "hit@10": 0.428,
    "ndcg_linear@1": 0.053,
    "ndcg_linear@5": 0.12725447128788864,
    "ndcg_linear@10": 0.1969265450079456,
    "ndcg_exponential@1": 0.053,
    "ndcg_exponential@5": 0.12725447128788864,
    "ndcg_exponential@10": 0.1969265450079456,
    "precision@1": 0.053,
    "precision@5": 0.041800000000000004,
    "precision@10": 0.0428,
    "recall@1": 0.053,
    "recall@5": 0.209,
    "recall@10": 0.428,
    "f1@1": 0.053,
    "f1@5": 0.06966666666666668,
    "f1@10": 0.07781818181818184,
    "map@1": 0.053,
    "map@5": 0.10093333333333333,
    "map@10": 0.12901904761904762,
    "mrr@1": 0.053,
    "mrr@5": 0.10093333333333333,
    "mrr@10": 0.12901904761904762,
    "num_pred": 1000,
    "num_data": 1000
}