{
    "hit@1": 0.001,
    "hit@5": 0.01,
    "hit@10": 0.025,
    "ndcg_linear@1": 0.001,
    "ndcg_linear@5": 0.005972178133165223,
    "ndcg_linear@10": 0.01078731241668578,
    "ndcg_exponential@1": 0.001,
    "ndcg_exponential@5": 0.005972178133165223,
    "ndcg_exponential@10": 0.01078731241668578,
    "precision@1": 0.001,
    "precision@5": 0.002,
    "precision@10": 0.0025,
    "recall@1": 0.001,
    "recall@5": 0.01,
    "recall@10": 0.025,
    "f1@1": 0.001,
    "f1@5": 0.0033333333333333335,
    "f1@10": 0.004545454545454545,
    "map@1": 0.001,
    "map@5": 0.0046166666666666665,
    "map@10": 0.006582539682539682,
    "mrr@1": 0.001,
    "mrr@5": 0.0046166666666666665,
    "mrr@10": 0.006582539682539682,
    "num_pred": 1000,
    "num_data": 1000
}