{
    "hit@1": 0.001,
    "hit@5": 0.011,
    "hit@10": 0.021,
    "ndcg_linear@1": 0.001,
    "ndcg_linear@5": 0.00575827135390557,
    "ndcg_linear@10": 0.008967819449405013,
    "ndcg_exponential@1": 0.001,
    "ndcg_exponential@5": 0.00575827135390557,
    "ndcg_exponential@10": 0.008967819449405013,
    "precision@1": 0.001,
    "precision@5": 0.0022,
    "precision@10": 0.0021000000000000007,
    "recall@1": 0.001,
    "recall@5": 0.011,
    "recall@10": 0.021,
    "f1@1": 0.001,
    "f1@5": 0.003666666666666667,
    "f1@10": 0.003818181818181818,
    "map@1": 0.001,
    "map@5": 0.004066666666666666,
    "map@10": 0.005380555555555554,
    "mrr@1": 0.001,
    "mrr@5": 0.004066666666666666,
    "mrr@10": 0.005380555555555554,
    "num_pred": 1000,
    "num_data": 1000
}