{
    "hit@1": 0.002,
    "hit@5": 0.008,
    "hit@10": 0.023,
    "ndcg_linear@1": 0.002,
    "ndcg_linear@5": 0.005148712314377457,
    "ndcg_linear@10": 0.010242268240569648,
    "ndcg_exponential@1": 0.002,
    "ndcg_exponential@5": 0.005148712314377457,
    "ndcg_exponential@10": 0.010242268240569648,
    "precision@1": 0.002,
    "precision@5": 0.0016,
    "precision@10": 0.0023000000000000004,
    "recall@1": 0.002,
    "recall@5": 0.008,
    "recall@10": 0.023,
    "f1@1": 0.002,
    "f1@5": 0.002666666666666667,
    "f1@10": 0.0041818181818181815,
    "map@1": 0.002,
    "map@5": 0.004200000000000001,
    "map@10": 0.006446825396825396,
    "mrr@1": 0.002,
    "mrr@5": 0.004200000000000001,
    "mrr@10": 0.006446825396825396,
    "num_pred": 1000,
    "num_data": 1000
}