{
    "hit@1": 0.021,
    "hit@5": 0.128,
    "hit@10": 0.333,
    "ndcg_linear@1": 0.021,
    "ndcg_linear@5": 0.07501845333195235,
    "ndcg_linear@10": 0.13989176918684312,
    "ndcg_exponential@1": 0.021,
    "ndcg_exponential@5": 0.07501845333195235,
    "ndcg_exponential@10": 0.13989176918684312,
    "precision@1": 0.021,
    "precision@5": 0.0256,
    "precision@10": 0.033299999999999996,
    "recall@1": 0.021,
    "recall@5": 0.128,
    "recall@10": 0.333,
    "f1@1": 0.021,
    "f1@5": 0.04266666666666667,
    "f1@10": 0.06054545454545455,
    "map@1": 0.021,
    "map@5": 0.05773333333333333,
    "map@10": 0.08367142857142856,
    "mrr@1": 0.021,
    "mrr@5": 0.05773333333333333,
    "mrr@10": 0.08367142857142856,
    "num_pred": 1000,
    "num_data": 1000
}