{
    "hit@1": 0.366,
    "hit@5": 0.581,
    "hit@10": 0.675,
    "ndcg_linear@1": 0.366,
    "ndcg_linear@5": 0.4788438579247909,
    "ndcg_linear@10": 0.5091158060143318,
    "ndcg_exponential@1": 0.366,
    "ndcg_exponential@5": 0.4788438579247909,
    "ndcg_exponential@10": 0.5091158060143318,
    "precision@1": 0.366,
    "precision@5": 0.11619999999999998,
    "precision@10": 0.0675,
    "recall@1": 0.366,
    "recall@5": 0.581,
    "recall@10": 0.675,
    "f1@1": 0.366,
    "f1@5": 0.1936666666666667,
    "f1@10": 0.12272727272727275,
    "map@1": 0.366,
    "map@5": 0.44498333333333334,
    "map@10": 0.4574119047619048,
    "mrr@1": 0.366,
    "mrr@5": 0.44498333333333334,
    "mrr@10": 0.4574119047619048,
    "num_pred": 1000,
    "num_data": 1000
}