{
    "hit@1": 0.637,
    "hit@5": 0.907,
    "hit@10": 0.976,
    "ndcg_linear@1": 0.637,
    "ndcg_linear@5": 0.7839920313326436,
    "ndcg_linear@10": 0.8066202139597181,
    "ndcg_exponential@1": 0.637,
    "ndcg_exponential@5": 0.7839920313326436,
    "ndcg_exponential@10": 0.8066202139597181,
    "precision@1": 0.637,
    "precision@5": 0.18140000000000003,
    "precision@10": 0.09760000000000002,
    "recall@1": 0.637,
    "recall@5": 0.907,
    "recall@10": 0.976,
    "f1@1": 0.637,
    "f1@5": 0.3023333333333334,
    "f1@10": 0.17745454545454545,
    "map@1": 0.637,
    "map@5": 0.7427666666666667,
    "map@10": 0.752297619047619,
    "mrr@1": 0.637,
    "mrr@5": 0.7427666666666667,
    "mrr@10": 0.752297619047619,
    "num_pred": 1000,
    "num_data": 1000
}