{
    "hit@1": 0.705,
    "hit@5": 0.924,
    "hit@10": 0.973,
    "ndcg_linear@1": 0.705,
    "ndcg_linear@5": 0.8263748597689473,
    "ndcg_linear@10": 0.8423773557409537,
    "ndcg_exponential@1": 0.705,
    "ndcg_exponential@5": 0.8263748597689473,
    "ndcg_exponential@10": 0.8423773557409537,
    "precision@1": 0.705,
    "precision@5": 0.18480000000000002,
    "precision@10": 0.09730000000000001,
    "recall@1": 0.705,
    "recall@5": 0.924,
    "recall@10": 0.973,
    "f1@1": 0.705,
    "f1@5": 0.308,
    "f1@10": 0.17690909090909088,
    "map@1": 0.705,
    "map@5": 0.7934666666666667,
    "map@10": 0.8001646825396825,
    "mrr@1": 0.705,
    "mrr@5": 0.7934666666666667,
    "mrr@10": 0.8001646825396825,
    "num_pred": 1000,
    "num_data": 1000
}