{
    "hit@1": 0.415,
    "hit@5": 0.633,
    "hit@10": 0.715,
    "ndcg_linear@1": 0.415,
    "ndcg_linear@5": 0.5318379750705781,
    "ndcg_linear@10": 0.5577122581882272,
    "ndcg_exponential@1": 0.415,
    "ndcg_exponential@5": 0.5318379750705781,
    "ndcg_exponential@10": 0.5577122581882272,
    "precision@1": 0.415,
    "precision@5": 0.1266,
    "precision@10": 0.0715,
    "recall@1": 0.415,
    "recall@5": 0.633,
    "recall@10": 0.715,
    "f1@1": 0.415,
    "f1@5": 0.21100000000000005,
    "f1@10": 0.13,
    "map@1": 0.415,
    "map@5": 0.4980833333333334,
    "map@10": 0.5083940476190476,
    "mrr@1": 0.415,
    "mrr@5": 0.4980833333333334,
    "mrr@10": 0.5083940476190476,
    "num_pred": 1000,
    "num_data": 1000
}