{
    "hit@1": 0.367,
    "hit@5": 0.559,
    "hit@10": 0.643,
    "ndcg_linear@1": 0.367,
    "ndcg_linear@5": 0.467348502276285,
    "ndcg_linear@10": 0.4948870260412066,
    "ndcg_exponential@1": 0.367,
    "ndcg_exponential@5": 0.467348502276285,
    "ndcg_exponential@10": 0.4948870260412066,
    "precision@1": 0.367,
    "precision@5": 0.1118,
    "precision@10": 0.0643,
    "recall@1": 0.367,
    "recall@5": 0.559,
    "recall@10": 0.643,
    "f1@1": 0.367,
    "f1@5": 0.18633333333333338,
    "f1@10": 0.11690909090909093,
    "map@1": 0.367,
    "map@5": 0.43701666666666666,
    "map@10": 0.4486043650793651,
    "mrr@1": 0.367,
    "mrr@5": 0.43701666666666666,
    "mrr@10": 0.4486043650793651,
    "num_pred": 1000,
    "num_data": 1000
}