{
    "hit@1": 0.4,
    "hit@5": 0.647,
    "hit@10": 0.728,
    "ndcg_linear@1": 0.4,
    "ndcg_linear@5": 0.5300114880468555,
    "ndcg_linear@10": 0.5562090964636017,
    "ndcg_exponential@1": 0.4,
    "ndcg_exponential@5": 0.5300114880468555,
    "ndcg_exponential@10": 0.5562090964636017,
    "precision@1": 0.4,
    "precision@5": 0.1294,
    "precision@10": 0.0728,
    "recall@1": 0.4,
    "recall@5": 0.647,
    "recall@10": 0.728,
    "f1@1": 0.4,
    "f1@5": 0.2156666666666667,
    "f1@10": 0.13236363636363638,
    "map@1": 0.4,
    "map@5": 0.4912166666666667,
    "map@10": 0.5020281746031745,
    "mrr@1": 0.4,
    "mrr@5": 0.4912166666666667,
    "mrr@10": 0.5020281746031745,
    "num_pred": 1000,
    "num_data": 1000
}