{
    "hit@1": 0.002,
    "hit@5": 0.006,
    "hit@10": 0.013,
    "ndcg_linear@1": 0.002,
    "ndcg_linear@5": 0.0037482059233813272,
    "ndcg_linear@10": 0.006047281544153384,
    "ndcg_exponential@1": 0.002,
    "ndcg_exponential@5": 0.0037482059233813272,
    "ndcg_exponential@10": 0.006047281544153384,
    "precision@1": 0.002,
    "precision@5": 0.0012,
    "precision@10": 0.0013000000000000004,
    "recall@1": 0.002,
    "recall@5": 0.006,
    "recall@10": 0.013,
    "f1@1": 0.002,
    "f1@5": 0.002,
    "f1@10": 0.0023636363636363633,
    "map@1": 0.002,
    "map@5": 0.003033333333333333,
    "map@10": 0.004002380952380953,
    "mrr@1": 0.002,
    "mrr@5": 0.003033333333333333,
    "mrr@10": 0.004002380952380953,
    "num_pred": 1000,
    "num_data": 1000
}