{
    "hit@1": 0.0,
    "hit@5": 0.011,
    "hit@10": 0.015,
    "ndcg_linear@1": 0.0,
    "ndcg_linear@5": 0.004883264653997197,
    "ndcg_linear@10": 0.006308093402429286,
    "ndcg_exponential@1": 0.0,
    "ndcg_exponential@5": 0.004883264653997197,
    "ndcg_exponential@10": 0.006308093402429286,
    "precision@1": 0.0,
    "precision@5": 0.0022,
    "precision@10": 0.0015,
    "recall@1": 0.0,
    "recall@5": 0.011,
    "recall@10": 0.015,
    "f1@1": 0.0,
    "f1@5": 0.003666666666666667,
    "f1@10": 0.002727272727272727,
    "map@1": 0.0,
    "map@5": 0.0029333333333333334,
    "map@10": 0.0036,
    "mrr@1": 0.0,
    "mrr@5": 0.0029333333333333334,
    "mrr@10": 0.0036,
    "num_pred": 1000,
    "num_data": 1000
}