{
    "hit@1": 0.273,
    "hit@5": 0.525,
    "hit@10": 0.624,
    "ndcg_linear@1": 0.273,
    "ndcg_linear@5": 0.40804888744453643,
    "ndcg_linear@10": 0.440324336463288,
    "ndcg_exponential@1": 0.273,
    "ndcg_exponential@5": 0.40804888744453643,
    "ndcg_exponential@10": 0.440324336463288,
    "precision@1": 0.273,
    "precision@5": 0.105,
    "precision@10": 0.06239999999999999,
    "recall@1": 0.273,
    "recall@5": 0.525,
    "recall@10": 0.624,
    "f1@1": 0.273,
    "f1@5": 0.17500000000000004,
    "f1@10": 0.11345454545454546,
    "map@1": 0.273,
    "map@5": 0.36905,
    "map@10": 0.382525,
    "mrr@1": 0.273,
    "mrr@5": 0.36905,
    "mrr@10": 0.382525,
    "num_pred": 1000,
    "num_data": 1000
}