{
    "hit@1": 0.405,
    "hit@5": 0.687,
    "hit@10": 0.793,
    "ndcg_linear@1": 0.405,
    "ndcg_linear@5": 0.5538355476135793,
    "ndcg_linear@10": 0.5884716279061064,
    "ndcg_exponential@1": 0.405,
    "ndcg_exponential@5": 0.5538355476135793,
    "ndcg_exponential@10": 0.5884716279061064,
    "precision@1": 0.405,
    "precision@5": 0.13739999999999997,
    "precision@10": 0.0793,
    "recall@1": 0.405,
    "recall@5": 0.687,
    "recall@10": 0.793,
    "f1@1": 0.405,
    "f1@5": 0.22900000000000006,
    "f1@10": 0.1441818181818182,
    "map@1": 0.405,
    "map@5": 0.5096499999999999,
    "map@10": 0.5241507936507936,
    "mrr@1": 0.405,
    "mrr@5": 0.5096499999999999,
    "mrr@10": 0.5241507936507936,
    "num_pred": 1000,
    "num_data": 1000
}