{
    "hit@1": 0.58,
    "hit@5": 0.854,
    "hit@10": 0.91,
    "ndcg_linear@1": 0.58,
    "ndcg_linear@5": 0.7278262080118763,
    "ndcg_linear@10": 0.7464569543521028,
    "ndcg_exponential@1": 0.58,
    "ndcg_exponential@5": 0.7278262080118763,
    "ndcg_exponential@10": 0.7464569543521028,
    "precision@1": 0.58,
    "precision@5": 0.1708,
    "precision@10": 0.09100000000000001,
    "recall@1": 0.58,
    "recall@5": 0.854,
    "recall@10": 0.91,
    "f1@1": 0.58,
    "f1@5": 0.2846666666666667,
    "f1@10": 0.16545454545454544,
    "map@1": 0.58,
    "map@5": 0.6855833333333332,
    "map@10": 0.6935849206349206,
    "mrr@1": 0.58,
    "mrr@5": 0.6855833333333332,
    "mrr@10": 0.6935849206349206,
    "num_pred": 1000,
    "num_data": 1000
}