{
    "hit@1": 0.011,
    "hit@5": 0.039,
    "hit@10": 0.077,
    "ndcg_linear@1": 0.011,
    "ndcg_linear@5": 0.024788467645478297,
    "ndcg_linear@10": 0.037317694261217636,
    "ndcg_exponential@1": 0.011,
    "ndcg_exponential@5": 0.024788467645478297,
    "ndcg_exponential@10": 0.037317694261217636,
    "precision@1": 0.011,
    "precision@5": 0.0078000000000000005,
    "precision@10": 0.007699999999999999,
    "recall@1": 0.011,
    "recall@5": 0.039,
    "recall@10": 0.077,
    "f1@1": 0.011,
    "f1@5": 0.013,
    "f1@10": 0.014,
    "map@1": 0.011,
    "map@5": 0.020166666666666663,
    "map@10": 0.025477380952380956,
    "mrr@1": 0.011,
    "mrr@5": 0.020166666666666663,
    "mrr@10": 0.025477380952380956,
    "num_pred": 1000,
    "num_data": 1000
}