{
    "hit@1": 0.008,
    "hit@5": 0.026,
    "hit@10": 0.041,
    "ndcg_linear@1": 0.008,
    "ndcg_linear@5": 0.016680689282752112,
    "ndcg_linear@10": 0.02165897805009643,
    "ndcg_exponential@1": 0.008,
    "ndcg_exponential@5": 0.016680689282752112,
    "ndcg_exponential@10": 0.02165897805009643,
    "precision@1": 0.008,
    "precision@5": 0.0052,
    "precision@10": 0.0040999999999999995,
    "recall@1": 0.008,
    "recall@5": 0.026,
    "recall@10": 0.041,
    "f1@1": 0.008,
    "f1@5": 0.008666666666666668,
    "f1@10": 0.007454545454545454,
    "map@1": 0.008,
    "map@5": 0.013666666666666667,
    "map@10": 0.015793650793650794,
    "mrr@1": 0.008,
    "mrr@5": 0.013666666666666667,
    "mrr@10": 0.015793650793650794,
    "num_pred": 1000,
    "num_data": 1000
}