{
    "hit@1": 0.005,
    "hit@5": 0.01,
    "hit@10": 0.027,
    "ndcg_linear@1": 0.005,
    "ndcg_linear@5": 0.0070219115378504105,
    "ndcg_linear@10": 0.012320669199098565,
    "ndcg_exponential@1": 0.005,
    "ndcg_exponential@5": 0.0070219115378504105,
    "ndcg_exponential@10": 0.012320669199098565,
    "precision@1": 0.005,
    "precision@5": 0.002,
    "precision@10": 0.0027,
    "recall@1": 0.005,
    "recall@5": 0.01,
    "recall@10": 0.027,
    "f1@1": 0.005,
    "f1@5": 0.0033333333333333335,
    "f1@10": 0.004909090909090909,
    "map@1": 0.005,
    "map@5": 0.0061,
    "map@10": 0.008173015873015872,
    "mrr@1": 0.005,
    "mrr@5": 0.0061,
    "mrr@10": 0.008173015873015872,
    "num_pred": 1000,
    "num_data": 1000
}