{
    "hit@1": 0.033,
    "hit@5": 0.114,
    "hit@10": 0.167,
    "ndcg_linear@1": 0.033,
    "ndcg_linear@5": 0.07378493174123188,
    "ndcg_linear@10": 0.09087868427514616,
    "ndcg_exponential@1": 0.033,
    "ndcg_exponential@5": 0.07378493174123188,
    "ndcg_exponential@10": 0.09087868427514616,
    "precision@1": 0.033,
    "precision@5": 0.0228,
    "precision@10": 0.016700000000000003,
    "recall@1": 0.033,
    "recall@5": 0.114,
    "recall@10": 0.167,
    "f1@1": 0.033,
    "f1@5": 0.038,
    "f1@10": 0.030363636363636367,
    "map@1": 0.033,
    "map@5": 0.0606,
    "map@10": 0.067625,
    "mrr@1": 0.033,
    "mrr@5": 0.0606,
    "mrr@10": 0.067625,
    "num_pred": 1000,
    "num_data": 1000
}