{
    "hit@1": 0.14,
    "hit@5": 0.339,
    "hit@10": 0.449,
    "ndcg_linear@1": 0.14,
    "ndcg_linear@5": 0.2443177906102626,
    "ndcg_linear@10": 0.2801547288094259,
    "ndcg_exponential@1": 0.14,
    "ndcg_exponential@5": 0.2443177906102626,
    "ndcg_exponential@10": 0.2801547288094259,
    "precision@1": 0.14,
    "precision@5": 0.0678,
    "precision@10": 0.044899999999999995,
    "recall@1": 0.14,
    "recall@5": 0.339,
    "recall@10": 0.449,
    "f1@1": 0.14,
    "f1@5": 0.11300000000000003,
    "f1@10": 0.08163636363636365,
    "map@1": 0.14,
    "map@5": 0.21295000000000003,
    "map@10": 0.2279027777777778,
    "mrr@1": 0.14,
    "mrr@5": 0.21295000000000003,
    "mrr@10": 0.2279027777777778,
    "num_pred": 1000,
    "num_data": 1000
}