{
    "hit@1": 0.094,
    "hit@5": 0.249,
    "hit@10": 0.335,
    "ndcg_linear@1": 0.094,
    "ndcg_linear@5": 0.17263686474864334,
    "ndcg_linear@10": 0.2005354110595518,
    "ndcg_exponential@1": 0.094,
    "ndcg_exponential@5": 0.17263686474864334,
    "ndcg_exponential@10": 0.2005354110595518,
    "precision@1": 0.094,
    "precision@5": 0.0498,
    "precision@10": 0.0335,
    "recall@1": 0.094,
    "recall@5": 0.249,
    "recall@10": 0.335,
    "f1@1": 0.094,
    "f1@5": 0.083,
    "f1@10": 0.06090909090909092,
    "map@1": 0.094,
    "map@5": 0.14759999999999998,
    "map@10": 0.15916904761904763,
    "mrr@1": 0.094,
    "mrr@5": 0.14759999999999998,
    "mrr@10": 0.15916904761904763,
    "num_pred": 1000,
    "num_data": 1000
}