{
    "hit@1": 0.0,
    "hit@5": 0.002,
    "hit@10": 0.011,
    "ndcg_linear@1": 0.0,
    "ndcg_linear@5": 0.0008175293653079347,
    "ndcg_linear@10": 0.0035197735804889806,
    "ndcg_exponential@1": 0.0,
    "ndcg_exponential@5": 0.0008175293653079347,
    "ndcg_exponential@10": 0.0035197735804889806,
    "precision@1": 0.0,
    "precision@5": 0.0004,
    "precision@10": 0.0011,
    "recall@1": 0.0,
    "recall@5": 0.002,
    "recall@10": 0.011,
    "f1@1": 0.0,
    "f1@5": 0.0006666666666666668,
    "f1@10": 0.002,
    "map@1": 0.0,
    "map@5": 0.00045,
    "map@10": 0.0014444444444444444,
    "mrr@1": 0.0,
    "mrr@5": 0.00045,
    "mrr@10": 0.0014444444444444444,
    "num_pred": 1000,
    "num_data": 1000
}