{
    "hit@1": 0.001,
    "hit@5": 0.011,
    "hit@10": 0.02,
    "ndcg_linear@1": 0.001,
    "ndcg_linear@5": 0.005470370656729804,
    "ndcg_linear@10": 0.008280592164290572,
    "ndcg_exponential@1": 0.001,
    "ndcg_exponential@5": 0.005470370656729804,
    "ndcg_exponential@10": 0.008280592164290572,
    "precision@1": 0.001,
    "precision@5": 0.0022,
    "precision@10": 0.002,
    "recall@1": 0.001,
    "recall@5": 0.011,
    "recall@10": 0.02,
    "f1@1": 0.001,
    "f1@5": 0.003666666666666667,
    "f1@10": 0.0036363636363636364,
    "map@1": 0.001,
    "map@5": 0.0037166666666666667,
    "map@10": 0.004816666666666666,
    "mrr@1": 0.001,
    "mrr@5": 0.0037166666666666667,
    "mrr@10": 0.004816666666666666,
    "num_pred": 1000,
    "num_data": 1000
}