{
    "hit@1": 0.0,
    "hit@5": 0.009,
    "hit@10": 0.014,
    "ndcg_linear@1": 0.0,
    "ndcg_linear@5": 0.004902854691238617,
    "ndcg_linear@10": 0.00656009187401062,
    "ndcg_exponential@1": 0.0,
    "ndcg_exponential@5": 0.004902854691238617,
    "ndcg_exponential@10": 0.00656009187401062,
    "precision@1": 0.0,
    "precision@5": 0.0018,
    "precision@10": 0.0014,
    "recall@1": 0.0,
    "recall@5": 0.009,
    "recall@10": 0.014,
    "f1@1": 0.0,
    "f1@5": 0.003,
    "f1@10": 0.0025454545454545456,
    "map@1": 0.0,
    "map@5": 0.003533333333333333,
    "map@10": 0.00423968253968254,
    "mrr@1": 0.0,
    "mrr@5": 0.003533333333333333,
    "mrr@10": 0.00423968253968254,
    "num_pred": 1000,
    "num_data": 1000
}