{
    "hit@1": 0.007,
    "hit@5": 0.028,
    "hit@10": 0.043,
    "ndcg_linear@1": 0.007,
    "ndcg_linear@5": 0.016849506333682592,
    "ndcg_linear@10": 0.02165373193277455,
    "ndcg_exponential@1": 0.007,
    "ndcg_exponential@5": 0.016849506333682592,
    "ndcg_exponential@10": 0.02165373193277455,
    "precision@1": 0.007,
    "precision@5": 0.005600000000000001,
    "precision@10": 0.0043,
    "recall@1": 0.007,
    "recall@5": 0.028,
    "recall@10": 0.043,
    "f1@1": 0.007,
    "f1@5": 0.009333333333333334,
    "f1@10": 0.007818181818181818,
    "map@1": 0.007,
    "map@5": 0.01325,
    "map@10": 0.015203174603174602,
    "mrr@1": 0.007,
    "mrr@5": 0.01325,
    "mrr@10": 0.015203174603174602,
    "num_pred": 1000,
    "num_data": 1000
}