{
    "hit@1": 0.004,
    "hit@5": 0.018,
    "hit@10": 0.028,
    "ndcg_linear@1": 0.004,
    "ndcg_linear@5": 0.011020130861048485,
    "ndcg_linear@10": 0.014195896418344645,
    "ndcg_exponential@1": 0.004,
    "ndcg_exponential@5": 0.011020130861048485,
    "ndcg_exponential@10": 0.014195896418344645,
    "precision@1": 0.004,
    "precision@5": 0.0036,
    "precision@10": 0.0028,
    "recall@1": 0.004,
    "recall@5": 0.018,
    "recall@10": 0.028,
    "f1@1": 0.004,
    "f1@5": 0.006,
    "f1@10": 0.005090909090909092,
    "map@1": 0.004,
    "map@5": 0.008733333333333334,
    "map@10": 0.010010714285714286,
    "mrr@1": 0.004,
    "mrr@5": 0.008733333333333334,
    "mrr@10": 0.010010714285714286,
    "num_pred": 1000,
    "num_data": 1000
}