{
    "hit@1": 0.004,
    "hit@5": 0.005,
    "hit@10": 0.006,
    "ndcg_linear@1": 0.004,
    "ndcg_linear@5": 0.004630929753571458,
    "ndcg_linear@10": 0.004946394630357186,
    "ndcg_exponential@1": 0.004,
    "ndcg_exponential@5": 0.004630929753571458,
    "ndcg_exponential@10": 0.004946394630357186,
    "precision@1": 0.004,
    "precision@5": 0.001,
    "precision@10": 0.0006,
    "recall@1": 0.004,
    "recall@5": 0.005,
    "recall@10": 0.006,
    "f1@1": 0.004,
    "f1@5": 0.001666666666666667,
    "f1@10": 0.001090909090909091,
    "map@1": 0.004,
    "map@5": 0.0045,
    "map@10": 0.004625,
    "mrr@1": 0.004,
    "mrr@5": 0.0045,
    "mrr@10": 0.004625,
    "num_pred": 1000,
    "num_data": 1000
}