{
    "hit@1": 0.038,
    "hit@5": 0.234,
    "hit@10": 0.417,
    "ndcg_linear@1": 0.038,
    "ndcg_linear@5": 0.1295825801078944,
    "ndcg_linear@10": 0.18925130535393422,
    "ndcg_exponential@1": 0.038,
    "ndcg_exponential@5": 0.1295825801078944,
    "ndcg_exponential@10": 0.18925130535393422,
    "precision@1": 0.038,
    "precision@5": 0.0468,
    "precision@10": 0.041699999999999994,
    "recall@1": 0.038,
    "recall@5": 0.234,
    "recall@10": 0.417,
    "f1@1": 0.038,
    "f1@5": 0.078,
    "f1@10": 0.07581818181818184,
    "map@1": 0.038,
    "map@5": 0.09601666666666667,
    "map@10": 0.12093412698412699,
    "mrr@1": 0.038,
    "mrr@5": 0.09601666666666667,
    "mrr@10": 0.12093412698412699,
    "num_pred": 1000,
    "num_data": 1000
}