{
    "hit@1": 0.001,
    "hit@5": 0.014,
    "hit@10": 0.027,
    "ndcg_linear@1": 0.001,
    "ndcg_linear@5": 0.006726293710392888,
    "ndcg_linear@10": 0.010807777561399714,
    "ndcg_exponential@1": 0.001,
    "ndcg_exponential@5": 0.006726293710392888,
    "ndcg_exponential@10": 0.010807777561399714,
    "precision@1": 0.001,
    "precision@5": 0.0028000000000000004,
    "precision@10": 0.0027,
    "recall@1": 0.001,
    "recall@5": 0.014,
    "recall@10": 0.027,
    "f1@1": 0.001,
    "f1@5": 0.004666666666666667,
    "f1@10": 0.004909090909090909,
    "map@1": 0.001,
    "map@5": 0.004416666666666666,
    "map@10": 0.006027777777777777,
    "mrr@1": 0.001,
    "mrr@5": 0.004416666666666666,
    "mrr@10": 0.006027777777777777,
    "num_pred": 1000,
    "num_data": 1000
}