{
    "hit@1": 0.04,
    "hit@5": 0.12,
    "hit@10": 0.304,
    "ndcg_linear@1": 0.04,
    "ndcg_linear@5": 0.0794910945905763,
    "ndcg_linear@10": 0.13708222284521815,
    "ndcg_exponential@1": 0.04,
    "ndcg_exponential@5": 0.0794910945905763,
    "ndcg_exponential@10": 0.13708222284521815,
    "precision@1": 0.04,
    "precision@5": 0.024,
    "precision@10": 0.0304,
    "recall@1": 0.04,
    "recall@5": 0.12,
    "recall@10": 0.304,
    "f1@1": 0.04,
    "f1@5": 0.04,
    "f1@10": 0.05527272727272728,
    "map@1": 0.04,
    "map@5": 0.06628333333333333,
    "map@10": 0.08899087301587302,
    "mrr@1": 0.04,
    "mrr@5": 0.06628333333333333,
    "mrr@10": 0.08899087301587302,
    "num_pred": 1000,
    "num_data": 1000
}