{
    "hit@1": 0.005,
    "hit@5": 0.015,
    "hit@10": 0.031,
    "ndcg_linear@1": 0.005,
    "ndcg_linear@5": 0.009295617152319495,
    "ndcg_linear@10": 0.014477959928643966,
    "ndcg_exponential@1": 0.005,
    "ndcg_exponential@5": 0.009295617152319495,
    "ndcg_exponential@10": 0.014477959928643966,
    "precision@1": 0.005,
    "precision@5": 0.003,
    "precision@10": 0.0031,
    "recall@1": 0.005,
    "recall@5": 0.015,
    "recall@10": 0.031,
    "f1@1": 0.005,
    "f1@5": 0.005,
    "f1@10": 0.005636363636363636,
    "map@1": 0.005,
    "map@5": 0.0075,
    "map@10": 0.009642460317460317,
    "mrr@1": 0.005,
    "mrr@5": 0.0075,
    "mrr@10": 0.009642460317460317,
    "num_pred": 1000,
    "num_data": 1000
}