{
    "hit@1": 0.004,
    "hit@5": 0.011,
    "hit@10": 0.018,
    "ndcg_linear@1": 0.004,
    "ndcg_linear@5": 0.007109017540583017,
    "ndcg_linear@10": 0.009290779006347982,
    "ndcg_exponential@1": 0.004,
    "ndcg_exponential@5": 0.007109017540583017,
    "ndcg_exponential@10": 0.009290779006347982,
    "precision@1": 0.004,
    "precision@5": 0.0022,
    "precision@10": 0.0018,
    "recall@1": 0.004,
    "recall@5": 0.011,
    "recall@10": 0.018,
    "f1@1": 0.004,
    "f1@5": 0.003666666666666667,
    "f1@10": 0.003272727272727273,
    "map@1": 0.004,
    "map@5": 0.005883333333333332,
    "map@10": 0.006736111111111111,
    "mrr@1": 0.004,
    "mrr@5": 0.005883333333333332,
    "mrr@10": 0.006736111111111111,
    "num_pred": 1000,
    "num_data": 1000
}