{
    "hit@1": 0.108,
    "hit@5": 0.283,
    "hit@10": 0.37,
    "ndcg_linear@1": 0.108,
    "ndcg_linear@5": 0.1989609249905052,
    "ndcg_linear@10": 0.22683325511337135,
    "ndcg_exponential@1": 0.108,
    "ndcg_exponential@5": 0.1989609249905052,
    "ndcg_exponential@10": 0.22683325511337135,
    "precision@1": 0.108,
    "precision@5": 0.056600000000000004,
    "precision@10": 0.037,
    "recall@1": 0.108,
    "recall@5": 0.283,
    "recall@10": 0.37,
    "f1@1": 0.108,
    "f1@5": 0.09433333333333334,
    "f1@10": 0.06727272727272728,
    "map@1": 0.108,
    "map@5": 0.17121666666666668,
    "map@10": 0.1825702380952381,
    "mrr@1": 0.108,
    "mrr@5": 0.17121666666666668,
    "mrr@10": 0.1825702380952381,
    "num_pred": 1000,
    "num_data": 1000
}