{
    "hit@1": 0.335,
    "hit@5": 0.61,
    "hit@10": 0.711,
    "ndcg_linear@1": 0.335,
    "ndcg_linear@5": 0.47758137776194654,
    "ndcg_linear@10": 0.5103423377232005,
    "ndcg_exponential@1": 0.335,
    "ndcg_exponential@5": 0.47758137776194654,
    "ndcg_exponential@10": 0.5103423377232005,
    "precision@1": 0.335,
    "precision@5": 0.12199999999999998,
    "precision@10": 0.0711,
    "recall@1": 0.335,
    "recall@5": 0.61,
    "recall@10": 0.711,
    "f1@1": 0.335,
    "f1@5": 0.20333333333333337,
    "f1@10": 0.12927272727272732,
    "map@1": 0.335,
    "map@5": 0.43393333333333334,
    "map@10": 0.44750873015873016,
    "mrr@1": 0.335,
    "mrr@5": 0.43393333333333334,
    "mrr@10": 0.44750873015873016,
    "num_pred": 1000,
    "num_data": 1000
}