{
    "hit@1": 0.191,
    "hit@5": 0.444,
    "hit@10": 0.555,
    "ndcg_linear@1": 0.191,
    "ndcg_linear@5": 0.32355064064656675,
    "ndcg_linear@10": 0.3592004137649664,
    "ndcg_exponential@1": 0.191,
    "ndcg_exponential@5": 0.32355064064656675,
    "ndcg_exponential@10": 0.3592004137649664,
    "precision@1": 0.191,
    "precision@5": 0.0888,
    "precision@10": 0.055499999999999994,
    "recall@1": 0.191,
    "recall@5": 0.444,
    "recall@10": 0.555,
    "f1@1": 0.191,
    "f1@5": 0.14800000000000002,
    "f1@10": 0.10090909090909092,
    "map@1": 0.191,
    "map@5": 0.2837,
    "map@10": 0.29827023809523806,
    "mrr@1": 0.191,
    "mrr@5": 0.2837,
    "mrr@10": 0.29827023809523806,
    "num_pred": 1000,
    "num_data": 1000
}