{
    "hit@1": 0.004,
    "hit@5": 0.027,
    "hit@10": 0.042,
    "ndcg_linear@1": 0.004,
    "ndcg_linear@5": 0.01597452643340771,
    "ndcg_linear@10": 0.020736953237259884,
    "ndcg_exponential@1": 0.004,
    "ndcg_exponential@5": 0.01597452643340771,
    "ndcg_exponential@10": 0.020736953237259884,
    "precision@1": 0.004,
    "precision@5": 0.0054,
    "precision@10": 0.004200000000000001,
    "recall@1": 0.004,
    "recall@5": 0.027,
    "recall@10": 0.042,
    "f1@1": 0.004,
    "f1@5": 0.009,
    "f1@10": 0.0076363636363636364,
    "map@1": 0.004,
    "map@5": 0.012316666666666667,
    "map@10": 0.014229761904761905,
    "mrr@1": 0.004,
    "mrr@5": 0.012316666666666667,
    "mrr@10": 0.014229761904761905,
    "num_pred": 1000,
    "num_data": 1000
}