{
    "hit@1": 0.0,
    "hit@5": 0.005,
    "hit@10": 0.01,
    "ndcg_linear@1": 0.0,
    "ndcg_linear@5": 0.0021350587306158695,
    "ndcg_linear@10": 0.0036690784711792706,
    "ndcg_exponential@1": 0.0,
    "ndcg_exponential@5": 0.0021350587306158695,
    "ndcg_exponential@10": 0.0036690784711792706,
    "precision@1": 0.0,
    "precision@5": 0.001,
    "precision@10": 0.001,
    "recall@1": 0.0,
    "recall@5": 0.005,
    "recall@10": 0.01,
    "f1@1": 0.0,
    "f1@5": 0.001666666666666667,
    "f1@10": 0.0018181818181818182,
    "map@1": 0.0,
    "map@5": 0.0012333333333333332,
    "map@10": 0.0018166666666666667,
    "mrr@1": 0.0,
    "mrr@5": 0.0012333333333333332,
    "mrr@10": 0.0018166666666666667,
    "num_pred": 1000,
    "num_data": 1000
}