{
    "hit@1": 0.007,
    "hit@5": 0.014,
    "hit@10": 0.024,
    "ndcg_linear@1": 0.007,
    "ndcg_linear@5": 0.01048402424049139,
    "ndcg_linear@10": 0.013747270326900943,
    "ndcg_exponential@1": 0.007,
    "ndcg_exponential@5": 0.01048402424049139,
    "ndcg_exponential@10": 0.013747270326900943,
    "precision@1": 0.007,
    "precision@5": 0.0028,
    "precision@10": 0.0024000000000000002,
    "recall@1": 0.007,
    "recall@5": 0.014,
    "recall@10": 0.024,
    "f1@1": 0.007,
    "f1@5": 0.004666666666666668,
    "f1@10": 0.004363636363636363,
    "map@1": 0.007,
    "map@5": 0.009349999999999999,
    "map@10": 0.01071468253968254,
    "mrr@1": 0.007,
    "mrr@5": 0.009349999999999999,
    "mrr@10": 0.01071468253968254,
    "num_pred": 1000,
    "num_data": 1000
}