{
    "hit@1": 0.002,
    "hit@5": 0.006,
    "hit@10": 0.011,
    "ndcg_linear@1": 0.002,
    "ndcg_linear@5": 0.0038791356769527856,
    "ndcg_linear@10": 0.00540462382359595,
    "ndcg_exponential@1": 0.002,
    "ndcg_exponential@5": 0.0038791356769527856,
    "ndcg_exponential@10": 0.00540462382359595,
    "precision@1": 0.002,
    "precision@5": 0.0012000000000000001,
    "precision@10": 0.0011,
    "recall@1": 0.002,
    "recall@5": 0.006,
    "recall@10": 0.011,
    "f1@1": 0.002,
    "f1@5": 0.002,
    "f1@10": 0.002,
    "map@1": 0.002,
    "map@5": 0.0032,
    "map@10": 0.003776190476190476,
    "mrr@1": 0.002,
    "mrr@5": 0.0032,
    "mrr@10": 0.003776190476190476,
    "num_pred": 1000,
    "num_data": 1000
}