{
    "hit@1": 0.653,
    "hit@5": 0.899,
    "hit@10": 0.957,
    "ndcg_linear@1": 0.653,
    "ndcg_linear@5": 0.7860584120512535,
    "ndcg_linear@10": 0.8048821308365166,
    "ndcg_exponential@1": 0.653,
    "ndcg_exponential@5": 0.7860584120512535,
    "ndcg_exponential@10": 0.8048821308365166,
    "precision@1": 0.653,
    "precision@5": 0.17980000000000002,
    "precision@10": 0.09570000000000002,
    "recall@1": 0.653,
    "recall@5": 0.899,
    "recall@10": 0.957,
    "f1@1": 0.653,
    "f1@5": 0.2996666666666667,
    "f1@10": 0.174,
    "map@1": 0.653,
    "map@5": 0.7482833333333333,
    "map@10": 0.7560912698412698,
    "mrr@1": 0.653,
    "mrr@5": 0.7482833333333333,
    "mrr@10": 0.7560912698412698,
    "num_pred": 1000,
    "num_data": 1000
}