{
    "hit@1": 0.693,
    "hit@5": 0.917,
    "hit@10": 0.959,
    "ndcg_linear@1": 0.693,
    "ndcg_linear@5": 0.8166390414518373,
    "ndcg_linear@10": 0.8304265087567592,
    "ndcg_exponential@1": 0.693,
    "ndcg_exponential@5": 0.8166390414518373,
    "ndcg_exponential@10": 0.8304265087567592,
    "precision@1": 0.693,
    "precision@5": 0.18340000000000004,
    "precision@10": 0.0959,
    "recall@1": 0.693,
    "recall@5": 0.917,
    "recall@10": 0.959,
    "f1@1": 0.693,
    "f1@5": 0.3056666666666667,
    "f1@10": 0.17436363636363633,
    "map@1": 0.693,
    "map@5": 0.7828166666666666,
    "map@10": 0.7886289682539683,
    "mrr@1": 0.693,
    "mrr@5": 0.7828166666666666,
    "mrr@10": 0.7886289682539683,
    "num_pred": 1000,
    "num_data": 1000
}