{
    "hit@1": 0.024,
    "hit@5": 0.098,
    "hit@10": 0.149,
    "ndcg_linear@1": 0.024,
    "ndcg_linear@5": 0.061154543486605525,
    "ndcg_linear@10": 0.07756832983578764,
    "ndcg_exponential@1": 0.024,
    "ndcg_exponential@5": 0.061154543486605525,
    "ndcg_exponential@10": 0.07756832983578764,
    "precision@1": 0.024,
    "precision@5": 0.019600000000000003,
    "precision@10": 0.014900000000000002,
    "recall@1": 0.024,
    "recall@5": 0.098,
    "recall@10": 0.149,
    "f1@1": 0.024,
    "f1@5": 0.03266666666666667,
    "f1@10": 0.027090909090909093,
    "map@1": 0.024,
    "map@5": 0.049083333333333326,
    "map@10": 0.05582142857142857,
    "mrr@1": 0.024,
    "mrr@5": 0.049083333333333326,
    "mrr@10": 0.05582142857142857,
    "num_pred": 1000,
    "num_data": 1000
}