{
    "hit@1": 0.043,
    "hit@5": 0.137,
    "hit@10": 0.201,
    "ndcg_linear@1": 0.043,
    "ndcg_linear@5": 0.0909674285004194,
    "ndcg_linear@10": 0.11150090532547922,
    "ndcg_exponential@1": 0.043,
    "ndcg_exponential@5": 0.0909674285004194,
    "ndcg_exponential@10": 0.11150090532547922,
    "precision@1": 0.043,
    "precision@5": 0.027399999999999997,
    "precision@10": 0.0201,
    "recall@1": 0.043,
    "recall@5": 0.137,
    "recall@10": 0.201,
    "f1@1": 0.043,
    "f1@5": 0.045666666666666675,
    "f1@10": 0.03654545454545455,
    "map@1": 0.043,
    "map@5": 0.07583333333333332,
    "map@10": 0.08422103174603174,
    "mrr@1": 0.043,
    "mrr@5": 0.07583333333333332,
    "mrr@10": 0.08422103174603174,
    "num_pred": 1000,
    "num_data": 1000
}