{
    "hit@1": 0.216,
    "hit@5": 0.443,
    "hit@10": 0.538,
    "ndcg_linear@1": 0.216,
    "ndcg_linear@5": 0.3357794140629494,
    "ndcg_linear@10": 0.3666149255203204,
    "ndcg_exponential@1": 0.216,
    "ndcg_exponential@5": 0.3357794140629494,
    "ndcg_exponential@10": 0.3666149255203204,
    "precision@1": 0.216,
    "precision@5": 0.0886,
    "precision@10": 0.0538,
    "recall@1": 0.216,
    "recall@5": 0.443,
    "recall@10": 0.538,
    "f1@1": 0.216,
    "f1@5": 0.1476666666666667,
    "f1@10": 0.09781818181818183,
    "map@1": 0.216,
    "map@5": 0.30025,
    "map@10": 0.31304325396825394,
    "mrr@1": 0.216,
    "mrr@5": 0.30025,
    "mrr@10": 0.31304325396825394,
    "num_pred": 1000,
    "num_data": 1000
}