{
    "hit@1": 0.324,
    "hit@5": 0.566,
    "hit@10": 0.649,
    "ndcg_linear@1": 0.324,
    "ndcg_linear@5": 0.45121406341810055,
    "ndcg_linear@10": 0.4785629414075722,
    "ndcg_exponential@1": 0.324,
    "ndcg_exponential@5": 0.45121406341810055,
    "ndcg_exponential@10": 0.4785629414075722,
    "precision@1": 0.324,
    "precision@5": 0.1132,
    "precision@10": 0.0649,
    "recall@1": 0.324,
    "recall@5": 0.566,
    "recall@10": 0.649,
    "f1@1": 0.324,
    "f1@5": 0.1886666666666667,
    "f1@10": 0.11800000000000001,
    "map@1": 0.324,
    "map@5": 0.41314999999999996,
    "map@10": 0.4247392857142857,
    "mrr@1": 0.324,
    "mrr@5": 0.41314999999999996,
    "mrr@10": 0.4247392857142857,
    "num_pred": 1000,
    "num_data": 1000
}