{
    "hit@1": 0.653,
    "hit@5": 0.879,
    "hit@10": 0.935,
    "ndcg_linear@1": 0.653,
    "ndcg_linear@5": 0.7779186835197862,
    "ndcg_linear@10": 0.7960402886571107,
    "ndcg_exponential@1": 0.653,
    "ndcg_exponential@5": 0.7779186835197862,
    "ndcg_exponential@10": 0.7960402886571107,
    "precision@1": 0.653,
    "precision@5": 0.1758,
    "precision@10": 0.09350000000000001,
    "recall@1": 0.653,
    "recall@5": 0.879,
    "recall@10": 0.935,
    "f1@1": 0.653,
    "f1@5": 0.293,
    "f1@10": 0.17,
    "map@1": 0.653,
    "map@5": 0.74385,
    "map@10": 0.751336507936508,
    "mrr@1": 0.653,
    "mrr@5": 0.74385,
    "mrr@10": 0.751336507936508,
    "num_pred": 1000,
    "num_data": 1000
}