{
    "hit@1": 0.585,
    "hit@5": 0.845,
    "hit@10": 0.929,
    "ndcg_linear@1": 0.585,
    "ndcg_linear@5": 0.724970764549576,
    "ndcg_linear@10": 0.75247893935172,
    "ndcg_exponential@1": 0.585,
    "ndcg_exponential@5": 0.724970764549576,
    "ndcg_exponential@10": 0.75247893935172,
    "precision@1": 0.585,
    "precision@5": 0.169,
    "precision@10": 0.09290000000000001,
    "recall@1": 0.585,
    "recall@5": 0.845,
    "recall@10": 0.929,
    "f1@1": 0.585,
    "f1@5": 0.2816666666666667,
    "f1@10": 0.16890909090909087,
    "map@1": 0.585,
    "map@5": 0.68485,
    "map@10": 0.6964051587301587,
    "mrr@1": 0.585,
    "mrr@5": 0.68485,
    "mrr@10": 0.6964051587301587,
    "num_pred": 1000,
    "num_data": 1000
}