{
    "hit@1": 0.004,
    "hit@5": 0.031,
    "hit@10": 0.049,
    "ndcg_linear@1": 0.004,
    "ndcg_linear@5": 0.017721649358898844,
    "ndcg_linear@10": 0.023299619646953786,
    "ndcg_exponential@1": 0.004,
    "ndcg_exponential@5": 0.017721649358898844,
    "ndcg_exponential@10": 0.023299619646953786,
    "precision@1": 0.004,
    "precision@5": 0.0062,
    "precision@10": 0.004900000000000001,
    "recall@1": 0.004,
    "recall@5": 0.031,
    "recall@10": 0.049,
    "f1@1": 0.004,
    "f1@5": 0.010333333333333333,
    "f1@10": 0.008909090909090908,
    "map@1": 0.004,
    "map@5": 0.013383333333333332,
    "map@10": 0.015542063492063492,
    "mrr@1": 0.004,
    "mrr@5": 0.013383333333333332,
    "mrr@10": 0.015542063492063492,
    "num_pred": 1000,
    "num_data": 1000
}