{
    "hit@1": 0.021,
    "hit@5": 0.189,
    "hit@10": 0.392,
    "ndcg_linear@1": 0.021,
    "ndcg_linear@5": 0.10403269863823589,
    "ndcg_linear@10": 0.16853456647891482,
    "ndcg_exponential@1": 0.021,
    "ndcg_exponential@5": 0.10403269863823589,
    "ndcg_exponential@10": 0.16853456647891482,
    "precision@1": 0.021,
    "precision@5": 0.0378,
    "precision@10": 0.0392,
    "recall@1": 0.021,
    "recall@5": 0.189,
    "recall@10": 0.392,
    "f1@1": 0.021,
    "f1@5": 0.063,
    "f1@10": 0.07127272727272728,
    "map@1": 0.021,
    "map@5": 0.0765,
    "map@10": 0.10243650793650792,
    "mrr@1": 0.021,
    "mrr@5": 0.0765,
    "mrr@10": 0.10243650793650792,
    "num_pred": 1000,
    "num_data": 1000
}