{
    "hit@1": 0.006,
    "hit@5": 0.026,
    "hit@10": 0.038,
    "ndcg_linear@1": 0.006,
    "ndcg_linear@5": 0.015594124778964602,
    "ndcg_linear@10": 0.019537481901920842,
    "ndcg_exponential@1": 0.006,
    "ndcg_exponential@5": 0.015594124778964602,
    "ndcg_exponential@10": 0.019537481901920842,
    "precision@1": 0.006,
    "precision@5": 0.0052,
    "precision@10": 0.0038000000000000004,
    "recall@1": 0.006,
    "recall@5": 0.026,
    "recall@10": 0.038,
    "f1@1": 0.006,
    "f1@5": 0.008666666666666668,
    "f1@10": 0.006909090909090909,
    "map@1": 0.006,
    "map@5": 0.012199999999999999,
    "map@10": 0.01386626984126984,
    "mrr@1": 0.006,
    "mrr@5": 0.012199999999999999,
    "mrr@10": 0.01386626984126984,
    "num_pred": 1000,
    "num_data": 1000
}