{
    "hit@1": 0.028,
    "hit@5": 0.143,
    "hit@10": 0.326,
    "ndcg_linear@1": 0.028,
    "ndcg_linear@5": 0.08182338396147935,
    "ndcg_linear@10": 0.13852349016398774,
    "ndcg_exponential@1": 0.028,
    "ndcg_exponential@5": 0.08182338396147935,
    "ndcg_exponential@10": 0.13852349016398774,
    "precision@1": 0.028,
    "precision@5": 0.0286,
    "precision@10": 0.032600000000000004,
    "recall@1": 0.028,
    "recall@5": 0.143,
    "recall@10": 0.326,
    "f1@1": 0.028,
    "f1@5": 0.04766666666666667,
    "f1@10": 0.059272727272727276,
    "map@1": 0.028,
    "map@5": 0.06228333333333333,
    "map@10": 0.08430992063492064,
    "mrr@1": 0.028,
    "mrr@5": 0.06228333333333333,
    "mrr@10": 0.08430992063492064,
    "num_pred": 1000,
    "num_data": 1000
}