{
    "hit@1": 0.565,
    "hit@5": 0.823,
    "hit@10": 0.892,
    "ndcg_linear@1": 0.565,
    "ndcg_linear@5": 0.703287054061889,
    "ndcg_linear@10": 0.7257050411500623,
    "ndcg_exponential@1": 0.565,
    "ndcg_exponential@5": 0.703287054061889,
    "ndcg_exponential@10": 0.7257050411500623,
    "precision@1": 0.565,
    "precision@5": 0.1646,
    "precision@10": 0.08920000000000002,
    "recall@1": 0.565,
    "recall@5": 0.823,
    "recall@10": 0.892,
    "f1@1": 0.565,
    "f1@5": 0.2743333333333334,
    "f1@10": 0.16218181818181818,
    "map@1": 0.565,
    "map@5": 0.6634,
    "map@10": 0.6727103174603175,
    "mrr@1": 0.565,
    "mrr@5": 0.6634,
    "mrr@10": 0.6727103174603175,
    "num_pred": 1000,
    "num_data": 1000
}