{
    "hit@1": 0.498,
    "hit@5": 0.775,
    "hit@10": 0.87,
    "ndcg_linear@1": 0.498,
    "ndcg_linear@5": 0.6439326929223407,
    "ndcg_linear@10": 0.675401712131007,
    "ndcg_exponential@1": 0.498,
    "ndcg_exponential@5": 0.6439326929223407,
    "ndcg_exponential@10": 0.675401712131007,
    "precision@1": 0.498,
    "precision@5": 0.155,
    "precision@10": 0.087,
    "recall@1": 0.498,
    "recall@5": 0.775,
    "recall@10": 0.87,
    "f1@1": 0.498,
    "f1@5": 0.25833333333333336,
    "f1@10": 0.15818181818181817,
    "map@1": 0.498,
    "map@5": 0.6004499999999999,
    "map@10": 0.6138769841269841,
    "mrr@1": 0.498,
    "mrr@5": 0.6004499999999999,
    "mrr@10": 0.6138769841269841,
    "num_pred": 1000,
    "num_data": 1000
}