{
    "hit@1": 0.072,
    "hit@5": 0.194,
    "hit@10": 0.296,
    "ndcg_linear@1": 0.072,
    "ndcg_linear@5": 0.13301359987636271,
    "ndcg_linear@10": 0.16576378255687202,
    "ndcg_exponential@1": 0.072,
    "ndcg_exponential@5": 0.13301359987636271,
    "ndcg_exponential@10": 0.16576378255687202,
    "precision@1": 0.072,
    "precision@5": 0.038799999999999994,
    "precision@10": 0.0296,
    "recall@1": 0.072,
    "recall@5": 0.194,
    "recall@10": 0.296,
    "f1@1": 0.072,
    "f1@5": 0.06466666666666668,
    "f1@10": 0.05381818181818182,
    "map@1": 0.072,
    "map@5": 0.11306666666666666,
    "map@10": 0.12645079365079362,
    "mrr@1": 0.072,
    "mrr@5": 0.11306666666666666,
    "mrr@10": 0.12645079365079362,
    "num_pred": 1000,
    "num_data": 1000
}