{
    "hit@1": 0.579,
    "hit@5": 0.854,
    "hit@10": 0.929,
    "ndcg_linear@1": 0.579,
    "ndcg_linear@5": 0.7255668523098046,
    "ndcg_linear@10": 0.7502749090201094,
    "ndcg_exponential@1": 0.579,
    "ndcg_exponential@5": 0.7255668523098046,
    "ndcg_exponential@10": 0.7502749090201094,
    "precision@1": 0.579,
    "precision@5": 0.1708,
    "precision@10": 0.09290000000000001,
    "recall@1": 0.579,
    "recall@5": 0.854,
    "recall@10": 0.929,
    "f1@1": 0.579,
    "f1@5": 0.2846666666666667,
    "f1@10": 0.16890909090909087,
    "map@1": 0.579,
    "map@5": 0.68285,
    "map@10": 0.6933142857142857,
    "mrr@1": 0.579,
    "mrr@5": 0.68285,
    "mrr@10": 0.6933142857142857,
    "num_pred": 1000,
    "num_data": 1000
}