{
    "hit@1": 0.527,
    "hit@5": 0.812,
    "hit@10": 0.901,
    "ndcg_linear@1": 0.527,
    "ndcg_linear@5": 0.6799226810910834,
    "ndcg_linear@10": 0.7091525417668664,
    "ndcg_exponential@1": 0.527,
    "ndcg_exponential@5": 0.6799226810910834,
    "ndcg_exponential@10": 0.7091525417668664,
    "precision@1": 0.527,
    "precision@5": 0.1624,
    "precision@10": 0.09010000000000001,
    "recall@1": 0.527,
    "recall@5": 0.812,
    "recall@10": 0.901,
    "f1@1": 0.527,
    "f1@5": 0.2706666666666667,
    "f1@10": 0.1638181818181818,
    "map@1": 0.527,
    "map@5": 0.6358166666666666,
    "map@10": 0.6481424603174603,
    "mrr@1": 0.527,
    "mrr@5": 0.6358166666666666,
    "mrr@10": 0.6481424603174603,
    "num_pred": 1000,
    "num_data": 1000
}