{
    "hit@1": 0.002,
    "hit@5": 0.003,
    "hit@10": 0.005,
    "ndcg_linear@1": 0.002,
    "ndcg_linear@5": 0.0024306765580733927,
    "ndcg_linear@10": 0.003065039887070707,
    "ndcg_exponential@1": 0.002,
    "ndcg_exponential@5": 0.0024306765580733927,
    "ndcg_exponential@10": 0.003065039887070707,
    "precision@1": 0.002,
    "precision@5": 0.0006000000000000001,
    "precision@10": 0.0005,
    "recall@1": 0.002,
    "recall@5": 0.003,
    "recall@10": 0.005,
    "f1@1": 0.002,
    "f1@5": 0.001,
    "f1@10": 0.0009090909090909091,
    "map@1": 0.002,
    "map@5": 0.00225,
    "map@10": 0.002503968253968254,
    "mrr@1": 0.002,
    "mrr@5": 0.00225,
    "mrr@10": 0.002503968253968254,
    "num_pred": 1000,
    "num_data": 1000
}