{
    "hit@1": 0.0,
    "hit@5": 0.0,
    "hit@10": 0.007,
    "ndcg_linear@1": 0.0,
    "ndcg_linear@5": 0.0,
    "ndcg_linear@10": 0.0020593492922634953,
    "ndcg_exponential@1": 0.0,
    "ndcg_exponential@5": 0.0,
    "ndcg_exponential@10": 0.0020593492922634953,
    "precision@1": 0.0,
    "precision@5": 0.0,
    "precision@10": 0.0007,
    "recall@1": 0.0,
    "recall@5": 0.0,
    "recall@10": 0.007,
    "f1@1": 0.0,
    "f1@5": 0.0,
    "f1@10": 0.0012727272727272728,
    "map@1": 0.0,
    "map@5": 0.0,
    "map@10": 0.0007333333333333333,
    "mrr@1": 0.0,
    "mrr@5": 0.0,
    "mrr@10": 0.0007333333333333333,
    "num_pred": 1000,
    "num_data": 1000
}