{
    "hit@1": 0.002,
    "hit@5": 0.006,
    "hit@10": 0.01,
    "ndcg_linear@1": 0.002,
    "ndcg_linear@5": 0.003722706232293572,
    "ndcg_linear@10": 0.004943730807846899,
    "ndcg_exponential@1": 0.002,
    "ndcg_exponential@5": 0.003722706232293572,
    "ndcg_exponential@10": 0.004943730807846899,
    "precision@1": 0.002,
    "precision@5": 0.0012000000000000001,
    "precision@10": 0.001,
    "recall@1": 0.002,
    "recall@5": 0.006,
    "recall@10": 0.01,
    "f1@1": 0.002,
    "f1@5": 0.002,
    "f1@10": 0.0018181818181818182,
    "map@1": 0.002,
    "map@5": 0.003,
    "map@10": 0.0034611111111111114,
    "mrr@1": 0.002,
    "mrr@5": 0.003,
    "mrr@10": 0.0034611111111111114,
    "num_pred": 1000,
    "num_data": 1000
}