{
    "hit@1": 0.0,
    "hit@5": 0.008,
    "hit@10": 0.01,
    "ndcg_linear@1": 0.0,
    "ndcg_linear@5": 0.0038020951047444225,
    "ndcg_linear@10": 0.004514509478960467,
    "ndcg_exponential@1": 0.0,
    "ndcg_exponential@5": 0.0038020951047444225,
    "ndcg_exponential@10": 0.004514509478960467,
    "precision@1": 0.0,
    "precision@5": 0.0016,
    "precision@10": 0.001,
    "recall@1": 0.0,
    "recall@5": 0.008,
    "recall@10": 0.01,
    "f1@1": 0.0,
    "f1@5": 0.002666666666666667,
    "f1@10": 0.0018181818181818182,
    "map@1": 0.0,
    "map@5": 0.0024500000000000004,
    "map@10": 0.0027833333333333334,
    "mrr@1": 0.0,
    "mrr@5": 0.0024500000000000004,
    "mrr@10": 0.0027833333333333334,
    "num_pred": 1000,
    "num_data": 1000
}