{
    "hit@1": 0.001,
    "hit@5": 0.015,
    "hit@10": 0.026,
    "ndcg_linear@1": 0.001,
    "ndcg_linear@5": 0.00837735500015086,
    "ndcg_linear@10": 0.011804969270135766,
    "ndcg_exponential@1": 0.001,
    "ndcg_exponential@5": 0.00837735500015086,
    "ndcg_exponential@10": 0.011804969270135766,
    "precision@1": 0.001,
    "precision@5": 0.003,
    "precision@10": 0.0026,
    "recall@1": 0.001,
    "recall@5": 0.015,
    "recall@10": 0.026,
    "f1@1": 0.001,
    "f1@5": 0.005000000000000001,
    "f1@10": 0.0047272727272727275,
    "map@1": 0.001,
    "map@5": 0.006166666666666666,
    "map@10": 0.007503571428571428,
    "mrr@1": 0.001,
    "mrr@5": 0.006166666666666666,
    "mrr@10": 0.007503571428571428,
    "num_pred": 1000,
    "num_data": 1000
}