{
    "hit@1": 0.002,
    "hit@5": 0.004,
    "hit@10": 0.008,
    "ndcg_linear@1": 0.002,
    "ndcg_linear@5": 0.0028868528072345414,
    "ndcg_linear@10": 0.0041113109582137245,
    "ndcg_exponential@1": 0.002,
    "ndcg_exponential@5": 0.0028868528072345414,
    "ndcg_exponential@10": 0.0041113109582137245,
    "precision@1": 0.002,
    "precision@5": 0.0008,
    "precision@10": 0.0008,
    "recall@1": 0.002,
    "recall@5": 0.004,
    "recall@10": 0.008,
    "f1@1": 0.002,
    "f1@5": 0.0013333333333333335,
    "f1@10": 0.0014545454545454547,
    "map@1": 0.002,
    "map@5": 0.002533333333333333,
    "map@10": 0.0029984126984126985,
    "mrr@1": 0.002,
    "mrr@5": 0.002533333333333333,
    "mrr@10": 0.0029984126984126985,
    "num_pred": 1000,
    "num_data": 1000
}