{
    "hit@1": 0.014,
    "hit@5": 0.061,
    "hit@10": 0.097,
    "ndcg_linear@1": 0.014,
    "ndcg_linear@5": 0.037464486452240896,
    "ndcg_linear@10": 0.04902280601873361,
    "ndcg_exponential@1": 0.014,
    "ndcg_exponential@5": 0.037464486452240896,
    "ndcg_exponential@10": 0.04902280601873361,
    "precision@1": 0.014,
    "precision@5": 0.0122,
    "precision@10": 0.0097,
    "recall@1": 0.014,
    "recall@5": 0.061,
    "recall@10": 0.097,
    "f1@1": 0.014,
    "f1@5": 0.020333333333333335,
    "f1@10": 0.017636363636363638,
    "map@1": 0.014,
    "map@5": 0.029783333333333332,
    "map@10": 0.03450634920634921,
    "mrr@1": 0.014,
    "mrr@5": 0.029783333333333332,
    "mrr@10": 0.03450634920634921,
    "num_pred": 1000,
    "num_data": 1000
}