{
    "hit@1": 0.005,
    "hit@5": 0.015,
    "hit@10": 0.033,
    "ndcg_linear@1": 0.005,
    "ndcg_linear@5": 0.009783771044993327,
    "ndcg_linear@10": 0.015505455538523205,
    "ndcg_exponential@1": 0.005,
    "ndcg_exponential@5": 0.009783771044993327,
    "ndcg_exponential@10": 0.015505455538523205,
    "precision@1": 0.005,
    "precision@5": 0.003,
    "precision@10": 0.0033000000000000004,
    "recall@1": 0.005,
    "recall@5": 0.015,
    "recall@10": 0.033,
    "f1@1": 0.005,
    "f1@5": 0.005,
    "f1@10": 0.006,
    "map@1": 0.005,
    "map@5": 0.0081,
    "map@10": 0.0104,
    "mrr@1": 0.005,
    "mrr@5": 0.0081,
    "mrr@10": 0.0104,
    "num_pred": 1000,
    "num_data": 1000
}