{
    "hit@1": 0.004,
    "hit@5": 0.015,
    "hit@10": 0.026,
    "ndcg_linear@1": 0.004,
    "ndcg_linear@5": 0.008901047214803197,
    "ndcg_linear@10": 0.012438923246408889,
    "ndcg_exponential@1": 0.004,
    "ndcg_exponential@5": 0.008901047214803197,
    "ndcg_exponential@10": 0.012438923246408889,
    "precision@1": 0.004,
    "precision@5": 0.003,
    "precision@10": 0.0026,
    "recall@1": 0.004,
    "recall@5": 0.015,
    "recall@10": 0.026,
    "f1@1": 0.004,
    "f1@5": 0.005,
    "f1@10": 0.0047272727272727275,
    "map@1": 0.004,
    "map@5": 0.006966666666666667,
    "map@10": 0.008417460317460318,
    "mrr@1": 0.004,
    "mrr@5": 0.006966666666666667,
    "mrr@10": 0.008417460317460318,
    "num_pred": 1000,
    "num_data": 1000
}