{
    "hit@1": 0.001,
    "hit@5": 0.003,
    "hit@10": 0.01,
    "ndcg_linear@1": 0.001,
    "ndcg_linear@5": 0.0020177825608059994,
    "ndcg_linear@10": 0.004129931954005176,
    "ndcg_exponential@1": 0.001,
    "ndcg_exponential@5": 0.0020177825608059994,
    "ndcg_exponential@10": 0.004129931954005176,
    "precision@1": 0.001,
    "precision@5": 0.0006000000000000001,
    "precision@10": 0.001,
    "recall@1": 0.001,
    "recall@5": 0.003,
    "recall@10": 0.01,
    "f1@1": 0.001,
    "f1@5": 0.001,
    "f1@10": 0.0018181818181818182,
    "map@1": 0.001,
    "map@5": 0.0017,
    "map@10": 0.0024833333333333335,
    "mrr@1": 0.001,
    "mrr@5": 0.0017,
    "mrr@10": 0.0024833333333333335,
    "num_pred": 1000,
    "num_data": 1000
}