{
    "hit@1": 0.008,
    "hit@5": 0.023,
    "hit@10": 0.039,
    "ndcg_linear@1": 0.008,
    "ndcg_linear@5": 0.01573816661735255,
    "ndcg_linear@10": 0.020754885198077604,
    "ndcg_exponential@1": 0.008,
    "ndcg_exponential@5": 0.01573816661735255,
    "ndcg_exponential@10": 0.020754885198077604,
    "precision@1": 0.008,
    "precision@5": 0.0046,
    "precision@10": 0.0039000000000000003,
    "recall@1": 0.008,
    "recall@5": 0.023,
    "recall@10": 0.039,
    "f1@1": 0.008,
    "f1@5": 0.007666666666666668,
    "f1@10": 0.00709090909090909,
    "map@1": 0.008,
    "map@5": 0.013349999999999999,
    "map@10": 0.01532857142857143,
    "mrr@1": 0.008,
    "mrr@5": 0.013349999999999999,
    "mrr@10": 0.01532857142857143,
    "num_pred": 1000,
    "num_data": 1000
}