{
    "hit@1": 0.008,
    "hit@5": 0.024,
    "hit@10": 0.035,
    "ndcg_linear@1": 0.008,
    "ndcg_linear@5": 0.015750012724678717,
    "ndcg_linear@10": 0.019191969254518073,
    "ndcg_exponential@1": 0.008,
    "ndcg_exponential@5": 0.015750012724678717,
    "ndcg_exponential@10": 0.019191969254518073,
    "precision@1": 0.008,
    "precision@5": 0.0048000000000000004,
    "precision@10": 0.0035,
    "recall@1": 0.008,
    "recall@5": 0.024,
    "recall@10": 0.035,
    "f1@1": 0.008,
    "f1@5": 0.008,
    "f1@10": 0.006363636363636363,
    "map@1": 0.008,
    "map@5": 0.013083333333333332,
    "map@10": 0.014436904761904762,
    "mrr@1": 0.008,
    "mrr@5": 0.013083333333333332,
    "mrr@10": 0.014436904761904762,
    "num_pred": 1000,
    "num_data": 1000
}