{
    "hit@1": 0.0,
    "hit@5": 0.005,
    "hit@10": 0.021,
    "ndcg_linear@1": 0.0,
    "ndcg_linear@5": 0.0025355651216119983,
    "ndcg_linear@10": 0.007782421952007878,
    "ndcg_exponential@1": 0.0,
    "ndcg_exponential@5": 0.0025355651216119983,
    "ndcg_exponential@10": 0.007782421952007878,
    "precision@1": 0.0,
    "precision@5": 0.001,
    "precision@10": 0.0021000000000000007,
    "recall@1": 0.0,
    "recall@5": 0.005,
    "recall@10": 0.021,
    "f1@1": 0.0,
    "f1@5": 0.001666666666666667,
    "f1@10": 0.003818181818181818,
    "map@1": 0.0,
    "map@5": 0.0017333333333333333,
    "map@10": 0.0039420634920634915,
    "mrr@1": 0.0,
    "mrr@5": 0.0017333333333333333,
    "mrr@10": 0.0039420634920634915,
    "num_pred": 1000,
    "num_data": 1000
}