{
    "hit@1": 0.004,
    "hit@5": 0.014,
    "hit@10": 0.025,
    "ndcg_linear@1": 0.004,
    "ndcg_linear@5": 0.008976307110209636,
    "ndcg_linear@10": 0.012470007256067178,
    "ndcg_exponential@1": 0.004,
    "ndcg_exponential@5": 0.008976307110209636,
    "ndcg_exponential@10": 0.012470007256067178,
    "precision@1": 0.004,
    "precision@5": 0.0028,
    "precision@10": 0.0025,
    "recall@1": 0.004,
    "recall@5": 0.014,
    "recall@10": 0.025,
    "f1@1": 0.004,
    "f1@5": 0.004666666666666667,
    "f1@10": 0.004545454545454545,
    "map@1": 0.004,
    "map@5": 0.00735,
    "map@10": 0.00875515873015873,
    "mrr@1": 0.004,
    "mrr@5": 0.00735,
    "mrr@10": 0.00875515873015873,
    "num_pred": 1000,
    "num_data": 1000
}