{
    "hit@1": 0.003,
    "hit@5": 0.007,
    "hit@10": 0.013,
    "ndcg_linear@1": 0.003,
    "ndcg_linear@5": 0.0048613531161467854,
    "ndcg_linear@10": 0.0067742953026498276,
    "ndcg_exponential@1": 0.003,
    "ndcg_exponential@5": 0.0048613531161467854,
    "ndcg_exponential@10": 0.0067742953026498276,
    "precision@1": 0.003,
    "precision@5": 0.0014000000000000002,
    "precision@10": 0.0013,
    "recall@1": 0.003,
    "recall@5": 0.007,
    "recall@10": 0.013,
    "f1@1": 0.003,
    "f1@5": 0.0023333333333333335,
    "f1@10": 0.0023636363636363638,
    "map@1": 0.003,
    "map@5": 0.004166666666666666,
    "map@10": 0.004942857142857143,
    "mrr@1": 0.003,
    "mrr@5": 0.004166666666666666,
    "mrr@10": 0.004942857142857143,
    "num_pred": 1000,
    "num_data": 1000
}