{
    "hit@1": 0.007,
    "hit@5": 0.017,
    "hit@10": 0.026,
    "ndcg_linear@1": 0.007,
    "ndcg_linear@5": 0.011582976350550165,
    "ndcg_linear@10": 0.014461238108875495,
    "ndcg_exponential@1": 0.007,
    "ndcg_exponential@5": 0.011582976350550165,
    "ndcg_exponential@10": 0.014461238108875495,
    "precision@1": 0.007,
    "precision@5": 0.0034000000000000002,
    "precision@10": 0.0026000000000000007,
    "recall@1": 0.007,
    "recall@5": 0.017,
    "recall@10": 0.026,
    "f1@1": 0.007,
    "f1@5": 0.005666666666666667,
    "f1@10": 0.004727272727272727,
    "map@1": 0.007,
    "map@5": 0.009866666666666666,
    "map@10": 0.011034126984126985,
    "mrr@1": 0.007,
    "mrr@5": 0.009866666666666666,
    "mrr@10": 0.011034126984126985,
    "num_pred": 1000,
    "num_data": 1000
}