{
    "hit@1": 0.0,
    "hit@5": 0.0,
    "hit@10": 0.003,
    "ndcg_linear@1": 0.0,
    "ndcg_linear@5": 0.0,
    "ndcg_linear@10": 0.0008671944789536637,
    "ndcg_exponential@1": 0.0,
    "ndcg_exponential@5": 0.0,
    "ndcg_exponential@10": 0.0008671944789536637,
    "precision@1": 0.0,
    "precision@5": 0.0,
    "precision@10": 0.00030000000000000003,
    "recall@1": 0.0,
    "recall@5": 0.0,
    "recall@10": 0.003,
    "f1@1": 0.0,
    "f1@5": 0.0,
    "f1@10": 0.0005454545454545454,
    "map@1": 0.0,
    "map@5": 0.0,
    "map@10": 0.00030000000000000003,
    "mrr@1": 0.0,
    "mrr@5": 0.0,
    "mrr@10": 0.00030000000000000003,
    "num_pred": 1000,
    "num_data": 1000
}