{
    "hit@1": 0.002,
    "hit@5": 0.007,
    "hit@10": 0.012,
    "ndcg_linear@1": 0.002,
    "ndcg_linear@5": 0.004204382172542476,
    "ndcg_linear@10": 0.005835311926113934,
    "ndcg_exponential@1": 0.002,
    "ndcg_exponential@5": 0.004204382172542476,
    "ndcg_exponential@10": 0.005835311926113934,
    "precision@1": 0.002,
    "precision@5": 0.0014,
    "precision@10": 0.0012000000000000001,
    "recall@1": 0.002,
    "recall@5": 0.007,
    "recall@10": 0.012,
    "f1@1": 0.002,
    "f1@5": 0.002333333333333334,
    "f1@10": 0.0021818181818181815,
    "map@1": 0.002,
    "map@5": 0.0033166666666666665,
    "map@10": 0.003995238095238095,
    "mrr@1": 0.002,
    "mrr@5": 0.0033166666666666665,
    "mrr@10": 0.003995238095238095,
    "num_pred": 1000,
    "num_data": 1000
}