{
    "hit@1": 0.015,
    "hit@5": 0.085,
    "hit@10": 0.151,
    "ndcg_linear@1": 0.015,
    "ndcg_linear@5": 0.05050061919729346,
    "ndcg_linear@10": 0.07164689319870376,
    "ndcg_exponential@1": 0.015,
    "ndcg_exponential@5": 0.05050061919729346,
    "ndcg_exponential@10": 0.07164689319870376,
    "precision@1": 0.015,
    "precision@5": 0.017,
    "precision@10": 0.0151,
    "recall@1": 0.015,
    "recall@5": 0.085,
    "recall@10": 0.151,
    "f1@1": 0.015,
    "f1@5": 0.028333333333333335,
    "f1@10": 0.027454545454545454,
    "map@1": 0.015,
    "map@5": 0.03918333333333333,
    "map@10": 0.047794444444444445,
    "mrr@1": 0.015,
    "mrr@5": 0.03918333333333333,
    "mrr@10": 0.047794444444444445,
    "num_pred": 1000,
    "num_data": 1000
}