{
    "hit@1": 0.49,
    "hit@5": 0.775,
    "hit@10": 0.847,
    "ndcg_linear@1": 0.49,
    "ndcg_linear@5": 0.6425710080864825,
    "ndcg_linear@10": 0.6661612353048965,
    "ndcg_exponential@1": 0.49,
    "ndcg_exponential@5": 0.6425710080864825,
    "ndcg_exponential@10": 0.6661612353048965,
    "precision@1": 0.49,
    "precision@5": 0.155,
    "precision@10": 0.0847,
    "recall@1": 0.49,
    "recall@5": 0.775,
    "recall@10": 0.847,
    "f1@1": 0.49,
    "f1@5": 0.25833333333333336,
    "f1@10": 0.154,
    "map@1": 0.49,
    "map@5": 0.59845,
    "map@10": 0.6083658730158731,
    "mrr@1": 0.49,
    "mrr@5": 0.59845,
    "mrr@10": 0.6083658730158731,
    "num_pred": 1000,
    "num_data": 1000
}