{
    "hit@1": 0.414,
    "hit@5": 0.766,
    "hit@10": 0.881,
    "ndcg_linear@1": 0.414,
    "ndcg_linear@5": 0.6021427843266335,
    "ndcg_linear@10": 0.6393694467503257,
    "ndcg_exponential@1": 0.414,
    "ndcg_exponential@5": 0.6021427843266335,
    "ndcg_exponential@10": 0.6393694467503257,
    "precision@1": 0.414,
    "precision@5": 0.15319999999999998,
    "precision@10": 0.08810000000000001,
    "recall@1": 0.414,
    "recall@5": 0.766,
    "recall@10": 0.881,
    "f1@1": 0.414,
    "f1@5": 0.25533333333333336,
    "f1@10": 0.16018181818181818,
    "map@1": 0.414,
    "map@5": 0.5476333333333332,
    "map@10": 0.5630242063492065,
    "mrr@1": 0.414,
    "mrr@5": 0.5476333333333332,
    "mrr@10": 0.5630242063492065,
    "num_pred": 1000,
    "num_data": 1000
}