{
    "hit@1": 0.452,
    "hit@5": 0.769,
    "hit@10": 0.877,
    "ndcg_linear@1": 0.452,
    "ndcg_linear@5": 0.6206051771751329,
    "ndcg_linear@10": 0.6557338876136659,
    "ndcg_exponential@1": 0.452,
    "ndcg_exponential@5": 0.6206051771751329,
    "ndcg_exponential@10": 0.6557338876136659,
    "precision@1": 0.452,
    "precision@5": 0.15380000000000002,
    "precision@10": 0.08770000000000001,
    "recall@1": 0.452,
    "recall@5": 0.769,
    "recall@10": 0.877,
    "f1@1": 0.452,
    "f1@5": 0.25633333333333336,
    "f1@10": 0.15945454545454546,
    "map@1": 0.452,
    "map@5": 0.5712,
    "map@10": 0.5858095238095239,
    "mrr@1": 0.452,
    "mrr@5": 0.5712,
    "mrr@10": 0.5858095238095239,
    "num_pred": 1000,
    "num_data": 1000
}