{
    "hit@1": 0.175,
    "hit@5": 0.369,
    "hit@10": 0.446,
    "ndcg_linear@1": 0.175,
    "ndcg_linear@5": 0.2747055427606492,
    "ndcg_linear@10": 0.2993868003662731,
    "ndcg_exponential@1": 0.175,
    "ndcg_exponential@5": 0.2747055427606492,
    "ndcg_exponential@10": 0.2993868003662731,
    "precision@1": 0.175,
    "precision@5": 0.07379999999999999,
    "precision@10": 0.044599999999999994,
    "recall@1": 0.175,
    "recall@5": 0.369,
    "recall@10": 0.446,
    "f1@1": 0.175,
    "f1@5": 0.12300000000000003,
    "f1@10": 0.0810909090909091,
    "map@1": 0.175,
    "map@5": 0.24365,
    "map@10": 0.2537027777777778,
    "mrr@1": 0.175,
    "mrr@5": 0.24365,
    "mrr@10": 0.2537027777777778,
    "num_pred": 1000,
    "num_data": 1000
}