{
    "hit@1": 0.143,
    "hit@5": 0.363,
    "hit@10": 0.482,
    "ndcg_linear@1": 0.143,
    "ndcg_linear@5": 0.2559948910646393,
    "ndcg_linear@10": 0.29454667241763083,
    "ndcg_exponential@1": 0.143,
    "ndcg_exponential@5": 0.2559948910646393,
    "ndcg_exponential@10": 0.29454667241763083,
    "precision@1": 0.143,
    "precision@5": 0.0726,
    "precision@10": 0.0482,
    "recall@1": 0.143,
    "recall@5": 0.363,
    "recall@10": 0.482,
    "f1@1": 0.143,
    "f1@5": 0.12100000000000002,
    "f1@10": 0.08763636363636365,
    "map@1": 0.143,
    "map@5": 0.22083333333333335,
    "map@10": 0.2367837301587301,
    "mrr@1": 0.143,
    "mrr@5": 0.22083333333333335,
    "mrr@10": 0.2367837301587301,
    "num_pred": 1000,
    "num_data": 1000
}