{
    "hit@1": 0.387,
    "hit@5": 0.63,
    "hit@10": 0.713,
    "ndcg_linear@1": 0.387,
    "ndcg_linear@5": 0.5156643300134154,
    "ndcg_linear@10": 0.5424698090874237,
    "ndcg_exponential@1": 0.387,
    "ndcg_exponential@5": 0.5156643300134154,
    "ndcg_exponential@10": 0.5424698090874237,
    "precision@1": 0.387,
    "precision@5": 0.126,
    "precision@10": 0.0713,
    "recall@1": 0.387,
    "recall@5": 0.63,
    "recall@10": 0.713,
    "f1@1": 0.387,
    "f1@5": 0.21000000000000005,
    "f1@10": 0.12963636363636366,
    "map@1": 0.387,
    "map@5": 0.4776666666666667,
    "map@10": 0.48870992063492064,
    "mrr@1": 0.387,
    "mrr@5": 0.4776666666666667,
    "mrr@10": 0.48870992063492064,
    "num_pred": 1000,
    "num_data": 1000
}