{
    "hit@1": 0.37,
    "hit@5": 0.591,
    "hit@10": 0.686,
    "ndcg_linear@1": 0.37,
    "ndcg_linear@5": 0.4862811947397513,
    "ndcg_linear@10": 0.5169367663892599,
    "ndcg_exponential@1": 0.37,
    "ndcg_exponential@5": 0.4862811947397513,
    "ndcg_exponential@10": 0.5169367663892599,
    "precision@1": 0.37,
    "precision@5": 0.11819999999999999,
    "precision@10": 0.0686,
    "recall@1": 0.37,
    "recall@5": 0.591,
    "recall@10": 0.686,
    "f1@1": 0.37,
    "f1@5": 0.19700000000000006,
    "f1@10": 0.12472727272727274,
    "map@1": 0.37,
    "map@5": 0.45161666666666667,
    "map@10": 0.46422619047619046,
    "mrr@1": 0.37,
    "mrr@5": 0.45161666666666667,
    "mrr@10": 0.46422619047619046,
    "num_pred": 1000,
    "num_data": 1000
}