{
    "hit@1": 0.143,
    "hit@5": 0.398,
    "hit@10": 0.631,
    "ndcg_linear@1": 0.143,
    "ndcg_linear@5": 0.27385843630106194,
    "ndcg_linear@10": 0.34621746763164757,
    "ndcg_exponential@1": 0.143,
    "ndcg_exponential@5": 0.27385843630106194,
    "ndcg_exponential@10": 0.34621746763164757,
    "precision@1": 0.143,
    "precision@5": 0.07959999999999999,
    "precision@10": 0.06309999999999999,
    "recall@1": 0.143,
    "recall@5": 0.398,
    "recall@10": 0.631,
    "f1@1": 0.143,
    "f1@5": 0.13266666666666668,
    "f1@10": 0.11472727272727275,
    "map@1": 0.143,
    "map@5": 0.23295,
    "map@10": 0.2611138888888889,
    "mrr@1": 0.143,
    "mrr@5": 0.23295,
    "mrr@10": 0.2611138888888889,
    "num_pred": 1000,
    "num_data": 1000
}