{
    "hit@1": 0.365,
    "hit@5": 0.639,
    "hit@10": 0.748,
    "ndcg_linear@1": 0.365,
    "ndcg_linear@5": 0.5092863289082057,
    "ndcg_linear@10": 0.5443663058208922,
    "ndcg_exponential@1": 0.365,
    "ndcg_exponential@5": 0.5092863289082057,
    "ndcg_exponential@10": 0.5443663058208922,
    "precision@1": 0.365,
    "precision@5": 0.12779999999999997,
    "precision@10": 0.07479999999999999,
    "recall@1": 0.365,
    "recall@5": 0.639,
    "recall@10": 0.748,
    "f1@1": 0.365,
    "f1@5": 0.21300000000000005,
    "f1@10": 0.13600000000000004,
    "map@1": 0.365,
    "map@5": 0.4662833333333334,
    "map@10": 0.48065238095238094,
    "mrr@1": 0.365,
    "mrr@5": 0.4662833333333334,
    "mrr@10": 0.48065238095238094,
    "num_pred": 1000,
    "num_data": 1000
}