{
    "hit@1": 0.04,
    "hit@5": 0.145,
    "hit@10": 0.216,
    "ndcg_linear@1": 0.04,
    "ndcg_linear@5": 0.09429628927374191,
    "ndcg_linear@10": 0.11717425933277403,
    "ndcg_exponential@1": 0.04,
    "ndcg_exponential@5": 0.09429628927374191,
    "ndcg_exponential@10": 0.11717425933277403,
    "precision@1": 0.04,
    "precision@5": 0.029,
    "precision@10": 0.0216,
    "recall@1": 0.04,
    "recall@5": 0.145,
    "recall@10": 0.216,
    "f1@1": 0.04,
    "f1@5": 0.04833333333333333,
    "f1@10": 0.03927272727272727,
    "map@1": 0.04,
    "map@5": 0.07756666666666666,
    "map@10": 0.08696190476190475,
    "mrr@1": 0.04,
    "mrr@5": 0.07756666666666666,
    "mrr@10": 0.08696190476190475,
    "num_pred": 1000,
    "num_data": 1000
}