{
    "hit@1": 0.035,
    "hit@5": 0.106,
    "hit@10": 0.177,
    "ndcg_linear@1": 0.035,
    "ndcg_linear@5": 0.07132408501608123,
    "ndcg_linear@10": 0.09390601619210447,
    "ndcg_exponential@1": 0.035,
    "ndcg_exponential@5": 0.07132408501608123,
    "ndcg_exponential@10": 0.09390601619210447,
    "precision@1": 0.035,
    "precision@5": 0.021200000000000004,
    "precision@10": 0.0177,
    "recall@1": 0.035,
    "recall@5": 0.106,
    "recall@10": 0.177,
    "f1@1": 0.035,
    "f1@5": 0.035333333333333335,
    "f1@10": 0.032181818181818186,
    "map@1": 0.035,
    "map@5": 0.05993333333333334,
    "map@10": 0.06902460317460317,
    "mrr@1": 0.035,
    "mrr@5": 0.05993333333333334,
    "mrr@10": 0.06902460317460317,
    "num_pred": 1000,
    "num_data": 1000
}