{
    "hit@1": 0.001,
    "hit@5": 0.008,
    "hit@10": 0.018,
    "ndcg_linear@1": 0.001,
    "ndcg_linear@5": 0.004152841291421868,
    "ndcg_linear@10": 0.007403131697243605,
    "ndcg_exponential@1": 0.001,
    "ndcg_exponential@5": 0.004152841291421868,
    "ndcg_exponential@10": 0.007403131697243605,
    "precision@1": 0.001,
    "precision@5": 0.0016,
    "precision@10": 0.0018000000000000002,
    "recall@1": 0.001,
    "recall@5": 0.008,
    "recall@10": 0.018,
    "f1@1": 0.001,
    "f1@5": 0.002666666666666667,
    "f1@10": 0.0032727272727272726,
    "map@1": 0.001,
    "map@5": 0.002933333333333333,
    "map@10": 0.004288888888888889,
    "mrr@1": 0.001,
    "mrr@5": 0.002933333333333333,
    "mrr@10": 0.004288888888888889,
    "num_pred": 1000,
    "num_data": 1000
}