{
    "hit@1": 0.0,
    "hit@5": 0.03,
    "hit@10": 0.044,
    "ndcg_linear@1": 0.0,
    "ndcg_linear@5": 0.015212666926264794,
    "ndcg_linear@10": 0.019468212565415,
    "ndcg_exponential@1": 0.0,
    "ndcg_exponential@5": 0.015212666926264794,
    "ndcg_exponential@10": 0.019468212565415,
    "precision@1": 0.0,
    "precision@5": 0.006,
    "precision@10": 0.0044,
    "recall@1": 0.0,
    "recall@5": 0.03,
    "recall@10": 0.044,
    "f1@1": 0.0,
    "f1@5": 0.01,
    "f1@10": 0.008,
    "map@1": 0.0,
    "map@5": 0.010316666666666667,
    "map@10": 0.011916666666666666,
    "mrr@1": 0.0,
    "mrr@5": 0.010316666666666667,
    "mrr@10": 0.011916666666666666,
    "num_pred": 1000,
    "num_data": 1000
}