{
    "hit@1": 0.002,
    "hit@5": 0.007,
    "hit@10": 0.015,
    "ndcg_linear@1": 0.002,
    "ndcg_linear@5": 0.004754142376861158,
    "ndcg_linear@10": 0.007258235870263567,
    "ndcg_exponential@1": 0.002,
    "ndcg_exponential@5": 0.004754142376861158,
    "ndcg_exponential@10": 0.007258235870263567,
    "precision@1": 0.002,
    "precision@5": 0.0014000000000000002,
    "precision@10": 0.0015,
    "recall@1": 0.002,
    "recall@5": 0.007,
    "recall@10": 0.015,
    "f1@1": 0.002,
    "f1@5": 0.0023333333333333335,
    "f1@10": 0.002727272727272727,
    "map@1": 0.002,
    "map@5": 0.004,
    "map@10": 0.004985714285714286,
    "mrr@1": 0.002,
    "mrr@5": 0.004,
    "mrr@10": 0.004985714285714286,
    "num_pred": 1000,
    "num_data": 1000
}