{
    "hit@1": 0.216,
    "hit@5": 0.432,
    "hit@10": 0.538,
    "ndcg_linear@1": 0.216,
    "ndcg_linear@5": 0.32954465261923405,
    "ndcg_linear@10": 0.3635674448963718,
    "ndcg_exponential@1": 0.216,
    "ndcg_exponential@5": 0.32954465261923405,
    "ndcg_exponential@10": 0.3635674448963718,
    "precision@1": 0.216,
    "precision@5": 0.08639999999999999,
    "precision@10": 0.0538,
    "recall@1": 0.216,
    "recall@5": 0.432,
    "recall@10": 0.538,
    "f1@1": 0.216,
    "f1@5": 0.14400000000000002,
    "f1@10": 0.09781818181818185,
    "map@1": 0.216,
    "map@5": 0.29555,
    "map@10": 0.3094492063492063,
    "mrr@1": 0.216,
    "mrr@5": 0.29555,
    "mrr@10": 0.3094492063492063,
    "num_pred": 1000,
    "num_data": 1000
}