{
    "hit@1": 0.485,
    "hit@5": 0.794,
    "hit@10": 0.879,
    "ndcg_linear@1": 0.485,
    "ndcg_linear@5": 0.6520709048306448,
    "ndcg_linear@10": 0.6801750791220813,
    "ndcg_exponential@1": 0.485,
    "ndcg_exponential@5": 0.6520709048306448,
    "ndcg_exponential@10": 0.6801750791220813,
    "precision@1": 0.485,
    "precision@5": 0.15880000000000002,
    "precision@10": 0.0879,
    "recall@1": 0.485,
    "recall@5": 0.794,
    "recall@10": 0.879,
    "f1@1": 0.485,
    "f1@5": 0.2646666666666667,
    "f1@10": 0.1598181818181818,
    "map@1": 0.485,
    "map@5": 0.6045833333333333,
    "map@10": 0.6165412698412699,
    "mrr@1": 0.485,
    "mrr@5": 0.6045833333333333,
    "mrr@10": 0.6165412698412699,
    "num_pred": 1000,
    "num_data": 1000
}