{
    "hit@1": 0.587,
    "hit@5": 0.844,
    "hit@10": 0.908,
    "ndcg_linear@1": 0.587,
    "ndcg_linear@5": 0.7282782820836265,
    "ndcg_linear@10": 0.7489939309552425,
    "ndcg_exponential@1": 0.587,
    "ndcg_exponential@5": 0.7282782820836265,
    "ndcg_exponential@10": 0.7489939309552425,
    "precision@1": 0.587,
    "precision@5": 0.1688,
    "precision@10": 0.0908,
    "recall@1": 0.587,
    "recall@5": 0.844,
    "recall@10": 0.908,
    "f1@1": 0.587,
    "f1@5": 0.2813333333333334,
    "f1@10": 0.1650909090909091,
    "map@1": 0.587,
    "map@5": 0.6893333333333334,
    "map@10": 0.6978956349206349,
    "mrr@1": 0.587,
    "mrr@5": 0.6893333333333334,
    "mrr@10": 0.6978956349206349,
    "num_pred": 1000,
    "num_data": 1000
}