{
    "hit@1": 0.019,
    "hit@5": 0.064,
    "hit@10": 0.119,
    "ndcg_linear@1": 0.019,
    "ndcg_linear@5": 0.041462138151998416,
    "ndcg_linear@10": 0.058824035263710044,
    "ndcg_exponential@1": 0.019,
    "ndcg_exponential@5": 0.041462138151998416,
    "ndcg_exponential@10": 0.058824035263710044,
    "precision@1": 0.019,
    "precision@5": 0.0128,
    "precision@10": 0.011900000000000003,
    "recall@1": 0.019,
    "recall@5": 0.064,
    "recall@10": 0.119,
    "f1@1": 0.019,
    "f1@5": 0.021333333333333336,
    "f1@10": 0.021636363636363634,
    "map@1": 0.019,
    "map@5": 0.03408333333333333,
    "map@10": 0.04099722222222222,
    "mrr@1": 0.019,
    "mrr@5": 0.03408333333333333,
    "mrr@10": 0.04099722222222222,
    "num_pred": 1000,
    "num_data": 1000
}