{
    "hit@1": 0.385,
    "hit@5": 0.666,
    "hit@10": 0.738,
    "ndcg_linear@1": 0.385,
    "ndcg_linear@5": 0.5386635365185213,
    "ndcg_linear@10": 0.5620932642074219,
    "ndcg_exponential@1": 0.385,
    "ndcg_exponential@5": 0.5386635365185213,
    "ndcg_exponential@10": 0.5620932642074219,
    "precision@1": 0.385,
    "precision@5": 0.13319999999999999,
    "precision@10": 0.07379999999999999,
    "recall@1": 0.385,
    "recall@5": 0.666,
    "recall@10": 0.738,
    "f1@1": 0.385,
    "f1@5": 0.22200000000000006,
    "f1@10": 0.13418181818181818,
    "map@1": 0.385,
    "map@5": 0.49593333333333334,
    "map@10": 0.5056853174603175,
    "mrr@1": 0.385,
    "mrr@5": 0.49593333333333334,
    "mrr@10": 0.5056853174603175,
    "num_pred": 1000,
    "num_data": 1000
}