{
    "hit@1": 0.643,
    "hit@5": 0.9,
    "hit@10": 0.967,
    "ndcg_linear@1": 0.643,
    "ndcg_linear@5": 0.7828488440282719,
    "ndcg_linear@10": 0.8048899039775611,
    "ndcg_exponential@1": 0.643,
    "ndcg_exponential@5": 0.7828488440282719,
    "ndcg_exponential@10": 0.8048899039775611,
    "precision@1": 0.643,
    "precision@5": 0.18,
    "precision@10": 0.09670000000000002,
    "recall@1": 0.643,
    "recall@5": 0.9,
    "recall@10": 0.967,
    "f1@1": 0.643,
    "f1@5": 0.3,
    "f1@10": 0.17581818181818182,
    "map@1": 0.643,
    "map@5": 0.7436166666666667,
    "map@10": 0.7529289682539683,
    "mrr@1": 0.643,
    "mrr@5": 0.7436166666666667,
    "mrr@10": 0.7529289682539683,
    "num_pred": 1000,
    "num_data": 1000
}