{
    "hit@1": 0.646,
    "hit@5": 0.9,
    "hit@10": 0.95,
    "ndcg_linear@1": 0.646,
    "ndcg_linear@5": 0.7862125467949374,
    "ndcg_linear@10": 0.8028621119404273,
    "ndcg_exponential@1": 0.646,
    "ndcg_exponential@5": 0.7862125467949374,
    "ndcg_exponential@10": 0.8028621119404273,
    "precision@1": 0.646,
    "precision@5": 0.18000000000000002,
    "precision@10": 0.09500000000000001,
    "recall@1": 0.646,
    "recall@5": 0.9,
    "recall@10": 0.95,
    "f1@1": 0.646,
    "f1@5": 0.30000000000000004,
    "f1@10": 0.17272727272727273,
    "map@1": 0.646,
    "map@5": 0.7478499999999999,
    "map@10": 0.7550011904761904,
    "mrr@1": 0.646,
    "mrr@5": 0.7478499999999999,
    "mrr@10": 0.7550011904761904,
    "num_pred": 1000,
    "num_data": 1000
}