{
    "hit@1": 0.132,
    "hit@5": 0.278,
    "hit@10": 0.432,
    "ndcg_linear@1": 0.132,
    "ndcg_linear@5": 0.20389991050951414,
    "ndcg_linear@10": 0.2519627651004081,
    "ndcg_exponential@1": 0.132,
    "ndcg_exponential@5": 0.20389991050951414,
    "ndcg_exponential@10": 0.2519627651004081,
    "precision@1": 0.132,
    "precision@5": 0.055600000000000004,
    "precision@10": 0.0432,
    "recall@1": 0.132,
    "recall@5": 0.278,
    "recall@10": 0.432,
    "f1@1": 0.132,
    "f1@5": 0.09266666666666669,
    "f1@10": 0.07854545454545456,
    "map@1": 0.132,
    "map@5": 0.17976666666666669,
    "map@10": 0.1985833333333333,
    "mrr@1": 0.132,
    "mrr@5": 0.17976666666666669,
    "mrr@10": 0.1985833333333333,
    "num_pred": 1000,
    "num_data": 1000
}