{
    "hit@1": 0.241,
    "hit@5": 0.467,
    "hit@10": 0.567,
    "ndcg_linear@1": 0.241,
    "ndcg_linear@5": 0.35976557817472576,
    "ndcg_linear@10": 0.3923969696494407,
    "ndcg_exponential@1": 0.241,
    "ndcg_exponential@5": 0.35976557817472576,
    "ndcg_exponential@10": 0.3923969696494407,
    "precision@1": 0.241,
    "precision@5": 0.0934,
    "precision@10": 0.05669999999999999,
    "recall@1": 0.241,
    "recall@5": 0.467,
    "recall@10": 0.567,
    "f1@1": 0.241,
    "f1@5": 0.1556666666666667,
    "f1@10": 0.10309090909090911,
    "map@1": 0.241,
    "map@5": 0.3241833333333333,
    "map@10": 0.33781785714285717,
    "mrr@1": 0.241,
    "mrr@5": 0.3241833333333333,
    "mrr@10": 0.33781785714285717,
    "num_pred": 1000,
    "num_data": 1000
}