{
    "hit@1": 0.149,
    "hit@5": 0.332,
    "hit@10": 0.424,
    "ndcg_linear@1": 0.149,
    "ndcg_linear@5": 0.2457010559393978,
    "ndcg_linear@10": 0.27564140104554596,
    "ndcg_exponential@1": 0.149,
    "ndcg_exponential@5": 0.2457010559393978,
    "ndcg_exponential@10": 0.27564140104554596,
    "precision@1": 0.149,
    "precision@5": 0.0664,
    "precision@10": 0.0424,
    "recall@1": 0.149,
    "recall@5": 0.332,
    "recall@10": 0.424,
    "f1@1": 0.149,
    "f1@5": 0.11066666666666669,
    "f1@10": 0.0770909090909091,
    "map@1": 0.149,
    "map@5": 0.21706666666666666,
    "map@10": 0.2295329365079365,
    "mrr@1": 0.149,
    "mrr@5": 0.21706666666666666,
    "mrr@10": 0.2295329365079365,
    "num_pred": 1000,
    "num_data": 1000
}