{
    "hit@1": 0.392,
    "hit@5": 0.619,
    "hit@10": 0.691,
    "ndcg_linear@1": 0.392,
    "ndcg_linear@5": 0.5132598515004795,
    "ndcg_linear@10": 0.536629118736907,
    "ndcg_exponential@1": 0.392,
    "ndcg_exponential@5": 0.5132598515004795,
    "ndcg_exponential@10": 0.536629118736907,
    "precision@1": 0.392,
    "precision@5": 0.1238,
    "precision@10": 0.0691,
    "recall@1": 0.392,
    "recall@5": 0.619,
    "recall@10": 0.691,
    "f1@1": 0.392,
    "f1@5": 0.20633333333333337,
    "f1@10": 0.12563636363636366,
    "map@1": 0.392,
    "map@5": 0.47803333333333337,
    "map@10": 0.48773214285714284,
    "mrr@1": 0.392,
    "mrr@5": 0.47803333333333337,
    "mrr@10": 0.48773214285714284,
    "num_pred": 1000,
    "num_data": 1000
}