{
    "hit@1": 0.176,
    "hit@5": 0.221,
    "hit@10": 0.337,
    "ndcg_linear@1": 0.176,
    "ndcg_linear@5": 0.19748154453450167,
    "ndcg_linear@10": 0.2311722699588908,
    "ndcg_exponential@1": 0.176,
    "ndcg_exponential@5": 0.19748154453450167,
    "ndcg_exponential@10": 0.2311722699588908,
    "precision@1": 0.176,
    "precision@5": 0.0442,
    "precision@10": 0.0337,
    "recall@1": 0.176,
    "recall@5": 0.221,
    "recall@10": 0.337,
    "f1@1": 0.176,
    "f1@5": 0.07366666666666667,
    "f1@10": 0.06127272727272728,
    "map@1": 0.176,
    "map@5": 0.18988333333333332,
    "map@10": 0.20163690476190477,
    "mrr@1": 0.176,
    "mrr@5": 0.18988333333333332,
    "mrr@10": 0.20163690476190477,
    "num_pred": 1000,
    "num_data": 1000
}