{
    "hit@1": 0.423,
    "hit@5": 0.651,
    "hit@10": 0.745,
    "ndcg_linear@1": 0.423,
    "ndcg_linear@5": 0.5439599217163775,
    "ndcg_linear@10": 0.5742965022924071,
    "ndcg_exponential@1": 0.423,
    "ndcg_exponential@5": 0.5439599217163775,
    "ndcg_exponential@10": 0.5742965022924071,
    "precision@1": 0.423,
    "precision@5": 0.13019999999999998,
    "precision@10": 0.0745,
    "recall@1": 0.423,
    "recall@5": 0.651,
    "recall@10": 0.745,
    "f1@1": 0.423,
    "f1@5": 0.21700000000000005,
    "f1@10": 0.13545454545454547,
    "map@1": 0.423,
    "map@5": 0.5083333333333333,
    "map@10": 0.5208166666666666,
    "mrr@1": 0.423,
    "mrr@5": 0.5083333333333333,
    "mrr@10": 0.5208166666666666,
    "num_pred": 1000,
    "num_data": 1000
}