{
    "hit@1": 0.003,
    "hit@5": 0.006,
    "hit@10": 0.015,
    "ndcg_linear@1": 0.003,
    "ndcg_linear@5": 0.004430676558073393,
    "ndcg_linear@10": 0.007284017466464815,
    "ndcg_exponential@1": 0.003,
    "ndcg_exponential@5": 0.004430676558073393,
    "ndcg_exponential@10": 0.007284017466464815,
    "precision@1": 0.003,
    "precision@5": 0.0012000000000000001,
    "precision@10": 0.0015,
    "recall@1": 0.003,
    "recall@5": 0.006,
    "recall@10": 0.015,
    "f1@1": 0.003,
    "f1@5": 0.002,
    "f1@10": 0.002727272727272727,
    "map@1": 0.003,
    "map@5": 0.003916666666666666,
    "map@10": 0.0050638888888888895,
    "mrr@1": 0.003,
    "mrr@5": 0.003916666666666666,
    "mrr@10": 0.0050638888888888895,
    "num_pred": 1000,
    "num_data": 1000
}