{
    "hit@1": 0.005,
    "hit@5": 0.01,
    "hit@10": 0.014,
    "ndcg_linear@1": 0.005,
    "ndcg_linear@5": 0.007561606311644851,
    "ndcg_linear@10": 0.008806402630947292,
    "ndcg_exponential@1": 0.005,
    "ndcg_exponential@5": 0.007561606311644851,
    "ndcg_exponential@10": 0.008806402630947292,
    "precision@1": 0.005,
    "precision@5": 0.002,
    "precision@10": 0.0014,
    "recall@1": 0.005,
    "recall@5": 0.01,
    "recall@10": 0.014,
    "f1@1": 0.005,
    "f1@5": 0.003333333333333334,
    "f1@10": 0.002545454545454546,
    "map@1": 0.005,
    "map@5": 0.00675,
    "map@10": 0.007235714285714285,
    "mrr@1": 0.005,
    "mrr@5": 0.00675,
    "mrr@10": 0.007235714285714285,
    "num_pred": 1000,
    "num_data": 1000
}