{
    "hit@1": 0.002,
    "hit@5": 0.004,
    "hit@10": 0.01,
    "ndcg_linear@1": 0.002,
    "ndcg_linear@5": 0.0031309297535714576,
    "ndcg_linear@10": 0.005114540497557785,
    "ndcg_exponential@1": 0.002,
    "ndcg_exponential@5": 0.0031309297535714576,
    "ndcg_exponential@10": 0.005114540497557785,
    "precision@1": 0.002,
    "precision@5": 0.0008,
    "precision@10": 0.001,
    "recall@1": 0.002,
    "recall@5": 0.004,
    "recall@10": 0.01,
    "f1@1": 0.002,
    "f1@5": 0.0013333333333333335,
    "f1@10": 0.0018181818181818182,
    "map@1": 0.002,
    "map@5": 0.002833333333333333,
    "map@10": 0.0036773809523809524,
    "mrr@1": 0.002,
    "mrr@5": 0.002833333333333333,
    "mrr@10": 0.0036773809523809524,
    "num_pred": 1000,
    "num_data": 1000
}