{
    "hit@1": 0.046,
    "hit@5": 0.159,
    "hit@10": 0.253,
    "ndcg_linear@1": 0.046,
    "ndcg_linear@5": 0.1032774230399077,
    "ndcg_linear@10": 0.13342438310797006,
    "ndcg_exponential@1": 0.046,
    "ndcg_exponential@5": 0.1032774230399077,
    "ndcg_exponential@10": 0.13342438310797006,
    "precision@1": 0.046,
    "precision@5": 0.0318,
    "precision@10": 0.0253,
    "recall@1": 0.046,
    "recall@5": 0.159,
    "recall@10": 0.253,
    "f1@1": 0.046,
    "f1@5": 0.053,
    "f1@10": 0.046,
    "map@1": 0.046,
    "map@5": 0.08505,
    "map@10": 0.09734682539682539,
    "mrr@1": 0.046,
    "mrr@5": 0.08505,
    "mrr@10": 0.09734682539682539,
    "num_pred": 1000,
    "num_data": 1000
}