{
    "hit@1": 0.619,
    "hit@5": 0.826,
    "hit@10": 0.898,
    "ndcg_linear@1": 0.619,
    "ndcg_linear@5": 0.7318640430602444,
    "ndcg_linear@10": 0.7555453429781409,
    "ndcg_exponential@1": 0.619,
    "ndcg_exponential@5": 0.7318640430602444,
    "ndcg_exponential@10": 0.7555453429781409,
    "precision@1": 0.619,
    "precision@5": 0.16519999999999999,
    "precision@10": 0.0898,
    "recall@1": 0.619,
    "recall@5": 0.826,
    "recall@10": 0.898,
    "f1@1": 0.619,
    "f1@5": 0.2753333333333334,
    "f1@10": 0.16327272727272726,
    "map@1": 0.619,
    "map@5": 0.7002999999999999,
    "map@10": 0.7103047619047618,
    "mrr@1": 0.619,
    "mrr@5": 0.7002999999999999,
    "mrr@10": 0.7103047619047618,
    "num_pred": 1000,
    "num_data": 1000
}