{
    "hit@1": 0.738,
    "hit@5": 0.94,
    "hit@10": 0.974,
    "ndcg_linear@1": 0.738,
    "ndcg_linear@5": 0.8504441570863784,
    "ndcg_linear@10": 0.8615984101684878,
    "ndcg_exponential@1": 0.738,
    "ndcg_exponential@5": 0.8504441570863784,
    "ndcg_exponential@10": 0.8615984101684878,
    "precision@1": 0.738,
    "precision@5": 0.18800000000000003,
    "precision@10": 0.09740000000000001,
    "recall@1": 0.738,
    "recall@5": 0.94,
    "recall@10": 0.974,
    "f1@1": 0.738,
    "f1@5": 0.3133333333333333,
    "f1@10": 0.17709090909090908,
    "map@1": 0.738,
    "map@5": 0.8201999999999999,
    "map@10": 0.8248968253968254,
    "mrr@1": 0.738,
    "mrr@5": 0.8201999999999999,
    "mrr@10": 0.8248968253968254,
    "num_pred": 1000,
    "num_data": 1000
}