{
    "hit@1": 0.171,
    "hit@5": 0.394,
    "hit@10": 0.658,
    "ndcg_linear@1": 0.171,
    "ndcg_linear@5": 0.28255806827385244,
    "ndcg_linear@10": 0.3675636365210132,
    "ndcg_exponential@1": 0.171,
    "ndcg_exponential@5": 0.28255806827385244,
    "ndcg_exponential@10": 0.3675636365210132,
    "precision@1": 0.171,
    "precision@5": 0.0788,
    "precision@10": 0.06579999999999998,
    "recall@1": 0.171,
    "recall@5": 0.394,
    "recall@10": 0.658,
    "f1@1": 0.171,
    "f1@5": 0.13133333333333336,
    "f1@10": 0.11963636363636365,
    "map@1": 0.171,
    "map@5": 0.24613333333333332,
    "map@10": 0.28100634920634915,
    "mrr@1": 0.171,
    "mrr@5": 0.24613333333333332,
    "mrr@10": 0.28100634920634915,
    "num_pred": 1000,
    "num_data": 1000
}