{
    "hit@1": 0.289,
    "hit@5": 0.534,
    "hit@10": 0.622,
    "ndcg_linear@1": 0.289,
    "ndcg_linear@5": 0.4183676291880677,
    "ndcg_linear@10": 0.44675685127009,
    "ndcg_exponential@1": 0.289,
    "ndcg_exponential@5": 0.4183676291880677,
    "ndcg_exponential@10": 0.44675685127009,
    "precision@1": 0.289,
    "precision@5": 0.10679999999999998,
    "precision@10": 0.0622,
    "recall@1": 0.289,
    "recall@5": 0.534,
    "recall@10": 0.622,
    "f1@1": 0.289,
    "f1@5": 0.17800000000000005,
    "f1@10": 0.11309090909090912,
    "map@1": 0.289,
    "map@5": 0.38001666666666667,
    "map@10": 0.3916952380952381,
    "mrr@1": 0.289,
    "mrr@5": 0.38001666666666667,
    "mrr@10": 0.3916952380952381,
    "num_pred": 1000,
    "num_data": 1000
}