{
    "hit@1": 0.475,
    "hit@5": 0.656,
    "hit@10": 0.722,
    "ndcg_linear@1": 0.475,
    "ndcg_linear@5": 0.5732578623947201,
    "ndcg_linear@10": 0.5947296128370081,
    "ndcg_exponential@1": 0.475,
    "ndcg_exponential@5": 0.5732578623947201,
    "ndcg_exponential@10": 0.5947296128370081,
    "precision@1": 0.475,
    "precision@5": 0.13119999999999998,
    "precision@10": 0.07219999999999999,
    "recall@1": 0.475,
    "recall@5": 0.656,
    "recall@10": 0.722,
    "f1@1": 0.475,
    "f1@5": 0.21866666666666673,
    "f1@10": 0.1312727272727273,
    "map@1": 0.475,
    "map@5": 0.54555,
    "map@10": 0.5544845238095238,
    "mrr@1": 0.475,
    "mrr@5": 0.54555,
    "mrr@10": 0.5544845238095238,
    "num_pred": 1000,
    "num_data": 1000
}