{
    "hit@1": 0.494,
    "hit@5": 0.708,
    "hit@10": 0.778,
    "ndcg_linear@1": 0.494,
    "ndcg_linear@5": 0.6076014322749228,
    "ndcg_linear@10": 0.6302514839599582,
    "ndcg_exponential@1": 0.494,
    "ndcg_exponential@5": 0.6076014322749228,
    "ndcg_exponential@10": 0.6302514839599582,
    "precision@1": 0.494,
    "precision@5": 0.1416,
    "precision@10": 0.0778,
    "recall@1": 0.494,
    "recall@5": 0.708,
    "recall@10": 0.778,
    "f1@1": 0.494,
    "f1@5": 0.23600000000000004,
    "f1@10": 0.1414545454545455,
    "map@1": 0.494,
    "map@5": 0.5741666666666666,
    "map@10": 0.5835246031746032,
    "mrr@1": 0.494,
    "mrr@5": 0.5741666666666666,
    "mrr@10": 0.5835246031746032,
    "num_pred": 1000,
    "num_data": 1000
}