{
    "hit@1": 0.202,
    "hit@5": 0.285,
    "hit@10": 0.567,
    "ndcg_linear@1": 0.202,
    "ndcg_linear@5": 0.24085835668543137,
    "ndcg_linear@10": 0.3296625432492518,
    "ndcg_exponential@1": 0.202,
    "ndcg_exponential@5": 0.24085835668543137,
    "ndcg_exponential@10": 0.3296625432492518,
    "precision@1": 0.202,
    "precision@5": 0.057,
    "precision@10": 0.056699999999999987,
    "recall@1": 0.202,
    "recall@5": 0.285,
    "recall@10": 0.567,
    "f1@1": 0.202,
    "f1@5": 0.09500000000000001,
    "f1@10": 0.10309090909090911,
    "map@1": 0.202,
    "map@5": 0.22669999999999998,
    "map@10": 0.26196269841269837,
    "mrr@1": 0.202,
    "mrr@5": 0.22669999999999998,
    "mrr@10": 0.26196269841269837,
    "num_pred": 1000,
    "num_data": 1000
}