{
    "hit@1": 0.551,
    "hit@5": 0.808,
    "hit@10": 0.881,
    "ndcg_linear@1": 0.551,
    "ndcg_linear@5": 0.689293121245978,
    "ndcg_linear@10": 0.712961319251363,
    "ndcg_exponential@1": 0.551,
    "ndcg_exponential@5": 0.689293121245978,
    "ndcg_exponential@10": 0.712961319251363,
    "precision@1": 0.551,
    "precision@5": 0.1616,
    "precision@10": 0.08810000000000001,
    "recall@1": 0.551,
    "recall@5": 0.808,
    "recall@10": 0.881,
    "f1@1": 0.551,
    "f1@5": 0.26933333333333337,
    "f1@10": 0.16018181818181818,
    "map@1": 0.551,
    "map@5": 0.6496166666666666,
    "map@10": 0.6594126984126985,
    "mrr@1": 0.551,
    "mrr@5": 0.6496166666666666,
    "mrr@10": 0.6594126984126985,
    "num_pred": 1000,
    "num_data": 1000
}