{
    "hit@1": 0.068,
    "hit@5": 0.172,
    "hit@10": 0.236,
    "ndcg_linear@1": 0.068,
    "ndcg_linear@5": 0.12083347821705118,
    "ndcg_linear@10": 0.14149109763235673,
    "ndcg_exponential@1": 0.068,
    "ndcg_exponential@5": 0.12083347821705118,
    "ndcg_exponential@10": 0.14149109763235673,
    "precision@1": 0.068,
    "precision@5": 0.0344,
    "precision@10": 0.023600000000000003,
    "recall@1": 0.068,
    "recall@5": 0.172,
    "recall@10": 0.236,
    "f1@1": 0.068,
    "f1@5": 0.05733333333333334,
    "f1@10": 0.042909090909090904,
    "map@1": 0.068,
    "map@5": 0.10406666666666667,
    "map@10": 0.11257341269841271,
    "mrr@1": 0.068,
    "mrr@5": 0.10406666666666667,
    "mrr@10": 0.11257341269841271,
    "num_pred": 1000,
    "num_data": 1000
}