{
    "hit@1": 0.383,
    "hit@5": 0.684,
    "hit@10": 0.782,
    "ndcg_linear@1": 0.383,
    "ndcg_linear@5": 0.5409079170346601,
    "ndcg_linear@10": 0.57252817448669,
    "ndcg_exponential@1": 0.383,
    "ndcg_exponential@5": 0.5409079170346601,
    "ndcg_exponential@10": 0.57252817448669,
    "precision@1": 0.383,
    "precision@5": 0.1368,
    "precision@10": 0.0782,
    "recall@1": 0.383,
    "recall@5": 0.684,
    "recall@10": 0.782,
    "f1@1": 0.383,
    "f1@5": 0.22800000000000006,
    "f1@10": 0.1421818181818182,
    "map@1": 0.383,
    "map@5": 0.49349999999999994,
    "map@10": 0.5065087301587301,
    "mrr@1": 0.383,
    "mrr@5": 0.49349999999999994,
    "mrr@10": 0.5065087301587301,
    "num_pred": 1000,
    "num_data": 1000
}