{
    "hit@1": 0.497,
    "hit@5": 0.799,
    "hit@10": 0.892,
    "ndcg_linear@1": 0.497,
    "ndcg_linear@5": 0.6587917774620075,
    "ndcg_linear@10": 0.6892584706587981,
    "ndcg_exponential@1": 0.497,
    "ndcg_exponential@5": 0.6587917774620075,
    "ndcg_exponential@10": 0.6892584706587981,
    "precision@1": 0.497,
    "precision@5": 0.1598,
    "precision@10": 0.0892,
    "recall@1": 0.497,
    "recall@5": 0.799,
    "recall@10": 0.892,
    "f1@1": 0.497,
    "f1@5": 0.26633333333333337,
    "f1@10": 0.16218181818181818,
    "map@1": 0.497,
    "map@5": 0.612,
    "map@10": 0.6247960317460317,
    "mrr@1": 0.497,
    "mrr@5": 0.612,
    "mrr@10": 0.6247960317460317,
    "num_pred": 1000,
    "num_data": 1000
}