{
    "hit@1": 0.001,
    "hit@5": 0.003,
    "hit@10": 0.011,
    "ndcg_linear@1": 0.001,
    "ndcg_linear@5": 0.002,
    "ndcg_linear@10": 0.004549841200951785,
    "ndcg_exponential@1": 0.001,
    "ndcg_exponential@5": 0.002,
    "ndcg_exponential@10": 0.004549841200951785,
    "precision@1": 0.001,
    "precision@5": 0.0006000000000000001,
    "precision@10": 0.0011,
    "recall@1": 0.001,
    "recall@5": 0.003,
    "recall@10": 0.011,
    "f1@1": 0.001,
    "f1@5": 0.001,
    "f1@10": 0.002,
    "map@1": 0.001,
    "map@5": 0.0016666666666666666,
    "map@10": 0.0027,
    "mrr@1": 0.001,
    "mrr@5": 0.0016666666666666666,
    "mrr@10": 0.0027,
    "num_pred": 1000,
    "num_data": 1000
}