{
    "hit@1": 0.005,
    "hit@5": 0.01,
    "hit@10": 0.02,
    "ndcg_linear@1": 0.005,
    "ndcg_linear@5": 0.007135058730615869,
    "ndcg_linear@10": 0.010543498223034286,
    "ndcg_exponential@1": 0.005,
    "ndcg_exponential@5": 0.007135058730615869,
    "ndcg_exponential@10": 0.010543498223034286,
    "precision@1": 0.005,
    "precision@5": 0.002,
    "precision@10": 0.002,
    "recall@1": 0.005,
    "recall@5": 0.01,
    "recall@10": 0.02,
    "f1@1": 0.005,
    "f1@5": 0.003333333333333334,
    "f1@10": 0.003636363636363637,
    "map@1": 0.005,
    "map@5": 0.006233333333333334,
    "map@10": 0.007744047619047618,
    "mrr@1": 0.005,
    "mrr@5": 0.006233333333333334,
    "mrr@10": 0.007744047619047618,
    "num_pred": 1000,
    "num_data": 1000
}