{
    "hit@1": 0.01,
    "hit@5": 0.042,
    "hit@10": 0.074,
    "ndcg_linear@1": 0.01,
    "ndcg_linear@5": 0.02608354397399073,
    "ndcg_linear@10": 0.03659095322087288,
    "ndcg_exponential@1": 0.01,
    "ndcg_exponential@5": 0.02608354397399073,
    "ndcg_exponential@10": 0.03659095322087288,
    "precision@1": 0.01,
    "precision@5": 0.008400000000000001,
    "precision@10": 0.0074,
    "recall@1": 0.01,
    "recall@5": 0.042,
    "recall@10": 0.074,
    "f1@1": 0.01,
    "f1@5": 0.014,
    "f1@10": 0.013454545454545453,
    "map@1": 0.01,
    "map@5": 0.02086666666666667,
    "map@10": 0.02529484126984127,
    "mrr@1": 0.01,
    "mrr@5": 0.02086666666666667,
    "mrr@10": 0.02529484126984127,
    "num_pred": 1000,
    "num_data": 1000
}