{
    "hit@1": 0.303,
    "hit@5": 0.578,
    "hit@10": 0.67,
    "ndcg_linear@1": 0.303,
    "ndcg_linear@5": 0.4524553832131413,
    "ndcg_linear@10": 0.48233756691562757,
    "ndcg_exponential@1": 0.303,
    "ndcg_exponential@5": 0.4524553832131413,
    "ndcg_exponential@10": 0.48233756691562757,
    "precision@1": 0.303,
    "precision@5": 0.1156,
    "precision@10": 0.067,
    "recall@1": 0.303,
    "recall@5": 0.578,
    "recall@10": 0.67,
    "f1@1": 0.303,
    "f1@5": 0.1926666666666667,
    "f1@10": 0.12181818181818184,
    "map@1": 0.303,
    "map@5": 0.4104,
    "map@10": 0.4228099206349206,
    "mrr@1": 0.303,
    "mrr@5": 0.4104,
    "mrr@10": 0.4228099206349206,
    "num_pred": 1000,
    "num_data": 1000
}