{
    "hit@1": 0.61,
    "hit@5": 0.881,
    "hit@10": 0.941,
    "ndcg_linear@1": 0.61,
    "ndcg_linear@5": 0.7583837121461103,
    "ndcg_linear@10": 0.7780769637184185,
    "ndcg_exponential@1": 0.61,
    "ndcg_exponential@5": 0.7583837121461103,
    "ndcg_exponential@10": 0.7780769637184185,
    "precision@1": 0.61,
    "precision@5": 0.1762,
    "precision@10": 0.0941,
    "recall@1": 0.61,
    "recall@5": 0.881,
    "recall@10": 0.941,
    "f1@1": 0.61,
    "f1@5": 0.2936666666666667,
    "f1@10": 0.17109090909090907,
    "map@1": 0.61,
    "map@5": 0.7171333333333333,
    "map@10": 0.7254226190476191,
    "mrr@1": 0.61,
    "mrr@5": 0.7171333333333333,
    "mrr@10": 0.7254226190476191,
    "num_pred": 1000,
    "num_data": 1000
}