{
    "hit@1": 0.573,
    "hit@5": 0.876,
    "hit@10": 0.947,
    "ndcg_linear@1": 0.573,
    "ndcg_linear@5": 0.7348131475009126,
    "ndcg_linear@10": 0.758188412025918,
    "ndcg_exponential@1": 0.573,
    "ndcg_exponential@5": 0.7348131475009126,
    "ndcg_exponential@10": 0.758188412025918,
    "precision@1": 0.573,
    "precision@5": 0.17520000000000002,
    "precision@10": 0.09470000000000002,
    "recall@1": 0.573,
    "recall@5": 0.876,
    "recall@10": 0.947,
    "f1@1": 0.573,
    "f1@5": 0.292,
    "f1@10": 0.17218181818181816,
    "map@1": 0.573,
    "map@5": 0.6877833333333333,
    "map@10": 0.6976710317460316,
    "mrr@1": 0.573,
    "mrr@5": 0.6877833333333333,
    "mrr@10": 0.6976710317460316,
    "num_pred": 1000,
    "num_data": 1000
}