{
    "hit@1": 0.09,
    "hit@5": 0.219,
    "hit@10": 0.423,
    "ndcg_linear@1": 0.09,
    "ndcg_linear@5": 0.15278082686326883,
    "ndcg_linear@10": 0.21986952359351447,
    "ndcg_exponential@1": 0.09,
    "ndcg_exponential@5": 0.15278082686326883,
    "ndcg_exponential@10": 0.21986952359351447,
    "precision@1": 0.09,
    "precision@5": 0.043800000000000006,
    "precision@10": 0.0423,
    "recall@1": 0.09,
    "recall@5": 0.219,
    "recall@10": 0.423,
    "f1@1": 0.09,
    "f1@5": 0.07300000000000001,
    "f1@10": 0.07690909090909093,
    "map@1": 0.09,
    "map@5": 0.13133333333333333,
    "map@10": 0.1596642857142857,
    "mrr@1": 0.09,
    "mrr@5": 0.13133333333333333,
    "mrr@10": 0.1596642857142857,
    "num_pred": 1000,
    "num_data": 1000
}