{
    "hit@1": 0.181,
    "hit@5": 0.368,
    "hit@10": 0.45,
    "ndcg_linear@1": 0.181,
    "ndcg_linear@5": 0.27772239917866964,
    "ndcg_linear@10": 0.30465796506228887,
    "ndcg_exponential@1": 0.181,
    "ndcg_exponential@5": 0.27772239917866964,
    "ndcg_exponential@10": 0.30465796506228887,
    "precision@1": 0.181,
    "precision@5": 0.0736,
    "precision@10": 0.045,
    "recall@1": 0.181,
    "recall@5": 0.368,
    "recall@10": 0.45,
    "f1@1": 0.181,
    "f1@5": 0.12266666666666669,
    "f1@10": 0.08181818181818185,
    "map@1": 0.181,
    "map@5": 0.24798333333333336,
    "map@10": 0.25934801587301587,
    "mrr@1": 0.181,
    "mrr@5": 0.24798333333333336,
    "mrr@10": 0.25934801587301587,
    "num_pred": 1000,
    "num_data": 1000
}