{
    "hit@1": 0.127,
    "hit@5": 0.298,
    "hit@10": 0.388,
    "ndcg_linear@1": 0.127,
    "ndcg_linear@5": 0.21951267632599744,
    "ndcg_linear@10": 0.24865267739157854,
    "ndcg_exponential@1": 0.127,
    "ndcg_exponential@5": 0.21951267632599744,
    "ndcg_exponential@10": 0.24865267739157854,
    "precision@1": 0.127,
    "precision@5": 0.05959999999999999,
    "precision@10": 0.038799999999999994,
    "recall@1": 0.127,
    "recall@5": 0.298,
    "recall@10": 0.388,
    "f1@1": 0.127,
    "f1@5": 0.09933333333333334,
    "f1@10": 0.07054545454545456,
    "map@1": 0.127,
    "map@5": 0.19326666666666664,
    "map@10": 0.20531626984126986,
    "mrr@1": 0.127,
    "mrr@5": 0.19326666666666664,
    "mrr@10": 0.20531626984126986,
    "num_pred": 1000,
    "num_data": 1000
}