{
    "hit@1": 0.325,
    "hit@5": 0.544,
    "hit@10": 0.632,
    "ndcg_linear@1": 0.325,
    "ndcg_linear@5": 0.4425560108268821,
    "ndcg_linear@10": 0.47100409489198464,
    "ndcg_exponential@1": 0.325,
    "ndcg_exponential@5": 0.4425560108268821,
    "ndcg_exponential@10": 0.47100409489198464,
    "precision@1": 0.325,
    "precision@5": 0.10879999999999998,
    "precision@10": 0.06319999999999999,
    "recall@1": 0.325,
    "recall@5": 0.544,
    "recall@10": 0.632,
    "f1@1": 0.325,
    "f1@5": 0.18133333333333337,
    "f1@10": 0.11490909090909092,
    "map@1": 0.325,
    "map@5": 0.4087,
    "map@10": 0.4204329365079365,
    "mrr@1": 0.325,
    "mrr@5": 0.4087,
    "mrr@10": 0.4204329365079365,
    "num_pred": 1000,
    "num_data": 1000
}