{
    "hit@1": 0.154,
    "hit@5": 0.218,
    "hit@10": 0.304,
    "ndcg_linear@1": 0.154,
    "ndcg_linear@5": 0.18747029285024958,
    "ndcg_linear@10": 0.21261745491948084,
    "ndcg_exponential@1": 0.154,
    "ndcg_exponential@5": 0.18747029285024958,
    "ndcg_exponential@10": 0.21261745491948084,
    "precision@1": 0.154,
    "precision@5": 0.0436,
    "precision@10": 0.0304,
    "recall@1": 0.154,
    "recall@5": 0.218,
    "recall@10": 0.304,
    "f1@1": 0.154,
    "f1@5": 0.07266666666666668,
    "f1@10": 0.05527272727272728,
    "map@1": 0.154,
    "map@5": 0.17735,
    "map@10": 0.18623015873015875,
    "mrr@1": 0.154,
    "mrr@5": 0.17735,
    "mrr@10": 0.18623015873015875,
    "num_pred": 1000,
    "num_data": 1000
}