{
    "hit@1": 0.242,
    "hit@5": 0.446,
    "hit@10": 0.542,
    "ndcg_linear@1": 0.242,
    "ndcg_linear@5": 0.3491974939106559,
    "ndcg_linear@10": 0.38020080712702803,
    "ndcg_exponential@1": 0.242,
    "ndcg_exponential@5": 0.3491974939106559,
    "ndcg_exponential@10": 0.38020080712702803,
    "precision@1": 0.242,
    "precision@5": 0.08919999999999999,
    "precision@10": 0.0542,
    "recall@1": 0.242,
    "recall@5": 0.446,
    "recall@10": 0.542,
    "f1@1": 0.242,
    "f1@5": 0.1486666666666667,
    "f1@10": 0.09854545454545456,
    "map@1": 0.242,
    "map@5": 0.31715,
    "map@10": 0.32991944444444443,
    "mrr@1": 0.242,
    "mrr@5": 0.31715,
    "mrr@10": 0.32991944444444443,
    "num_pred": 1000,
    "num_data": 1000
}