{
    "hit@1": 0.0,
    "hit@5": 0.0,
    "hit@10": 0.002,
    "ndcg_linear@1": 0.0,
    "ndcg_linear@5": 0.0,
    "ndcg_linear@10": 0.0006045297031036167,
    "ndcg_exponential@1": 0.0,
    "ndcg_exponential@5": 0.0,
    "ndcg_exponential@10": 0.0006045297031036167,
    "precision@1": 0.0,
    "precision@5": 0.0,
    "precision@10": 0.0002,
    "recall@1": 0.0,
    "recall@5": 0.0,
    "recall@10": 0.002,
    "f1@1": 0.0,
    "f1@5": 0.0,
    "f1@10": 0.00036363636363636367,
    "map@1": 0.0,
    "map@5": 0.0,
    "map@10": 0.000225,
    "mrr@1": 0.0,
    "mrr@5": 0.0,
    "mrr@10": 0.000225,
    "num_pred": 1000,
    "num_data": 1000
}