{
    "hit@1": 0.0,
    "hit@5": 0.008,
    "hit@10": 0.014,
    "ndcg_linear@1": 0.0,
    "ndcg_linear@5": 0.003609017540583017,
    "ndcg_linear@10": 0.005464405445133659,
    "ndcg_exponential@1": 0.0,
    "ndcg_exponential@5": 0.003609017540583017,
    "ndcg_exponential@10": 0.005464405445133659,
    "precision@1": 0.0,
    "precision@5": 0.0016,
    "precision@10": 0.0014000000000000002,
    "recall@1": 0.0,
    "recall@5": 0.008,
    "recall@10": 0.014,
    "f1@1": 0.0,
    "f1@5": 0.002666666666666667,
    "f1@10": 0.0025454545454545456,
    "map@1": 0.0,
    "map@5": 0.0022166666666666667,
    "map@10": 0.0029317460317460314,
    "mrr@1": 0.0,
    "mrr@5": 0.0022166666666666667,
    "mrr@10": 0.0029317460317460314,
    "num_pred": 1000,
    "num_data": 1000
}