{
    "hit@1": 0.275,
    "hit@5": 0.528,
    "hit@10": 0.627,
    "ndcg_linear@1": 0.275,
    "ndcg_linear@5": 0.4082237442047844,
    "ndcg_linear@10": 0.44028141560076495,
    "ndcg_exponential@1": 0.275,
    "ndcg_exponential@5": 0.4082237442047844,
    "ndcg_exponential@10": 0.44028141560076495,
    "precision@1": 0.275,
    "precision@5": 0.1056,
    "precision@10": 0.06269999999999999,
    "recall@1": 0.275,
    "recall@5": 0.528,
    "recall@10": 0.627,
    "f1@1": 0.275,
    "f1@5": 0.17600000000000005,
    "f1@10": 0.11400000000000003,
    "map@1": 0.275,
    "map@5": 0.3684666666666667,
    "map@10": 0.3817337301587302,
    "mrr@1": 0.275,
    "mrr@5": 0.3684666666666667,
    "mrr@10": 0.3817337301587302,
    "num_pred": 1000,
    "num_data": 1000
}