{
    "hit@1": 0.509,
    "hit@5": 0.753,
    "hit@10": 0.834,
    "ndcg_linear@1": 0.509,
    "ndcg_linear@5": 0.6384509654082389,
    "ndcg_linear@10": 0.664526254272751,
    "ndcg_exponential@1": 0.509,
    "ndcg_exponential@5": 0.6384509654082389,
    "ndcg_exponential@10": 0.664526254272751,
    "precision@1": 0.509,
    "precision@5": 0.15059999999999998,
    "precision@10": 0.0834,
    "recall@1": 0.509,
    "recall@5": 0.753,
    "recall@10": 0.834,
    "f1@1": 0.509,
    "f1@5": 0.25100000000000006,
    "f1@10": 0.15163636363636365,
    "map@1": 0.509,
    "map@5": 0.6002833333333333,
    "map@10": 0.610972619047619,
    "mrr@1": 0.509,
    "mrr@5": 0.6002833333333333,
    "mrr@10": 0.610972619047619,
    "num_pred": 1000,
    "num_data": 1000
}