{
    "hit@1": 0.632,
    "hit@5": 0.887,
    "hit@10": 0.942,
    "ndcg_linear@1": 0.632,
    "ndcg_linear@5": 0.7687040515868433,
    "ndcg_linear@10": 0.7865290508151715,
    "ndcg_exponential@1": 0.632,
    "ndcg_exponential@5": 0.7687040515868433,
    "ndcg_exponential@10": 0.7865290508151715,
    "precision@1": 0.632,
    "precision@5": 0.1774,
    "precision@10": 0.09420000000000002,
    "recall@1": 0.632,
    "recall@5": 0.887,
    "recall@10": 0.942,
    "f1@1": 0.632,
    "f1@5": 0.2956666666666667,
    "f1@10": 0.17127272727272724,
    "map@1": 0.632,
    "map@5": 0.7291833333333334,
    "map@10": 0.7365607142857143,
    "mrr@1": 0.632,
    "mrr@5": 0.7291833333333334,
    "mrr@10": 0.7365607142857143,
    "num_pred": 1000,
    "num_data": 1000
}