{
    "hit@1": 0.078,
    "hit@5": 0.211,
    "hit@10": 0.291,
    "ndcg_linear@1": 0.078,
    "ndcg_linear@5": 0.14331442900361682,
    "ndcg_linear@10": 0.16911393881674797,
    "ndcg_exponential@1": 0.078,
    "ndcg_exponential@5": 0.14331442900361682,
    "ndcg_exponential@10": 0.16911393881674797,
    "precision@1": 0.078,
    "precision@5": 0.0422,
    "precision@10": 0.0291,
    "recall@1": 0.078,
    "recall@5": 0.211,
    "recall@10": 0.291,
    "f1@1": 0.078,
    "f1@5": 0.07033333333333334,
    "f1@10": 0.05290909090909091,
    "map@1": 0.078,
    "map@5": 0.12126666666666665,
    "map@10": 0.13187420634920632,
    "mrr@1": 0.078,
    "mrr@5": 0.12126666666666665,
    "mrr@10": 0.13187420634920632,
    "num_pred": 1000,
    "num_data": 1000
}