{
    "hit@1": 0.708,
    "hit@5": 0.911,
    "hit@10": 0.95,
    "ndcg_linear@1": 0.708,
    "ndcg_linear@5": 0.8195317777884227,
    "ndcg_linear@10": 0.8323322007739323,
    "ndcg_exponential@1": 0.708,
    "ndcg_exponential@5": 0.8195317777884227,
    "ndcg_exponential@10": 0.8323322007739323,
    "precision@1": 0.708,
    "precision@5": 0.18220000000000003,
    "precision@10": 0.095,
    "recall@1": 0.708,
    "recall@5": 0.911,
    "recall@10": 0.95,
    "f1@1": 0.708,
    "f1@5": 0.3036666666666667,
    "f1@10": 0.17272727272727273,
    "map@1": 0.708,
    "map@5": 0.7887666666666666,
    "map@10": 0.7941595238095238,
    "mrr@1": 0.708,
    "mrr@5": 0.7887666666666666,
    "mrr@10": 0.7941595238095238,
    "num_pred": 1000,
    "num_data": 1000
}