{
    "hit@1": 0.601,
    "hit@5": 0.877,
    "hit@10": 0.949,
    "ndcg_linear@1": 0.601,
    "ndcg_linear@5": 0.7518756358213454,
    "ndcg_linear@10": 0.7754987476879885,
    "ndcg_exponential@1": 0.601,
    "ndcg_exponential@5": 0.7518756358213454,
    "ndcg_exponential@10": 0.7754987476879885,
    "precision@1": 0.601,
    "precision@5": 0.17540000000000003,
    "precision@10": 0.09490000000000001,
    "recall@1": 0.601,
    "recall@5": 0.877,
    "recall@10": 0.949,
    "f1@1": 0.601,
    "f1@5": 0.2923333333333334,
    "f1@10": 0.17254545454545453,
    "map@1": 0.601,
    "map@5": 0.7099166666666668,
    "map@10": 0.7198682539682539,
    "mrr@1": 0.601,
    "mrr@5": 0.7099166666666668,
    "mrr@10": 0.7198682539682539,
    "num_pred": 1000,
    "num_data": 1000
}