{
    "hit@1": 0.616,
    "hit@5": 0.873,
    "hit@10": 0.945,
    "ndcg_linear@1": 0.616,
    "ndcg_linear@5": 0.7560496387227151,
    "ndcg_linear@10": 0.7796161601710557,
    "ndcg_exponential@1": 0.616,
    "ndcg_exponential@5": 0.7560496387227151,
    "ndcg_exponential@10": 0.7796161601710557,
    "precision@1": 0.616,
    "precision@5": 0.17460000000000003,
    "precision@10": 0.09450000000000001,
    "recall@1": 0.616,
    "recall@5": 0.873,
    "recall@10": 0.945,
    "f1@1": 0.616,
    "f1@5": 0.291,
    "f1@10": 0.17181818181818181,
    "map@1": 0.616,
    "map@5": 0.71685,
    "map@10": 0.7267416666666666,
    "mrr@1": 0.616,
    "mrr@5": 0.71685,
    "mrr@10": 0.7267416666666666,
    "num_pred": 1000,
    "num_data": 1000
}