{
    "hit@1": 0.146,
    "hit@5": 0.388,
    "hit@10": 0.579,
    "ndcg_linear@1": 0.146,
    "ndcg_linear@5": 0.2682339570251439,
    "ndcg_linear@10": 0.32951101273089695,
    "ndcg_exponential@1": 0.146,
    "ndcg_exponential@5": 0.2682339570251439,
    "ndcg_exponential@10": 0.32951101273089695,
    "precision@1": 0.146,
    "precision@5": 0.07759999999999999,
    "precision@10": 0.0579,
    "recall@1": 0.146,
    "recall@5": 0.388,
    "recall@10": 0.579,
    "f1@1": 0.146,
    "f1@5": 0.12933333333333338,
    "f1@10": 0.1052727272727273,
    "map@1": 0.146,
    "map@5": 0.22901666666666665,
    "map@10": 0.2540313492063492,
    "mrr@1": 0.146,
    "mrr@5": 0.22901666666666665,
    "mrr@10": 0.2540313492063492,
    "num_pred": 1000,
    "num_data": 1000
}