{
    "hit@1": 0.195,
    "hit@5": 0.432,
    "hit@10": 0.537,
    "ndcg_linear@1": 0.195,
    "ndcg_linear@5": 0.32096658197326444,
    "ndcg_linear@10": 0.3552319017651446,
    "ndcg_exponential@1": 0.195,
    "ndcg_exponential@5": 0.32096658197326444,
    "ndcg_exponential@10": 0.3552319017651446,
    "precision@1": 0.195,
    "precision@5": 0.0864,
    "precision@10": 0.05369999999999999,
    "recall@1": 0.195,
    "recall@5": 0.432,
    "recall@10": 0.537,
    "f1@1": 0.195,
    "f1@5": 0.14400000000000004,
    "f1@10": 0.09763636363636366,
    "map@1": 0.195,
    "map@5": 0.28405,
    "map@10": 0.29838174603174605,
    "mrr@1": 0.195,
    "mrr@5": 0.28405,
    "mrr@10": 0.29838174603174605,
    "num_pred": 1000,
    "num_data": 1000
}