{
    "hit@1": 0.595,
    "hit@5": 0.815,
    "hit@10": 0.866,
    "ndcg_linear@1": 0.595,
    "ndcg_linear@5": 0.7134541689176358,
    "ndcg_linear@10": 0.7301507221180183,
    "ndcg_exponential@1": 0.595,
    "ndcg_exponential@5": 0.7134541689176358,
    "ndcg_exponential@10": 0.7301507221180183,
    "precision@1": 0.595,
    "precision@5": 0.16300000000000003,
    "precision@10": 0.08660000000000001,
    "recall@1": 0.595,
    "recall@5": 0.815,
    "recall@10": 0.866,
    "f1@1": 0.595,
    "f1@5": 0.2716666666666667,
    "f1@10": 0.15745454545454543,
    "map@1": 0.595,
    "map@5": 0.6795,
    "map@10": 0.686506746031746,
    "mrr@1": 0.595,
    "mrr@5": 0.6795,
    "mrr@10": 0.686506746031746,
    "num_pred": 1000,
    "num_data": 1000
}