{
    "hit@1": 0.626,
    "hit@5": 0.839,
    "hit@10": 0.89,
    "ndcg_linear@1": 0.626,
    "ndcg_linear@5": 0.7427410134165549,
    "ndcg_linear@10": 0.759400257882041,
    "ndcg_exponential@1": 0.626,
    "ndcg_exponential@5": 0.7427410134165549,
    "ndcg_exponential@10": 0.759400257882041,
    "precision@1": 0.626,
    "precision@5": 0.1678,
    "precision@10": 0.089,
    "recall@1": 0.626,
    "recall@5": 0.839,
    "recall@10": 0.89,
    "f1@1": 0.626,
    "f1@5": 0.2796666666666667,
    "f1@10": 0.1618181818181818,
    "map@1": 0.626,
    "map@5": 0.7104166666666667,
    "map@10": 0.7173857142857144,
    "mrr@1": 0.626,
    "mrr@5": 0.7104166666666667,
    "mrr@10": 0.7173857142857144,
    "num_pred": 1000,
    "num_data": 1000
}