{
    "hit@1": 0.286,
    "hit@5": 0.711,
    "hit@10": 0.88,
    "ndcg_linear@1": 0.286,
    "ndcg_linear@5": 0.508027620553337,
    "ndcg_linear@10": 0.5610908447906345,
    "ndcg_exponential@1": 0.286,
    "ndcg_exponential@5": 0.508027620553337,
    "ndcg_exponential@10": 0.5610908447906345,
    "precision@1": 0.286,
    "precision@5": 0.1422,
    "precision@10": 0.088,
    "recall@1": 0.286,
    "recall@5": 0.711,
    "recall@10": 0.88,
    "f1@1": 0.286,
    "f1@5": 0.23700000000000004,
    "f1@10": 0.16,
    "map@1": 0.286,
    "map@5": 0.4406333333333333,
    "map@10": 0.46161269841269836,
    "mrr@1": 0.286,
    "mrr@5": 0.4406333333333333,
    "mrr@10": 0.46161269841269836,
    "num_pred": 1000,
    "num_data": 1000
}