{
    "hit@1": 0.559,
    "hit@5": 0.809,
    "hit@10": 0.876,
    "ndcg_linear@1": 0.559,
    "ndcg_linear@5": 0.6943155749579115,
    "ndcg_linear@10": 0.7160208964556585,
    "ndcg_exponential@1": 0.559,
    "ndcg_exponential@5": 0.6943155749579115,
    "ndcg_exponential@10": 0.7160208964556585,
    "precision@1": 0.559,
    "precision@5": 0.1618,
    "precision@10": 0.08760000000000001,
    "recall@1": 0.559,
    "recall@5": 0.809,
    "recall@10": 0.876,
    "f1@1": 0.559,
    "f1@5": 0.2696666666666667,
    "f1@10": 0.15927272727272726,
    "map@1": 0.559,
    "map@5": 0.6558833333333334,
    "map@10": 0.6648654761904761,
    "mrr@1": 0.559,
    "mrr@5": 0.6558833333333334,
    "mrr@10": 0.6648654761904761,
    "num_pred": 1000,
    "num_data": 1000
}