{
    "hit@1": 0.032,
    "hit@5": 0.087,
    "hit@10": 0.135,
    "ndcg_linear@1": 0.032,
    "ndcg_linear@5": 0.060425359977025056,
    "ndcg_linear@10": 0.07570962952877214,
    "ndcg_exponential@1": 0.032,
    "ndcg_exponential@5": 0.060425359977025056,
    "ndcg_exponential@10": 0.07570962952877214,
    "precision@1": 0.032,
    "precision@5": 0.0174,
    "precision@10": 0.0135,
    "recall@1": 0.032,
    "recall@5": 0.087,
    "recall@10": 0.135,
    "f1@1": 0.032,
    "f1@5": 0.029000000000000005,
    "f1@10": 0.024545454545454547,
    "map@1": 0.032,
    "map@5": 0.05165,
    "map@10": 0.0578202380952381,
    "mrr@1": 0.032,
    "mrr@5": 0.05165,
    "mrr@10": 0.0578202380952381,
    "num_pred": 1000,
    "num_data": 1000
}