{
    "hit@1": 0.002,
    "hit@5": 0.034,
    "hit@10": 0.077,
    "ndcg_linear@1": 0.002,
    "ndcg_linear@5": 0.017405743815288168,
    "ndcg_linear@10": 0.031189326801467188,
    "ndcg_exponential@1": 0.002,
    "ndcg_exponential@5": 0.017405743815288168,
    "ndcg_exponential@10": 0.031189326801467188,
    "precision@1": 0.002,
    "precision@5": 0.0068000000000000005,
    "precision@10": 0.0077,
    "recall@1": 0.002,
    "recall@5": 0.034,
    "recall@10": 0.077,
    "f1@1": 0.002,
    "f1@5": 0.011333333333333336,
    "f1@10": 0.014,
    "map@1": 0.002,
    "map@5": 0.012033333333333333,
    "map@10": 0.017653571428571428,
    "mrr@1": 0.002,
    "mrr@5": 0.012033333333333333,
    "mrr@10": 0.017653571428571428,
    "num_pred": 1000,
    "num_data": 1000
}