{
    "hit@1": 0.0,
    "hit@5": 0.007,
    "hit@10": 0.01,
    "ndcg_linear@1": 0.0,
    "ndcg_linear@5": 0.004016001884004074,
    "ndcg_linear@10": 0.005061749591553451,
    "ndcg_exponential@1": 0.0,
    "ndcg_exponential@5": 0.004016001884004074,
    "ndcg_exponential@10": 0.005061749591553451,
    "precision@1": 0.0,
    "precision@5": 0.0014000000000000002,
    "precision@10": 0.001,
    "recall@1": 0.0,
    "recall@5": 0.007,
    "recall@10": 0.01,
    "f1@1": 0.0,
    "f1@5": 0.0023333333333333335,
    "f1@10": 0.0018181818181818182,
    "map@1": 0.0,
    "map@5": 0.003,
    "map@10": 0.003476190476190476,
    "mrr@1": 0.0,
    "mrr@5": 0.003,
    "mrr@10": 0.003476190476190476,
    "num_pred": 1000,
    "num_data": 1000
}