{
    "hit@1": 0.0,
    "hit@5": 0.004,
    "hit@10": 0.008,
    "ndcg_linear@1": 0.0,
    "ndcg_linear@5": 0.0016605584217036248,
    "ndcg_linear@10": 0.002905354741006067,
    "ndcg_exponential@1": 0.0,
    "ndcg_exponential@5": 0.0016605584217036248,
    "ndcg_exponential@10": 0.002905354741006067,
    "precision@1": 0.0,
    "precision@5": 0.0008,
    "precision@10": 0.0008,
    "recall@1": 0.0,
    "recall@5": 0.004,
    "recall@10": 0.008,
    "f1@1": 0.0,
    "f1@5": 0.0013333333333333335,
    "f1@10": 0.0014545454545454547,
    "map@1": 0.0,
    "map@5": 0.0009333333333333333,
    "map@10": 0.001419047619047619,
    "mrr@1": 0.0,
    "mrr@5": 0.0009333333333333333,
    "mrr@10": 0.001419047619047619,
    "num_pred": 1000,
    "num_data": 1000
}