{
    "hit@1": 0.015,
    "hit@5": 0.048,
    "hit@10": 0.068,
    "ndcg_linear@1": 0.015,
    "ndcg_linear@5": 0.03122686133383345,
    "ndcg_linear@10": 0.037695706603432855,
    "ndcg_exponential@1": 0.015,
    "ndcg_exponential@5": 0.03122686133383345,
    "ndcg_exponential@10": 0.037695706603432855,
    "precision@1": 0.015,
    "precision@5": 0.0096,
    "precision@10": 0.0068000000000000005,
    "recall@1": 0.015,
    "recall@5": 0.048,
    "recall@10": 0.068,
    "f1@1": 0.015,
    "f1@5": 0.016,
    "f1@10": 0.012363636363636363,
    "map@1": 0.015,
    "map@5": 0.025749999999999995,
    "map@10": 0.028421031746031743,
    "mrr@1": 0.015,
    "mrr@5": 0.025749999999999995,
    "mrr@10": 0.028421031746031743,
    "num_pred": 1000,
    "num_data": 1000
}