{
    "hit@1": 0.002,
    "hit@5": 0.007,
    "hit@10": 0.011,
    "ndcg_linear@1": 0.002,
    "ndcg_linear@5": 0.004535565121611998,
    "ndcg_linear@10": 0.0057719884419372754,
    "ndcg_exponential@1": 0.002,
    "ndcg_exponential@5": 0.004535565121611998,
    "ndcg_exponential@10": 0.0057719884419372754,
    "precision@1": 0.002,
    "precision@5": 0.0014,
    "precision@10": 0.0011,
    "recall@1": 0.002,
    "recall@5": 0.007,
    "recall@10": 0.011,
    "f1@1": 0.002,
    "f1@5": 0.0023333333333333335,
    "f1@10": 0.002,
    "map@1": 0.002,
    "map@5": 0.003733333333333333,
    "map@10": 0.004209523809523809,
    "mrr@1": 0.002,
    "mrr@5": 0.003733333333333333,
    "mrr@10": 0.004209523809523809,
    "num_pred": 1000,
    "num_data": 1000
}