{
    "hit@1": 0.023,
    "hit@5": 0.098,
    "hit@10": 0.15,
    "ndcg_linear@1": 0.023,
    "ndcg_linear@5": 0.06032999466992756,
    "ndcg_linear@10": 0.07672641361487385,
    "ndcg_exponential@1": 0.023,
    "ndcg_exponential@5": 0.06032999466992756,
    "ndcg_exponential@10": 0.07672641361487385,
    "precision@1": 0.023,
    "precision@5": 0.019600000000000003,
    "precision@10": 0.015,
    "recall@1": 0.023,
    "recall@5": 0.098,
    "recall@10": 0.15,
    "f1@1": 0.023,
    "f1@5": 0.03266666666666667,
    "f1@10": 0.027272727272727275,
    "map@1": 0.023,
    "map@5": 0.04803333333333333,
    "map@10": 0.05455833333333332,
    "mrr@1": 0.023,
    "mrr@5": 0.04803333333333333,
    "mrr@10": 0.05455833333333332,
    "num_pred": 1000,
    "num_data": 1000
}