{
    "hit@1": 0.142,
    "hit@5": 0.357,
    "hit@10": 0.506,
    "ndcg_linear@1": 0.142,
    "ndcg_linear@5": 0.25330632847163886,
    "ndcg_linear@10": 0.301125844658078,
    "ndcg_exponential@1": 0.142,
    "ndcg_exponential@5": 0.25330632847163886,
    "ndcg_exponential@10": 0.301125844658078,
    "precision@1": 0.142,
    "precision@5": 0.0714,
    "precision@10": 0.05059999999999999,
    "recall@1": 0.142,
    "recall@5": 0.357,
    "recall@10": 0.506,
    "f1@1": 0.142,
    "f1@5": 0.11900000000000002,
    "f1@10": 0.09200000000000003,
    "map@1": 0.142,
    "map@5": 0.21908333333333335,
    "map@10": 0.23860634920634918,
    "mrr@1": 0.142,
    "mrr@5": 0.21908333333333335,
    "mrr@10": 0.23860634920634918,
    "num_pred": 1000,
    "num_data": 1000
}