{
    "hit@1": 0.148,
    "hit@5": 0.359,
    "hit@10": 0.483,
    "ndcg_linear@1": 0.148,
    "ndcg_linear@5": 0.2574048959378572,
    "ndcg_linear@10": 0.2971149168489659,
    "ndcg_exponential@1": 0.148,
    "ndcg_exponential@5": 0.2574048959378572,
    "ndcg_exponential@10": 0.2971149168489659,
    "precision@1": 0.148,
    "precision@5": 0.0718,
    "precision@10": 0.048299999999999996,
    "recall@1": 0.148,
    "recall@5": 0.359,
    "recall@10": 0.483,
    "f1@1": 0.148,
    "f1@5": 0.11966666666666669,
    "f1@10": 0.08781818181818184,
    "map@1": 0.148,
    "map@5": 0.22388333333333332,
    "map@10": 0.24004325396825396,
    "mrr@1": 0.148,
    "mrr@5": 0.22388333333333332,
    "mrr@10": 0.24004325396825396,
    "num_pred": 1000,
    "num_data": 1000
}