{
    "hit@1": 0.0,
    "hit@5": 0.005,
    "hit@10": 0.007,
    "ndcg_linear@1": 0.0,
    "ndcg_linear@5": 0.0025177825608059994,
    "ndcg_linear@10": 0.0031750197435780024,
    "ndcg_exponential@1": 0.0,
    "ndcg_exponential@5": 0.0025177825608059994,
    "ndcg_exponential@10": 0.0031750197435780024,
    "precision@1": 0.0,
    "precision@5": 0.001,
    "precision@10": 0.0007000000000000001,
    "recall@1": 0.0,
    "recall@5": 0.005,
    "recall@10": 0.007,
    "f1@1": 0.0,
    "f1@5": 0.001666666666666667,
    "f1@10": 0.0012727272727272728,
    "map@1": 0.0,
    "map@5": 0.0017,
    "map@10": 0.0019777777777777775,
    "mrr@1": 0.0,
    "mrr@5": 0.0017,
    "mrr@10": 0.0019777777777777775,
    "num_pred": 1000,
    "num_data": 1000
}