{
    "hit@1": 0.01,
    "hit@5": 0.037,
    "hit@10": 0.061,
    "ndcg_linear@1": 0.01,
    "ndcg_linear@5": 0.02338329077849266,
    "ndcg_linear@10": 0.03111646526701064,
    "ndcg_exponential@1": 0.01,
    "ndcg_exponential@5": 0.02338329077849266,
    "ndcg_exponential@10": 0.03111646526701064,
    "precision@1": 0.01,
    "precision@5": 0.0074,
    "precision@10": 0.0060999999999999995,
    "recall@1": 0.01,
    "recall@5": 0.037,
    "recall@10": 0.061,
    "f1@1": 0.01,
    "f1@5": 0.012333333333333333,
    "f1@10": 0.01109090909090909,
    "map@1": 0.01,
    "map@5": 0.018949999999999998,
    "map@10": 0.022123809523809525,
    "mrr@1": 0.01,
    "mrr@5": 0.018949999999999998,
    "mrr@10": 0.022123809523809525,
    "num_pred": 1000,
    "num_data": 1000
}