{
    "hit@1": 0.149,
    "hit@5": 0.459,
    "hit@10": 0.567,
    "ndcg_linear@1": 0.149,
    "ndcg_linear@5": 0.3133307470821186,
    "ndcg_linear@10": 0.34814315934745826,
    "ndcg_exponential@1": 0.149,
    "ndcg_exponential@5": 0.3133307470821186,
    "ndcg_exponential@10": 0.34814315934745826,
    "precision@1": 0.149,
    "precision@5": 0.09179999999999999,
    "precision@10": 0.05669999999999999,
    "recall@1": 0.149,
    "recall@5": 0.459,
    "recall@10": 0.567,
    "f1@1": 0.149,
    "f1@5": 0.15300000000000002,
    "f1@10": 0.10309090909090911,
    "map@1": 0.149,
    "map@5": 0.2648666666666667,
    "map@10": 0.279165873015873,
    "mrr@1": 0.149,
    "mrr@5": 0.2648666666666667,
    "mrr@10": 0.279165873015873,
    "num_pred": 1000,
    "num_data": 1000
}