{
    "hit@1": 0.485,
    "hit@5": 0.792,
    "hit@10": 0.884,
    "ndcg_linear@1": 0.485,
    "ndcg_linear@5": 0.6500507732944582,
    "ndcg_linear@10": 0.6799507988059006,
    "ndcg_exponential@1": 0.485,
    "ndcg_exponential@5": 0.6500507732944582,
    "ndcg_exponential@10": 0.6799507988059006,
    "precision@1": 0.485,
    "precision@5": 0.1584,
    "precision@10": 0.0884,
    "recall@1": 0.485,
    "recall@5": 0.792,
    "recall@10": 0.884,
    "f1@1": 0.485,
    "f1@5": 0.26400000000000007,
    "f1@10": 0.16072727272727272,
    "map@1": 0.485,
    "map@5": 0.6026666666666668,
    "map@10": 0.615097619047619,
    "mrr@1": 0.485,
    "mrr@5": 0.6026666666666668,
    "mrr@10": 0.615097619047619,
    "num_pred": 1000,
    "num_data": 1000
}