{
    "hit@1": 0.51,
    "hit@5": 0.782,
    "hit@10": 0.886,
    "ndcg_linear@1": 0.51,
    "ndcg_linear@5": 0.6543800697184678,
    "ndcg_linear@10": 0.6883386400231044,
    "ndcg_exponential@1": 0.51,
    "ndcg_exponential@5": 0.6543800697184678,
    "ndcg_exponential@10": 0.6883386400231044,
    "precision@1": 0.51,
    "precision@5": 0.1564,
    "precision@10": 0.08860000000000001,
    "recall@1": 0.51,
    "recall@5": 0.782,
    "recall@10": 0.886,
    "f1@1": 0.51,
    "f1@5": 0.2606666666666667,
    "f1@10": 0.16109090909090906,
    "map@1": 0.51,
    "map@5": 0.61195,
    "map@10": 0.626154365079365,
    "mrr@1": 0.51,
    "mrr@5": 0.61195,
    "mrr@10": 0.626154365079365,
    "num_pred": 1000,
    "num_data": 1000
}