{
    "hit@1": 0.07,
    "hit@5": 0.227,
    "hit@10": 0.417,
    "ndcg_linear@1": 0.07,
    "ndcg_linear@5": 0.14433342868194932,
    "ndcg_linear@10": 0.2057824626138202,
    "ndcg_exponential@1": 0.07,
    "ndcg_exponential@5": 0.14433342868194932,
    "ndcg_exponential@10": 0.2057824626138202,
    "precision@1": 0.07,
    "precision@5": 0.0454,
    "precision@10": 0.041699999999999994,
    "recall@1": 0.07,
    "recall@5": 0.227,
    "recall@10": 0.417,
    "f1@1": 0.07,
    "f1@5": 0.07566666666666669,
    "f1@10": 0.07581818181818184,
    "map@1": 0.07,
    "map@5": 0.11795,
    "map@10": 0.1433234126984127,
    "mrr@1": 0.07,
    "mrr@5": 0.11795,
    "mrr@10": 0.1433234126984127,
    "num_pred": 1000,
    "num_data": 1000
}