{
    "hit@1": 0.08,
    "hit@5": 0.197,
    "hit@10": 0.269,
    "ndcg_linear@1": 0.08,
    "ndcg_linear@5": 0.14092006952047217,
    "ndcg_linear@10": 0.16381767639877148,
    "ndcg_exponential@1": 0.08,
    "ndcg_exponential@5": 0.14092006952047217,
    "ndcg_exponential@10": 0.16381767639877148,
    "precision@1": 0.08,
    "precision@5": 0.039400000000000004,
    "precision@10": 0.0269,
    "recall@1": 0.08,
    "recall@5": 0.197,
    "recall@10": 0.269,
    "f1@1": 0.08,
    "f1@5": 0.06566666666666666,
    "f1@10": 0.048909090909090916,
    "map@1": 0.08,
    "map@5": 0.1224,
    "map@10": 0.1316313492063492,
    "mrr@1": 0.08,
    "mrr@5": 0.1224,
    "mrr@10": 0.1316313492063492,
    "num_pred": 1000,
    "num_data": 1000
}