{
    "hit@1": 0.079,
    "hit@5": 0.26,
    "hit@10": 0.342,
    "ndcg_linear@1": 0.079,
    "ndcg_linear@5": 0.17565903966499435,
    "ndcg_linear@10": 0.20226363502121666,
    "ndcg_exponential@1": 0.079,
    "ndcg_exponential@5": 0.17565903966499435,
    "ndcg_exponential@10": 0.20226363502121666,
    "precision@1": 0.079,
    "precision@5": 0.052,
    "precision@10": 0.0342,
    "recall@1": 0.079,
    "recall@5": 0.26,
    "recall@10": 0.342,
    "f1@1": 0.079,
    "f1@5": 0.08666666666666668,
    "f1@10": 0.062181818181818185,
    "map@1": 0.079,
    "map@5": 0.14758333333333332,
    "map@10": 0.1586119047619048,
    "mrr@1": 0.079,
    "mrr@5": 0.14758333333333332,
    "mrr@10": 0.1586119047619048,
    "num_pred": 1000,
    "num_data": 1000
}