{
    "hit@1": 0.259,
    "hit@5": 0.433,
    "hit@10": 0.52,
    "ndcg_linear@1": 0.259,
    "ndcg_linear@5": 0.3500848359678446,
    "ndcg_linear@10": 0.37790735020199306,
    "ndcg_exponential@1": 0.259,
    "ndcg_exponential@5": 0.3500848359678446,
    "ndcg_exponential@10": 0.37790735020199306,
    "precision@1": 0.259,
    "precision@5": 0.0866,
    "precision@10": 0.052,
    "recall@1": 0.259,
    "recall@5": 0.433,
    "recall@10": 0.52,
    "f1@1": 0.259,
    "f1@5": 0.14433333333333337,
    "f1@10": 0.09454545454545456,
    "map@1": 0.259,
    "map@5": 0.3226333333333333,
    "map@10": 0.33393769841269844,
    "mrr@1": 0.259,
    "mrr@5": 0.3226333333333333,
    "mrr@10": 0.33393769841269844,
    "num_pred": 1000,
    "num_data": 1000
}