{
    "hit@1": 0.065,
    "hit@5": 0.186,
    "hit@10": 0.304,
    "ndcg_linear@1": 0.065,
    "ndcg_linear@5": 0.12369005568408854,
    "ndcg_linear@10": 0.15943013963948927,
    "ndcg_exponential@1": 0.065,
    "ndcg_exponential@5": 0.12369005568408854,
    "ndcg_exponential@10": 0.15943013963948927,
    "precision@1": 0.065,
    "precision@5": 0.037200000000000004,
    "precision@10": 0.0304,
    "recall@1": 0.065,
    "recall@5": 0.186,
    "recall@10": 0.304,
    "f1@1": 0.065,
    "f1@5": 0.062,
    "f1@10": 0.05527272727272728,
    "map@1": 0.065,
    "map@5": 0.10326666666666665,
    "map@10": 0.11665079365079366,
    "mrr@1": 0.065,
    "mrr@5": 0.10326666666666665,
    "mrr@10": 0.11665079365079366,
    "num_pred": 1000,
    "num_data": 1000
}