{
    "hit@1": 0.122,
    "hit@5": 0.285,
    "hit@10": 0.381,
    "ndcg_linear@1": 0.122,
    "ndcg_linear@5": 0.20827089475577407,
    "ndcg_linear@10": 0.23908778440296433,
    "ndcg_exponential@1": 0.122,
    "ndcg_exponential@5": 0.20827089475577407,
    "ndcg_exponential@10": 0.23908778440296433,
    "precision@1": 0.122,
    "precision@5": 0.05700000000000001,
    "precision@10": 0.0381,
    "recall@1": 0.122,
    "recall@5": 0.285,
    "recall@10": 0.381,
    "f1@1": 0.122,
    "f1@5": 0.09500000000000001,
    "f1@10": 0.06927272727272728,
    "map@1": 0.122,
    "map@5": 0.18278333333333335,
    "map@10": 0.19536388888888892,
    "mrr@1": 0.122,
    "mrr@5": 0.18278333333333335,
    "mrr@10": 0.19536388888888892,
    "num_pred": 1000,
    "num_data": 1000
}