{
    "hit@1": 0.001,
    "hit@5": 0.002,
    "hit@10": 0.005,
    "ndcg_linear@1": 0.001,
    "ndcg_linear@5": 0.0014306765580733931,
    "ndcg_linear@10": 0.0024356819553004775,
    "ndcg_exponential@1": 0.001,
    "ndcg_exponential@5": 0.0014306765580733931,
    "ndcg_exponential@10": 0.0024356819553004775,
    "precision@1": 0.001,
    "precision@5": 0.0004,
    "precision@10": 0.0005,
    "recall@1": 0.001,
    "recall@5": 0.002,
    "recall@10": 0.005,
    "f1@1": 0.001,
    "f1@5": 0.0006666666666666668,
    "f1@10": 0.0009090909090909092,
    "map@1": 0.001,
    "map@5": 0.00125,
    "map@10": 0.0016845238095238096,
    "mrr@1": 0.001,
    "mrr@5": 0.00125,
    "mrr@10": 0.0016845238095238096,
    "num_pred": 1000,
    "num_data": 1000
}