{
    "hit@1": 0.001,
    "hit@5": 0.005,
    "hit@10": 0.018,
    "ndcg_linear@1": 0.001,
    "ndcg_linear@5": 0.003148712314377457,
    "ndcg_linear@10": 0.007229971596765438,
    "ndcg_exponential@1": 0.001,
    "ndcg_exponential@5": 0.003148712314377457,
    "ndcg_exponential@10": 0.007229971596765438,
    "precision@1": 0.001,
    "precision@5": 0.001,
    "precision@10": 0.0018,
    "recall@1": 0.001,
    "recall@5": 0.005,
    "recall@10": 0.018,
    "f1@1": 0.001,
    "f1@5": 0.0016666666666666668,
    "f1@10": 0.0032727272727272726,
    "map@1": 0.001,
    "map@5": 0.002533333333333333,
    "map@10": 0.004146428571428572,
    "mrr@1": 0.001,
    "mrr@5": 0.002533333333333333,
    "mrr@10": 0.004146428571428572,
    "num_pred": 1000,
    "num_data": 1000
}