{
    "hit@1": 0.672,
    "hit@5": 0.918,
    "hit@10": 0.972,
    "ndcg_linear@1": 0.672,
    "ndcg_linear@5": 0.8069626895750871,
    "ndcg_linear@10": 0.824730307400978,
    "ndcg_exponential@1": 0.672,
    "ndcg_exponential@5": 0.8069626895750871,
    "ndcg_exponential@10": 0.824730307400978,
    "precision@1": 0.672,
    "precision@5": 0.1836,
    "precision@10": 0.09720000000000002,
    "recall@1": 0.672,
    "recall@5": 0.918,
    "recall@10": 0.972,
    "f1@1": 0.672,
    "f1@5": 0.306,
    "f1@10": 0.17672727272727273,
    "map@1": 0.672,
    "map@5": 0.7696666666666666,
    "map@10": 0.777179365079365,
    "mrr@1": 0.672,
    "mrr@5": 0.7696666666666666,
    "mrr@10": 0.777179365079365,
    "num_pred": 1000,
    "num_data": 1000
}