{
    "hit@1": 0.695,
    "hit@5": 0.914,
    "hit@10": 0.968,
    "ndcg_linear@1": 0.695,
    "ndcg_linear@5": 0.816408618089262,
    "ndcg_linear@10": 0.8343392977777092,
    "ndcg_exponential@1": 0.695,
    "ndcg_exponential@5": 0.816408618089262,
    "ndcg_exponential@10": 0.8343392977777092,
    "precision@1": 0.695,
    "precision@5": 0.18280000000000002,
    "precision@10": 0.09680000000000002,
    "recall@1": 0.695,
    "recall@5": 0.914,
    "recall@10": 0.968,
    "f1@1": 0.695,
    "f1@5": 0.3046666666666667,
    "f1@10": 0.176,
    "map@1": 0.695,
    "map@5": 0.7834833333333333,
    "map@10": 0.7911599206349206,
    "mrr@1": 0.695,
    "mrr@5": 0.7834833333333333,
    "mrr@10": 0.7911599206349206,
    "num_pred": 1000,
    "num_data": 1000
}