{
    "hit@1": 0.002,
    "hit@5": 0.01,
    "hit@10": 0.012,
    "ndcg_linear@1": 0.002,
    "ndcg_linear@5": 0.005904635368040541,
    "ndcg_linear@10": 0.00649473019002241,
    "ndcg_exponential@1": 0.002,
    "ndcg_exponential@5": 0.005904635368040541,
    "ndcg_exponential@10": 0.00649473019002241,
    "precision@1": 0.002,
    "precision@5": 0.002,
    "precision@10": 0.0012000000000000001,
    "recall@1": 0.002,
    "recall@5": 0.01,
    "recall@10": 0.012,
    "f1@1": 0.002,
    "f1@5": 0.003333333333333334,
    "f1@10": 0.0021818181818181815,
    "map@1": 0.002,
    "map@5": 0.004566666666666667,
    "map@10": 0.0047777777777777775,
    "mrr@1": 0.002,
    "mrr@5": 0.004566666666666667,
    "mrr@10": 0.0047777777777777775,
    "num_pred": 1000,
    "num_data": 1000
}