{
    "hit@1": 0.0,
    "hit@5": 0.002,
    "hit@10": 0.009,
    "ndcg_linear@1": 0.0,
    "ndcg_linear@5": 0.0009306765580733931,
    "ndcg_linear@10": 0.003186540156747502,
    "ndcg_exponential@1": 0.0,
    "ndcg_exponential@5": 0.0009306765580733931,
    "ndcg_exponential@10": 0.003186540156747502,
    "precision@1": 0.0,
    "precision@5": 0.0004,
    "precision@10": 0.0009000000000000001,
    "recall@1": 0.0,
    "recall@5": 0.002,
    "recall@10": 0.009,
    "f1@1": 0.0,
    "f1@5": 0.0006666666666666668,
    "f1@10": 0.0016363636363636363,
    "map@1": 0.0,
    "map@5": 0.0005833333333333333,
    "map@10": 0.0015079365079365078,
    "mrr@1": 0.0,
    "mrr@5": 0.0005833333333333333,
    "mrr@10": 0.0015079365079365078,
    "num_pred": 1000,
    "num_data": 1000
}