{
    "hit@1": 0.002,
    "hit@5": 0.007,
    "hit@10": 0.008,
    "ndcg_linear@1": 0.002,
    "ndcg_linear@5": 0.004273705614469083,
    "ndcg_linear@10": 0.004629912801577105,
    "ndcg_exponential@1": 0.002,
    "ndcg_exponential@5": 0.004273705614469083,
    "ndcg_exponential@10": 0.004629912801577105,
    "precision@1": 0.002,
    "precision@5": 0.0014000000000000002,
    "precision@10": 0.0008,
    "recall@1": 0.002,
    "recall@5": 0.007,
    "recall@10": 0.008,
    "f1@1": 0.002,
    "f1@5": 0.0023333333333333335,
    "f1@10": 0.0014545454545454547,
    "map@1": 0.002,
    "map@5": 0.0034,
    "map@10": 0.0035666666666666663,
    "mrr@1": 0.002,
    "mrr@5": 0.0034,
    "mrr@10": 0.0035666666666666663,
    "num_pred": 1000,
    "num_data": 1000
}