{
    "hit@1": 0.001,
    "hit@5": 0.007,
    "hit@10": 0.014,
    "ndcg_linear@1": 0.001,
    "ndcg_linear@5": 0.004192536065216308,
    "ndcg_linear@10": 0.0065120158279873995,
    "ndcg_exponential@1": 0.001,
    "ndcg_exponential@5": 0.004192536065216308,
    "ndcg_exponential@10": 0.0065120158279873995,
    "precision@1": 0.001,
    "precision@5": 0.0014,
    "precision@10": 0.0014,
    "recall@1": 0.001,
    "recall@5": 0.007,
    "recall@10": 0.014,
    "f1@1": 0.001,
    "f1@5": 0.0023333333333333335,
    "f1@10": 0.0025454545454545456,
    "map@1": 0.001,
    "map@5": 0.00325,
    "map@10": 0.004240079365079366,
    "mrr@1": 0.001,
    "mrr@5": 0.00325,
    "mrr@10": 0.004240079365079366,
    "num_pred": 1000,
    "num_data": 1000
}