{
    "hit@1": 0.122,
    "hit@5": 0.295,
    "hit@10": 0.397,
    "ndcg_linear@1": 0.122,
    "ndcg_linear@5": 0.21106702660740512,
    "ndcg_linear@10": 0.24378697959399584,
    "ndcg_exponential@1": 0.122,
    "ndcg_exponential@5": 0.21106702660740512,
    "ndcg_exponential@10": 0.24378697959399584,
    "precision@1": 0.122,
    "precision@5": 0.059,
    "precision@10": 0.039700000000000006,
    "recall@1": 0.122,
    "recall@5": 0.295,
    "recall@10": 0.397,
    "f1@1": 0.122,
    "f1@5": 0.09833333333333334,
    "f1@10": 0.07218181818181818,
    "map@1": 0.122,
    "map@5": 0.1834,
    "map@10": 0.19674563492063493,
    "mrr@1": 0.122,
    "mrr@5": 0.1834,
    "mrr@10": 0.19674563492063493,
    "num_pred": 1000,
    "num_data": 1000
}