{
    "hit@1": 0.54,
    "hit@5": 0.822,
    "hit@10": 0.904,
    "ndcg_linear@1": 0.54,
    "ndcg_linear@5": 0.6946078666603562,
    "ndcg_linear@10": 0.7214026365770427,
    "ndcg_exponential@1": 0.54,
    "ndcg_exponential@5": 0.6946078666603562,
    "ndcg_exponential@10": 0.7214026365770427,
    "precision@1": 0.54,
    "precision@5": 0.16440000000000002,
    "precision@10": 0.09040000000000001,
    "recall@1": 0.54,
    "recall@5": 0.822,
    "recall@10": 0.904,
    "f1@1": 0.54,
    "f1@5": 0.2740000000000001,
    "f1@10": 0.16436363636363638,
    "map@1": 0.54,
    "map@5": 0.6518166666666666,
    "map@10": 0.663040476190476,
    "mrr@1": 0.54,
    "mrr@5": 0.6518166666666666,
    "mrr@10": 0.663040476190476,
    "num_pred": 1000,
    "num_data": 1000
}