{
    "hit@1": 0.33,
    "hit@5": 0.638,
    "hit@10": 0.762,
    "ndcg_linear@1": 0.33,
    "ndcg_linear@5": 0.49509583622315395,
    "ndcg_linear@10": 0.5356087125884067,
    "ndcg_exponential@1": 0.33,
    "ndcg_exponential@5": 0.49509583622315395,
    "ndcg_exponential@10": 0.5356087125884067,
    "precision@1": 0.33,
    "precision@5": 0.1276,
    "precision@10": 0.07619999999999999,
    "recall@1": 0.33,
    "recall@5": 0.638,
    "recall@10": 0.762,
    "f1@1": 0.33,
    "f1@5": 0.21266666666666675,
    "f1@10": 0.13854545454545455,
    "map@1": 0.33,
    "map@5": 0.44743333333333335,
    "map@10": 0.46439484126984126,
    "mrr@1": 0.33,
    "mrr@5": 0.44743333333333335,
    "mrr@10": 0.46439484126984126,
    "num_pred": 1000,
    "num_data": 1000
}