{
    "hit@1": 0.017,
    "hit@5": 0.066,
    "hit@10": 0.103,
    "ndcg_linear@1": 0.017,
    "ndcg_linear@5": 0.042990012942962154,
    "ndcg_linear@10": 0.054878944914802164,
    "ndcg_exponential@1": 0.017,
    "ndcg_exponential@5": 0.042990012942962154,
    "ndcg_exponential@10": 0.054878944914802164,
    "precision@1": 0.017,
    "precision@5": 0.013200000000000003,
    "precision@10": 0.0103,
    "recall@1": 0.017,
    "recall@5": 0.066,
    "recall@10": 0.103,
    "f1@1": 0.017,
    "f1@5": 0.022,
    "f1@10": 0.018727272727272728,
    "map@1": 0.017,
    "map@5": 0.03535,
    "map@10": 0.040218253968253966,
    "mrr@1": 0.017,
    "mrr@5": 0.03535,
    "mrr@10": 0.040218253968253966,
    "num_pred": 1000,
    "num_data": 1000
}