{
    "hit@1": 0.026,
    "hit@5": 0.081,
    "hit@10": 0.129,
    "ndcg_linear@1": 0.026,
    "ndcg_linear@5": 0.05394492321463297,
    "ndcg_linear@10": 0.06932202253019822,
    "ndcg_exponential@1": 0.026,
    "ndcg_exponential@5": 0.05394492321463297,
    "ndcg_exponential@10": 0.06932202253019822,
    "precision@1": 0.026,
    "precision@5": 0.0162,
    "precision@10": 0.0129,
    "recall@1": 0.026,
    "recall@5": 0.081,
    "recall@10": 0.129,
    "f1@1": 0.026,
    "f1@5": 0.027,
    "f1@10": 0.023454545454545454,
    "map@1": 0.026,
    "map@5": 0.04505,
    "map@10": 0.051305555555555556,
    "mrr@1": 0.026,
    "mrr@5": 0.04505,
    "mrr@10": 0.051305555555555556,
    "num_pred": 1000,
    "num_data": 1000
}