{
    "hit@1": 0.043,
    "hit@5": 0.156,
    "hit@10": 0.211,
    "ndcg_linear@1": 0.043,
    "ndcg_linear@5": 0.10077726685994105,
    "ndcg_linear@10": 0.11861221090904756,
    "ndcg_exponential@1": 0.043,
    "ndcg_exponential@5": 0.10077726685994105,
    "ndcg_exponential@10": 0.11861221090904756,
    "precision@1": 0.043,
    "precision@5": 0.031200000000000002,
    "precision@10": 0.0211,
    "recall@1": 0.043,
    "recall@5": 0.156,
    "recall@10": 0.211,
    "f1@1": 0.043,
    "f1@5": 0.052,
    "f1@10": 0.03836363636363636,
    "map@1": 0.043,
    "map@5": 0.08263333333333332,
    "map@10": 0.09002222222222223,
    "mrr@1": 0.043,
    "mrr@5": 0.08263333333333332,
    "mrr@10": 0.09002222222222223,
    "num_pred": 1000,
    "num_data": 1000
}