{
    "hit@1": 0.075,
    "hit@5": 0.198,
    "hit@10": 0.283,
    "ndcg_linear@1": 0.075,
    "ndcg_linear@5": 0.13815353886220175,
    "ndcg_linear@10": 0.16532346540530604,
    "ndcg_exponential@1": 0.075,
    "ndcg_exponential@5": 0.13815353886220175,
    "ndcg_exponential@10": 0.16532346540530604,
    "precision@1": 0.075,
    "precision@5": 0.03960000000000001,
    "precision@10": 0.0283,
    "recall@1": 0.075,
    "recall@5": 0.198,
    "recall@10": 0.283,
    "f1@1": 0.075,
    "f1@5": 0.06600000000000002,
    "f1@10": 0.051454545454545454,
    "map@1": 0.075,
    "map@5": 0.1185,
    "map@10": 0.12953214285714285,
    "mrr@1": 0.075,
    "mrr@5": 0.1185,
    "mrr@10": 0.12953214285714285,
    "num_pred": 1000,
    "num_data": 1000
}