{
    "hit@1": 0.335,
    "hit@5": 0.573,
    "hit@10": 0.699,
    "ndcg_linear@1": 0.335,
    "ndcg_linear@5": 0.4603006279218881,
    "ndcg_linear@10": 0.5006041112567288,
    "ndcg_exponential@1": 0.335,
    "ndcg_exponential@5": 0.4603006279218881,
    "ndcg_exponential@10": 0.5006041112567288,
    "precision@1": 0.335,
    "precision@5": 0.1146,
    "precision@10": 0.06989999999999999,
    "recall@1": 0.335,
    "recall@5": 0.573,
    "recall@10": 0.699,
    "f1@1": 0.335,
    "f1@5": 0.19100000000000006,
    "f1@10": 0.12709090909090912,
    "map@1": 0.335,
    "map@5": 0.42295000000000005,
    "map@10": 0.43932460317460315,
    "mrr@1": 0.335,
    "mrr@5": 0.42295000000000005,
    "mrr@10": 0.43932460317460315,
    "num_pred": 1000,
    "num_data": 1000
}