{
    "hit@1": 0.127,
    "hit@5": 0.346,
    "hit@10": 0.478,
    "ndcg_linear@1": 0.127,
    "ndcg_linear@5": 0.24050549866924667,
    "ndcg_linear@10": 0.283348748586656,
    "ndcg_exponential@1": 0.127,
    "ndcg_exponential@5": 0.24050549866924667,
    "ndcg_exponential@10": 0.283348748586656,
    "precision@1": 0.127,
    "precision@5": 0.0692,
    "precision@10": 0.047799999999999995,
    "recall@1": 0.127,
    "recall@5": 0.346,
    "recall@10": 0.478,
    "f1@1": 0.127,
    "f1@5": 0.11533333333333336,
    "f1@10": 0.08690909090909092,
    "map@1": 0.127,
    "map@5": 0.2057,
    "map@10": 0.2234670634920635,
    "mrr@1": 0.127,
    "mrr@5": 0.2057,
    "mrr@10": 0.2234670634920635,
    "num_pred": 1000,
    "num_data": 1000
}