{
    "hit@1": 0.006,
    "hit@5": 0.027,
    "hit@10": 0.052,
    "ndcg_linear@1": 0.006,
    "ndcg_linear@5": 0.0168175554898034,
    "ndcg_linear@10": 0.02454736099646232,
    "ndcg_exponential@1": 0.006,
    "ndcg_exponential@5": 0.0168175554898034,
    "ndcg_exponential@10": 0.02454736099646232,
    "precision@1": 0.006,
    "precision@5": 0.0054,
    "precision@10": 0.0052,
    "recall@1": 0.006,
    "recall@5": 0.027,
    "recall@10": 0.052,
    "f1@1": 0.006,
    "f1@5": 0.009,
    "f1@10": 0.009454545454545455,
    "map@1": 0.006,
    "map@5": 0.013466666666666665,
    "map@10": 0.01645198412698413,
    "mrr@1": 0.006,
    "mrr@5": 0.013466666666666665,
    "mrr@10": 0.01645198412698413,
    "num_pred": 1000,
    "num_data": 1000
}