{
    "hit@1": 0.0,
    "hit@5": 0.01,
    "hit@10": 0.02,
    "ndcg_linear@1": 0.0,
    "ndcg_linear@5": 0.004426546905890952,
    "ndcg_linear@10": 0.007621752741535943,
    "ndcg_exponential@1": 0.0,
    "ndcg_exponential@5": 0.004426546905890952,
    "ndcg_exponential@10": 0.007621752741535943,
    "precision@1": 0.0,
    "precision@5": 0.002,
    "precision@10": 0.002,
    "recall@1": 0.0,
    "recall@5": 0.01,
    "recall@10": 0.02,
    "f1@1": 0.0,
    "f1@5": 0.0033333333333333335,
    "f1@10": 0.0036363636363636364,
    "map@1": 0.0,
    "map@5": 0.002666666666666667,
    "map@10": 0.003963888888888888,
    "mrr@1": 0.0,
    "mrr@5": 0.002666666666666667,
    "mrr@10": 0.003963888888888888,
    "num_pred": 1000,
    "num_data": 1000
}