{
    "hit@1": 0.033,
    "hit@5": 0.097,
    "hit@10": 0.146,
    "ndcg_linear@1": 0.033,
    "ndcg_linear@5": 0.06517769487745079,
    "ndcg_linear@10": 0.08071430183117884,
    "ndcg_exponential@1": 0.033,
    "ndcg_exponential@5": 0.06517769487745079,
    "ndcg_exponential@10": 0.08071430183117884,
    "precision@1": 0.033,
    "precision@5": 0.019399999999999997,
    "precision@10": 0.0146,
    "recall@1": 0.033,
    "recall@5": 0.097,
    "recall@10": 0.146,
    "f1@1": 0.033,
    "f1@5": 0.03233333333333334,
    "f1@10": 0.026545454545454546,
    "map@1": 0.033,
    "map@5": 0.05475,
    "map@10": 0.060986507936507936,
    "mrr@1": 0.033,
    "mrr@5": 0.05475,
    "mrr@10": 0.060986507936507936,
    "num_pred": 1000,
    "num_data": 1000
}