{
    "hit@1": 0.042,
    "hit@5": 0.12,
    "hit@10": 0.148,
    "ndcg_linear@1": 0.042,
    "ndcg_linear@5": 0.08147277120596323,
    "ndcg_linear@10": 0.09047819854916898,
    "ndcg_exponential@1": 0.042,
    "ndcg_exponential@5": 0.08147277120596323,
    "ndcg_exponential@10": 0.09047819854916898,
    "precision@1": 0.042,
    "precision@5": 0.024,
    "precision@10": 0.0148,
    "recall@1": 0.042,
    "recall@5": 0.12,
    "recall@10": 0.148,
    "f1@1": 0.042,
    "f1@5": 0.04,
    "f1@10": 0.02690909090909091,
    "map@1": 0.042,
    "map@5": 0.06878333333333334,
    "map@10": 0.07246626984126983,
    "mrr@1": 0.042,
    "mrr@5": 0.06878333333333334,
    "mrr@10": 0.07246626984126983,
    "num_pred": 1000,
    "num_data": 1000
}