{
    "hit@1": 0.011,
    "hit@5": 0.043,
    "hit@10": 0.084,
    "ndcg_linear@1": 0.011,
    "ndcg_linear@5": 0.026422443378203975,
    "ndcg_linear@10": 0.03945610594471441,
    "ndcg_exponential@1": 0.011,
    "ndcg_exponential@5": 0.026422443378203975,
    "ndcg_exponential@10": 0.03945610594471441,
    "precision@1": 0.011,
    "precision@5": 0.0086,
    "precision@10": 0.008400000000000001,
    "recall@1": 0.011,
    "recall@5": 0.043,
    "recall@10": 0.084,
    "f1@1": 0.011,
    "f1@5": 0.014333333333333335,
    "f1@10": 0.015272727272727273,
    "map@1": 0.011,
    "map@5": 0.0211,
    "map@10": 0.026346428571428573,
    "mrr@1": 0.011,
    "mrr@5": 0.0211,
    "mrr@10": 0.026346428571428573,
    "num_pred": 1000,
    "num_data": 1000
}