{
    "hit@1": 0.0,
    "hit@5": 0.008,
    "hit@10": 0.018,
    "ndcg_linear@1": 0.0,
    "ndcg_linear@5": 0.004123212623289701,
    "ndcg_linear@10": 0.007266767464183803,
    "ndcg_exponential@1": 0.0,
    "ndcg_exponential@5": 0.004123212623289701,
    "ndcg_exponential@10": 0.007266767464183803,
    "precision@1": 0.0,
    "precision@5": 0.0016,
    "precision@10": 0.0018000000000000002,
    "recall@1": 0.0,
    "recall@5": 0.008,
    "recall@10": 0.018,
    "f1@1": 0.0,
    "f1@5": 0.002666666666666667,
    "f1@10": 0.0032727272727272726,
    "map@1": 0.0,
    "map@5": 0.002833333333333333,
    "map@10": 0.004076190476190476,
    "mrr@1": 0.0,
    "mrr@5": 0.002833333333333333,
    "mrr@10": 0.004076190476190476,
    "num_pred": 1000,
    "num_data": 1000
}