{
    "hit@1": 0.021,
    "hit@5": 0.075,
    "hit@10": 0.117,
    "ndcg_linear@1": 0.021,
    "ndcg_linear@5": 0.04717299760182779,
    "ndcg_linear@10": 0.06068695604003776,
    "ndcg_exponential@1": 0.021,
    "ndcg_exponential@5": 0.04717299760182779,
    "ndcg_exponential@10": 0.06068695604003776,
    "precision@1": 0.021,
    "precision@5": 0.015,
    "precision@10": 0.0117,
    "recall@1": 0.021,
    "recall@5": 0.075,
    "recall@10": 0.117,
    "f1@1": 0.021,
    "f1@5": 0.025000000000000005,
    "f1@10": 0.021272727272727273,
    "map@1": 0.021,
    "map@5": 0.03816666666666666,
    "map@10": 0.043706746031746034,
    "mrr@1": 0.021,
    "mrr@5": 0.03816666666666666,
    "mrr@10": 0.043706746031746034,
    "num_pred": 1000,
    "num_data": 1000
}