{
    "hit@1": 0.004,
    "hit@5": 0.036,
    "hit@10": 0.049,
    "ndcg_linear@1": 0.004,
    "ndcg_linear@5": 0.02030157973029479,
    "ndcg_linear@10": 0.02445242443765704,
    "ndcg_exponential@1": 0.004,
    "ndcg_exponential@5": 0.02030157973029479,
    "ndcg_exponential@10": 0.02445242443765704,
    "precision@1": 0.004,
    "precision@5": 0.0072,
    "precision@10": 0.004900000000000001,
    "recall@1": 0.004,
    "recall@5": 0.036,
    "recall@10": 0.049,
    "f1@1": 0.004,
    "f1@5": 0.012,
    "f1@10": 0.00890909090909091,
    "map@1": 0.004,
    "map@5": 0.01515,
    "map@10": 0.016835714285714284,
    "mrr@1": 0.004,
    "mrr@5": 0.01515,
    "mrr@10": 0.016835714285714284,
    "num_pred": 1000,
    "num_data": 1000
}