{
    "hit@1": 0.692,
    "hit@5": 0.915,
    "hit@10": 0.958,
    "ndcg_linear@1": 0.692,
    "ndcg_linear@5": 0.8169745370326893,
    "ndcg_linear@10": 0.8311921550626853,
    "ndcg_exponential@1": 0.692,
    "ndcg_exponential@5": 0.8169745370326893,
    "ndcg_exponential@10": 0.8311921550626853,
    "precision@1": 0.692,
    "precision@5": 0.183,
    "precision@10": 0.09580000000000001,
    "recall@1": 0.692,
    "recall@5": 0.915,
    "recall@10": 0.958,
    "f1@1": 0.692,
    "f1@5": 0.305,
    "f1@10": 0.1741818181818182,
    "map@1": 0.692,
    "map@5": 0.7837666666666666,
    "map@10": 0.7898198412698412,
    "mrr@1": 0.692,
    "mrr@5": 0.7837666666666666,
    "mrr@10": 0.7898198412698412,
    "num_pred": 1000,
    "num_data": 1000
}