{
    "hit@1": 0.657,
    "hit@5": 0.905,
    "hit@10": 0.955,
    "ndcg_linear@1": 0.657,
    "ndcg_linear@5": 0.7902367269092676,
    "ndcg_linear@10": 0.8064791064246167,
    "ndcg_exponential@1": 0.657,
    "ndcg_exponential@5": 0.7902367269092676,
    "ndcg_exponential@10": 0.8064791064246167,
    "precision@1": 0.657,
    "precision@5": 0.18100000000000002,
    "precision@10": 0.0955,
    "recall@1": 0.657,
    "recall@5": 0.905,
    "recall@10": 0.955,
    "f1@1": 0.657,
    "f1@5": 0.3016666666666667,
    "f1@10": 0.17363636363636362,
    "map@1": 0.657,
    "map@5": 0.7519000000000001,
    "map@10": 0.7586464285714285,
    "mrr@1": 0.657,
    "mrr@5": 0.7519000000000001,
    "mrr@10": 0.7586464285714285,
    "num_pred": 1000,
    "num_data": 1000
}