{
    "hit@1": 0.0,
    "hit@5": 0.005,
    "hit@10": 0.006,
    "ndcg_linear@1": 0.0,
    "ndcg_linear@5": 0.0023175293653079345,
    "ndcg_linear@10": 0.0026329942420936633,
    "ndcg_exponential@1": 0.0,
    "ndcg_exponential@5": 0.0023175293653079345,
    "ndcg_exponential@10": 0.0026329942420936633,
    "precision@1": 0.0,
    "precision@5": 0.001,
    "precision@10": 0.0006,
    "recall@1": 0.0,
    "recall@5": 0.005,
    "recall@10": 0.006,
    "f1@1": 0.0,
    "f1@5": 0.0016666666666666668,
    "f1@10": 0.0010909090909090907,
    "map@1": 0.0,
    "map@5": 0.00145,
    "map@10": 0.001575,
    "mrr@1": 0.0,
    "mrr@5": 0.00145,
    "mrr@10": 0.001575,
    "num_pred": 1000,
    "num_data": 1000
}