{
    "hit@1": 0.035,
    "hit@5": 0.083,
    "hit@10": 0.139,
    "ndcg_linear@1": 0.035,
    "ndcg_linear@5": 0.058746450695936835,
    "ndcg_linear@10": 0.07692627053210634,
    "ndcg_exponential@1": 0.035,
    "ndcg_exponential@5": 0.058746450695936835,
    "ndcg_exponential@10": 0.07692627053210634,
    "precision@1": 0.035,
    "precision@5": 0.0166,
    "precision@10": 0.013900000000000001,
    "recall@1": 0.035,
    "recall@5": 0.083,
    "recall@10": 0.139,
    "f1@1": 0.035,
    "f1@5": 0.02766666666666667,
    "f1@10": 0.025272727272727273,
    "map@1": 0.035,
    "map@5": 0.05083333333333333,
    "map@10": 0.05836984126984126,
    "mrr@1": 0.035,
    "mrr@5": 0.05083333333333333,
    "mrr@10": 0.05836984126984126,
    "num_pred": 1000,
    "num_data": 1000
}