{
    "hit@1": 0.173,
    "hit@5": 0.379,
    "hit@10": 0.495,
    "ndcg_linear@1": 0.173,
    "ndcg_linear@5": 0.2789136953908911,
    "ndcg_linear@10": 0.31625185992354726,
    "ndcg_exponential@1": 0.173,
    "ndcg_exponential@5": 0.2789136953908911,
    "ndcg_exponential@10": 0.31625185992354726,
    "precision@1": 0.173,
    "precision@5": 0.07579999999999999,
    "precision@10": 0.0495,
    "recall@1": 0.173,
    "recall@5": 0.379,
    "recall@10": 0.495,
    "f1@1": 0.173,
    "f1@5": 0.12633333333333335,
    "f1@10": 0.09000000000000001,
    "map@1": 0.173,
    "map@5": 0.246,
    "map@10": 0.2613126984126984,
    "mrr@1": 0.173,
    "mrr@5": 0.246,
    "mrr@10": 0.2613126984126984,
    "num_pred": 1000,
    "num_data": 1000
}