{
    "hit@1": 0.221,
    "hit@5": 0.484,
    "hit@10": 0.572,
    "ndcg_linear@1": 0.221,
    "ndcg_linear@5": 0.35953412406325114,
    "ndcg_linear@10": 0.3879417823974463,
    "ndcg_exponential@1": 0.221,
    "ndcg_exponential@5": 0.35953412406325114,
    "ndcg_exponential@10": 0.3879417823974463,
    "precision@1": 0.221,
    "precision@5": 0.0968,
    "precision@10": 0.057199999999999994,
    "recall@1": 0.221,
    "recall@5": 0.484,
    "recall@10": 0.572,
    "f1@1": 0.221,
    "f1@5": 0.16133333333333338,
    "f1@10": 0.10400000000000001,
    "map@1": 0.221,
    "map@5": 0.31825,
    "map@10": 0.32993809523809525,
    "mrr@1": 0.221,
    "mrr@5": 0.31825,
    "mrr@10": 0.32993809523809525,
    "num_pred": 1000,
    "num_data": 1000
}