{
    "hit@1": 0.307,
    "hit@5": 0.602,
    "hit@10": 0.816,
    "ndcg_linear@1": 0.307,
    "ndcg_linear@5": 0.45177511674011683,
    "ndcg_linear@10": 0.5202580743061795,
    "ndcg_exponential@1": 0.307,
    "ndcg_exponential@5": 0.45177511674011683,
    "ndcg_exponential@10": 0.5202580743061795,
    "precision@1": 0.307,
    "precision@5": 0.1204,
    "precision@10": 0.08159999999999999,
    "recall@1": 0.307,
    "recall@5": 0.602,
    "recall@10": 0.816,
    "f1@1": 0.307,
    "f1@5": 0.20066666666666674,
    "f1@10": 0.14836363636363636,
    "map@1": 0.307,
    "map@5": 0.40295,
    "map@10": 0.43081111111111114,
    "mrr@1": 0.307,
    "mrr@5": 0.40295,
    "mrr@10": 0.43081111111111114,
    "num_pred": 1000,
    "num_data": 1000
}