{
    "hit@1": 0.377,
    "hit@5": 0.587,
    "hit@10": 0.646,
    "ndcg_linear@1": 0.377,
    "ndcg_linear@5": 0.487806512126377,
    "ndcg_linear@10": 0.5071837576738658,
    "ndcg_exponential@1": 0.377,
    "ndcg_exponential@5": 0.487806512126377,
    "ndcg_exponential@10": 0.5071837576738658,
    "precision@1": 0.377,
    "precision@5": 0.11739999999999999,
    "precision@10": 0.06459999999999999,
    "recall@1": 0.377,
    "recall@5": 0.587,
    "recall@10": 0.646,
    "f1@1": 0.377,
    "f1@5": 0.1956666666666667,
    "f1@10": 0.11745454545454546,
    "map@1": 0.377,
    "map@5": 0.4548833333333333,
    "map@10": 0.4630527777777778,
    "mrr@1": 0.377,
    "mrr@5": 0.4548833333333333,
    "mrr@10": 0.4630527777777778,
    "num_pred": 1000,
    "num_data": 1000
}