{
    "hit@1": 0.525,
    "hit@5": 0.774,
    "hit@10": 0.853,
    "ndcg_linear@1": 0.525,
    "ndcg_linear@5": 0.659653235184268,
    "ndcg_linear@10": 0.6857720683149738,
    "ndcg_exponential@1": 0.525,
    "ndcg_exponential@5": 0.659653235184268,
    "ndcg_exponential@10": 0.6857720683149738,
    "precision@1": 0.525,
    "precision@5": 0.15480000000000002,
    "precision@10": 0.08530000000000001,
    "recall@1": 0.525,
    "recall@5": 0.774,
    "recall@10": 0.853,
    "f1@1": 0.525,
    "f1@5": 0.25800000000000006,
    "f1@10": 0.15509090909090908,
    "map@1": 0.525,
    "map@5": 0.6214,
    "map@10": 0.6325142857142857,
    "mrr@1": 0.525,
    "mrr@5": 0.6214,
    "mrr@10": 0.6325142857142857,
    "num_pred": 1000,
    "num_data": 1000
}