{
  "0": {
    "0": 139.97353219985962,
    "1": 73.56041264533997,
    "2": 85.5511405467987,
    "3": 101.76679301261902,
    "4": 86.84617781639099,
    "5": 127.23071932792664,
    "6": 115.14948534965515,
    "7": 85.11534810066223
  },
  "1": {
    "0": 69.15050864219666,
    "1": 82.8599042892456,
    "2": 63.94401741027832,
    "3": 67.06994271278381,
    "4": 63.80194664001465,
    "5": 58.940571904182434,
    "6": 64.09445750713348,
    "7": 46.08618152141571
  },
  "2": {
    "0": 40.277886629104614,
    "1": 69.59764504432678,
    "2": 56.823497891426086,
    "3": 74.192999958992,
    "4": 53.09431052207947,
    "5": 54.28545820713043,
    "6": 62.621577501297,
    "7": 38.89368665218353
  },
  "3": {
    "0": 71.26810801029205,
    "1": 29.205171644687653,
    "2": 73.97675704956055,
    "3": 30.459133565425873,
    "4": 68.32463705539703,
    "5": 48.44995081424713,
    "6": 55.88907253742218,
    "7": 37.861601769924164
  },
  "4": {
    "0": 45.712005972862244,
    "1": 50.04386377334595,
    "2": 45.90898156166077,
    "3": 46.19786620140076,
    "4": 38.53440576791763,
    "5": 50.95180070400238,
    "6": 67.57022035121918,
    "7": 77.43276071548462
  },
  "5": {
    "0": 91.39107894897461,
    "1": 59.755308747291565,
    "2": 52.60161280632019,
    "3": 58.74709630012512,
    "4": 57.133338928222656,
    "5": 71.05712473392487,
    "6": 29.896648585796356,
    "7": 64.9347413778305
  },
  "6": {
    "0": 90.47699928283691,
    "1": 58.26450979709625,
    "2": 120.33281922340393,
    "3": 90.42552018165588,
    "4": 101.01417064666748,
    "5": 80.52224826812744,
    "6": 85.98540472984314,
    "7": 75.09898734092712
  },
  "7": {
    "0": 100.71762537956238,
    "1": 8.56282876431942,
    "2": 61.922582268714905,
    "3": 65.62342119216919,
    "4": 59.135066509246826,
    "5": 18.340913504362106,
    "6": 118.04120707511902,
    "7": 43.00373166799545
  },
  "8": {
    "0": 80.29975712299347,
    "1": 106.619802236557,
    "2": 80.16539490222931,
    "3": 71.46219527721405,
    "4": 29.019752383232117,
    "5": 34.64854657649994,
    "6": 94.95862245559692,
    "7": 89.81574153900146
  },
  "9": {
    "0": 100.8179714679718,
    "1": 69.77218532562256,
    "2": 10.978363886475563,
    "3": 107.26147365570068,
    "4": 20.82878088951111,
    "5": 111.4124128818512,
    "6": 47.992814779281616,
    "7": 10.693208053708076
  },
  "10": {
    "0": 120.47129368782043,
    "1": 76.02328610420227,
    "2": 152.1787052154541,
    "3": 72.65435254573822,
    "4": 47.465327739715576,
    "5": 103.79395890235901,
    "6": 54.478124499320984,
    "7": 96.26334691047668
  },
  "11": {
    "0": 91.17306399345398,
    "1": 108.22704839706421,
    "2": 32.6755291223526,
    "3": 75.47463023662567,
    "4": 93.34485960006714,
    "5": 61.81889367103577,
    "6": 82.4762374162674,
    "7": 47.74636912345886
  },
  "12": {
    "0": 121.98126530647278,
    "1": 86.88238453865051,
    "2": 97.35035467147827,
    "3": 64.23717331886292,
    "4": 131.53679275512695,
    "5": 49.50930917263031,
    "6": 179.92248582839966,
    "7": 44.205440163612366
  },
  "13": {
    "0": 119.02271509170532,
    "1": 121.47101831436157,
    "2": 47.9177051782608,
    "3": 10.0327258259058,
    "4": 83.7845014333725,
    "5": 101.87227034568787,
    "6": 79.70946061611176,
    "7": 22.04963719844818
  },
  "14": {
    "0": 221.35904169082642,
    "1": 199.52045726776123,
    "2": 166.54130744934082,
    "3": 139.1858947277069,
    "4": 105.77802729606628,
    "5": 344.81311988830566,
    "6": 108.13030886650085,
    "7": 191.1345248222351
  },
  "15": {
    "0": 42.0764918923378,
    "1": 66.53304517269135,
    "2": 61.07014298439026,
    "3": 64.08625102043152,
    "4": 59.54943549633026,
    "5": 62.395957350730896,
    "6": 78.94310450553894,
    "7": 69.51615810394287
  },
  "16": {
    "0": 40.54754996299744,
    "1": 88.62180662155151,
    "2": 18.64883428812027,
    "3": 51.64453566074371,
    "4": 36.87302416563034,
    "5": 57.15685033798218,
    "6": 11.369347751140594,
    "7": 23.293967127799988
  },
  "17": {
    "0": 17.478621810674667,
    "1": 12.67596822977066,
    "2": 40.58974611759186,
    "3": 12.262950092554092,
    "4": 42.90556728839874,
    "5": 11.304462760686874,
    "6": 21.765833973884583,
    "7": 38.23721385002136
  },
  "18": {
    "0": 14.943975687026978,
    "1": 10.179857403039932,
    "2": 14.510891705751419,
    "3": 24.84613275527954,
    "4": 20.6142016351223,
    "5": 20.390823543071747,
    "6": 51.357619524002075,
    "7": 83.67161631584167
  },
  "19": {
    "0": 10.391375690698624,
    "1": 62.01766073703766,
    "2": 10.514576494693756,
    "3": 11.531106740236282,
    "4": 16.788135021924973,
    "5": 13.676831662654877,
    "6": 26.760242879390717,
    "7": 17.467747777700424
  },
  "20": {
    "0": 12.476063936948776,
    "1": 13.423683881759644,
    "2": 22.17047345638275,
    "3": 54.7590708732605,
    "4": 15.046041667461395,
    "5": 29.43146985769272,
    "6": 2.6799253672361374,
    "7": 26.228396773338318
  },
  "21": {
    "0": 31.210688412189484,
    "1": 8.310802683234215,
    "2": 21.873038351535797,
    "3": 14.689782202243805,
    "4": 3.4803700149059296,
    "5": 3.030488334596157,
    "6": 10.280191242694855,
    "7": 2.669143386185169
  }
}