{
  "0": {
    "0": 85.03425002098083,
    "1": 52.750991344451904,
    "2": 53.97495746612549,
    "3": 68.30912148952484,
    "4": 56.15978479385376,
    "5": 78.38844633102417,
    "6": 71.28272199630737,
    "7": 55.82061779499054
  },
  "1": {
    "0": 43.32031953334808,
    "1": 49.61592400074005,
    "2": 40.31814658641815,
    "3": 41.30211424827576,
    "4": 39.46826434135437,
    "5": 37.610475957393646,
    "6": 40.60038334131241,
    "7": 27.975157737731934
  },
  "2": {
    "0": 24.312296986579895,
    "1": 40.23934614658356,
    "2": 34.75857049226761,
    "3": 45.451244711875916,
    "4": 32.718431770801544,
    "5": 32.34908443689346,
    "6": 35.5203332901001,
    "7": 21.844147086143494
  },
  "3": {
    "0": 38.7300980091095,
    "1": 16.000092566013336,
    "2": 43.12364423274994,
    "3": 17.663705050945282,
    "4": 38.426146030426025,
    "5": 29.72123807668686,
    "6": 30.510203182697296,
    "7": 23.56291514635086
  },
  "4": {
    "0": 26.634794414043427,
    "1": 28.172975718975067,
    "2": 25.68182921409607,
    "3": 25.295431792736053,
    "4": 21.565584361553192,
    "5": 30.341830372810364,
    "6": 38.71722102165222,
    "7": 47.363296151161194
  },
  "5": {
    "0": 50.782848715782166,
    "1": 33.78890937566757,
    "2": 26.84709233045578,
    "3": 32.415994703769684,
    "4": 31.382341861724854,
    "5": 40.24942207336426,
    "6": 16.98505401611328,
    "7": 37.41319841146469
  },
  "6": {
    "0": 51.84018325805664,
    "1": 34.80029445886612,
    "2": 75.94294738769531,
    "3": 47.62858712673187,
    "4": 54.271342635154724,
    "5": 43.51813280582428,
    "6": 48.02749276161194,
    "7": 42.51769840717316
  },
  "7": {
    "0": 54.07779061794281,
    "1": 4.206931672990322,
    "2": 30.590552806854248,
    "3": 29.685126304626465,
    "4": 33.73541384935379,
    "5": 8.945295885205269,
    "6": 57.61553907394409,
    "7": 22.0872483253479
  },
  "8": {
    "0": 46.50453543663025,
    "1": 50.00982987880707,
    "2": 40.06409776210785,
    "3": 42.16750347614288,
    "4": 13.905955374240875,
    "5": 16.074178159236908,
    "6": 45.638721346855164,
    "7": 45.62154722213745
  },
  "9": {
    "0": 49.16954553127289,
    "1": 33.37832814455032,
    "2": 5.024135209619999,
    "3": 55.282814025878906,
    "4": 8.936058029532433,
    "5": 57.785807371139526,
    "6": 21.651286274194717,
    "7": 4.50905954092741
  },
  "10": {
    "0": 59.661235213279724,
    "1": 43.20175778865814,
    "2": 71.01020920276642,
    "3": 33.28292167186737,
    "4": 22.605428159236908,
    "5": 49.60228669643402,
    "6": 24.796122670173645,
    "7": 46.97202432155609
  },
  "11": {
    "0": 44.42482829093933,
    "1": 51.59001576900482,
    "2": 12.702882677316666,
    "3": 33.70085126161575,
    "4": 43.4164252281189,
    "5": 33.3593367934227,
    "6": 38.0333337187767,
    "7": 19.843336760997772
  },
  "12": {
    "0": 45.014769554138184,
    "1": 37.693376302719116,
    "2": 43.132508873939514,
    "3": 30.300558149814606,
    "4": 64.28993332386017,
    "5": 26.311781525611877,
    "6": 77.72752714157104,
    "7": 21.052979111671448
  },
  "13": {
    "0": 51.85964226722717,
    "1": 59.44023847579956,
    "2": 17.730635702610016,
    "3": 3.806127831339836,
    "4": 34.912255346775055,
    "5": 44.504202246665955,
    "6": 35.71315288543701,
    "7": 8.715755313634872
  },
  "14": {
    "0": 63.7166086435318,
    "1": 64.09631896018982,
    "2": 44.321434020996094,
    "3": 44.43021595478058,
    "4": 43.54107308387756,
    "5": 60.43945050239563,
    "6": 42.62287402153015,
    "7": 56.62175524234772
  },
  "15": {
    "0": 52.49796998500824,
    "1": 63.57399117946625,
    "2": 60.906168699264526,
    "3": 25.442929565906525,
    "4": 46.61667716503143,
    "5": 51.94302582740784,
    "6": 50.10641121864319,
    "7": 36.99748396873474
  },
  "16": {
    "0": 55.65740513801575,
    "1": 44.07877051830292,
    "2": 39.924986362457275,
    "3": 47.64961493015289,
    "4": 31.292475521564484,
    "5": 13.439224541187286,
    "6": 74.40642142295837,
    "7": 45.959099888801575
  },
  "17": {
    "0": 19.265688121318817,
    "1": 53.83837902545929,
    "2": 29.452530682086945,
    "3": 40.52342164516449,
    "4": 71.55166923999786,
    "5": 24.31801813840866,
    "6": 45.864015102386475,
    "7": 42.28643977642059
  },
  "18": {
    "0": 70.2645457983017,
    "1": 32.67100256681442,
    "2": 18.742793887853622,
    "3": 49.61505913734436,
    "4": 30.45848846435547,
    "5": 39.72771954536438,
    "6": 31.005806386470795,
    "7": 37.84603089094162
  },
  "19": {
    "0": 26.68197113275528,
    "1": 39.82473433017731,
    "2": 39.18789100646973,
    "3": 31.11109584569931,
    "4": 50.93440818786621,
    "5": 50.603415727615356,
    "6": 13.814227640628815,
    "7": 14.158296018838882
  },
  "20": {
    "0": 16.83805724978447,
    "1": 38.210020899772644,
    "2": 46.37775266170502,
    "3": 23.19737219810486,
    "4": 43.855557680130005,
    "5": 18.83869981765747,
    "6": 7.495396092534065,
    "7": 11.190856218338013
  },
  "21": {
    "0": 48.60863423347473,
    "1": 19.518610537052155,
    "2": 15.339899092912674,
    "3": 52.320340514183044,
    "4": 12.075603187084198,
    "5": 20.327353179454803,
    "6": 24.039876103401184,
    "7": 17.700384974479675
  },
  "22": {
    "0": 28.194229423999786,
    "1": 23.79023689031601,
    "2": 28.341615915298462,
    "3": 56.657790780067444,
    "4": 94.67890286445618,
    "5": 7.241852700710297,
    "6": 30.047630429267883,
    "7": 15.135845959186554
  },
  "23": {
    "0": 30.334264874458313,
    "1": 16.338663578033447,
    "2": 31.39040219783783,
    "3": 15.243719607591629,
    "4": 12.664811611175537,
    "5": 16.316217124462128,
    "6": 40.21655559539795,
    "7": 14.800160497426987
  },
  "24": {
    "0": 19.23564475774765,
    "1": 8.182801589369774,
    "2": 13.547801047563553,
    "3": 16.014210730791092,
    "4": 9.717611402273178,
    "5": 6.197981804609299,
    "6": 26.611209273338318,
    "7": 18.328606724739075
  },
  "25": {
    "0": 8.967370018362999,
    "1": 16.769189178943634,
    "2": 11.470213234424591,
    "3": 17.985377252101898,
    "4": 7.15141461789608,
    "5": 6.675517112016678,
    "6": 3.6769489347934723,
    "7": 12.112826526165009
  },
  "26": {
    "0": 13.739147007465363,
    "1": 7.640782818198204,
    "2": 8.411934733390808,
    "3": 10.31066757440567,
    "4": 9.46241694688797,
    "5": 3.4634213224053383,
    "6": 5.138281762599945,
    "7": 3.9191944301128387
  },
  "27": {
    "0": 14.476881742477417,
    "1": 7.49912491440773,
    "2": 8.411729514598846,
    "3": 18.84032440185547,
    "4": 7.580678641796112,
    "5": 5.8835703283548355,
    "6": 5.536804214119911,
    "7": 7.027813136577606
  },
  "28": {
    "0": 9.71393883228302,
    "1": 13.951853930950165,
    "2": 7.625674799084663,
    "3": 9.412931144237518,
    "4": 4.384817488491535,
    "5": 28.239493489265442,
    "6": 7.679623678326607,
    "7": 21.517520785331726
  },
  "29": {
    "0": 7.6460461765527725,
    "1": 8.289211317896843,
    "2": 4.321023672819138,
    "3": 2.827594466507435,
    "4": 4.557441473007202,
    "5": 5.22403259575367,
    "6": 8.640126153826714,
    "7": 6.504825368523598
  },
  "30": {
    "0": 10.499223738908768,
    "1": 14.769854187965393,
    "2": 4.978653147816658,
    "3": 11.67463830113411,
    "4": 13.424393206834793,
    "5": 13.08881950378418,
    "6": 2.836590237915516,
    "7": 7.247553512454033
  },
  "31": {
    "0": 6.91599828004837,
    "1": 5.271473735570908,
    "2": 10.331074267625809,
    "3": 10.720294803380966,
    "4": 14.964784890413284,
    "5": 3.57420115172863,
    "6": 8.260553494095802,
    "7": 12.823751658201218
  },
  "32": {
    "0": 6.121573805809021,
    "1": 5.000744514167309,
    "2": 6.405193865299225,
    "3": 12.197587579488754,
    "4": 9.289832636713982,
    "5": 10.122780084609985,
    "6": 41.33399140834808,
    "7": 26.895355939865112
  },
  "33": {
    "0": 5.848632127046585,