{
    "hit@1": 0.007,
    "hit@5": 0.031,
    "hit@10": 0.055,
    "ndcg_linear@1": 0.007,
    "ndcg_linear@5": 0.018829943096074664,
    "ndcg_linear@10": 0.026558693497925064,
    "ndcg_exponential@1": 0.007,
    "ndcg_exponential@5": 0.018829943096074664,
    "ndcg_exponential@10": 0.026558693497925064,
    "precision@1": 0.007,
    "precision@5": 0.006199999999999999,
    "precision@10": 0.0055,
    "recall@1": 0.007,
    "recall@5": 0.031,
    "recall@10": 0.055,
    "f1@1": 0.007,
    "f1@5": 0.010333333333333335,
    "f1@10": 0.01,
    "map@1": 0.007,
    "map@5": 0.01485,
    "map@10": 0.0180218253968254,
    "mrr@1": 0.007,
    "mrr@5": 0.01485,
    "mrr@10": 0.0180218253968254,
    "num_pred": 1000,
    "num_data": 1000
}