{
    "hit@1": 0.002,
    "hit@5": 0.012,
    "hit@10": 0.024,
    "ndcg_linear@1": 0.002,
    "ndcg_linear@5": 0.006802095104744422,
    "ndcg_linear@10": 0.010856863095506245,
    "ndcg_exponential@1": 0.002,
    "ndcg_exponential@5": 0.006802095104744422,
    "ndcg_exponential@10": 0.010856863095506245,
    "precision@1": 0.002,
    "precision@5": 0.0024000000000000002,
    "precision@10": 0.0024000000000000002,
    "recall@1": 0.002,
    "recall@5": 0.012,
    "recall@10": 0.024,
    "f1@1": 0.002,
    "f1@5": 0.004,
    "f1@10": 0.004363636363636363,
    "map@1": 0.002,
    "map@5": 0.005116666666666666,
    "map@10": 0.006892460317460317,
    "mrr@1": 0.002,
    "mrr@5": 0.005116666666666666,
    "mrr@10": 0.006892460317460317,
    "num_pred": 1000,
    "num_data": 1000
}