{
    "hit@1": 0.005,
    "hit@5": 0.006,
    "hit@10": 0.017,
    "ndcg_linear@1": 0.005,
    "ndcg_linear@5": 0.005430676558073393,
    "ndcg_linear@10": 0.008749415645704148,
    "ndcg_exponential@1": 0.005,
    "ndcg_exponential@5": 0.005430676558073393,
    "ndcg_exponential@10": 0.008749415645704148,
    "precision@1": 0.005,
    "precision@5": 0.0012,
    "precision@10": 0.0017,
    "recall@1": 0.005,
    "recall@5": 0.006,
    "recall@10": 0.017,
    "f1@1": 0.005,
    "f1@5": 0.0020000000000000005,
    "f1@10": 0.003090909090909091,
    "map@1": 0.005,
    "map@5": 0.00525,
    "map@10": 0.006480555555555555,
    "mrr@1": 0.005,
    "mrr@5": 0.00525,
    "mrr@10": 0.006480555555555555,
    "num_pred": 1000,
    "num_data": 1000
}