{
    "hit@1": 0.048,
    "hit@5": 0.179,
    "hit@10": 0.358,
    "ndcg_linear@1": 0.048,
    "ndcg_linear@5": 0.10885962063750762,
    "ndcg_linear@10": 0.16461378379386532,
    "ndcg_exponential@1": 0.048,
    "ndcg_exponential@5": 0.10885962063750762,
    "ndcg_exponential@10": 0.16461378379386532,
    "precision@1": 0.048,
    "precision@5": 0.035800000000000005,
    "precision@10": 0.0358,
    "recall@1": 0.048,
    "recall@5": 0.179,
    "recall@10": 0.358,
    "f1@1": 0.048,
    "f1@5": 0.05966666666666667,
    "f1@10": 0.06509090909090909,
    "map@1": 0.048,
    "map@5": 0.08639999999999999,
    "map@10": 0.10817222222222221,
    "mrr@1": 0.048,
    "mrr@5": 0.08639999999999999,
    "mrr@10": 0.10817222222222221,
    "num_pred": 1000,
    "num_data": 1000
}