{
    "hit@1": 0.023,
    "hit@5": 0.189,
    "hit@10": 0.668,
    "ndcg_linear@1": 0.023,
    "ndcg_linear@5": 0.10196675289517498,
    "ndcg_linear@10": 0.24369973807536127,
    "ndcg_exponential@1": 0.023,
    "ndcg_exponential@5": 0.10196675289517498,
    "ndcg_exponential@10": 0.24369973807536127,
    "precision@1": 0.023,
    "precision@5": 0.03780000000000001,
    "precision@10": 0.0668,
    "recall@1": 0.023,
    "recall@5": 0.189,
    "recall@10": 0.668,
    "f1@1": 0.023,
    "f1@5": 0.063,
    "f1@10": 0.12145454545454547,
    "map@1": 0.023,
    "map@5": 0.07401666666666666,
    "map@10": 0.12508174603174604,
    "mrr@1": 0.023,
    "mrr@5": 0.07401666666666666,
    "mrr@10": 0.12508174603174604,
    "num_pred": 1000,
    "num_data": 1000
}