{
    "hit@1": 0.002,
    "hit@5": 0.004,
    "hit@10": 0.009,
    "ndcg_linear@1": 0.002,
    "ndcg_linear@5": 0.0030177825608059994,
    "ndcg_linear@10": 0.0046307512365625575,
    "ndcg_exponential@1": 0.002,
    "ndcg_exponential@5": 0.0030177825608059994,
    "ndcg_exponential@10": 0.0046307512365625575,
    "precision@1": 0.002,
    "precision@5": 0.0008,
    "precision@10": 0.0009,
    "recall@1": 0.002,
    "recall@5": 0.004,
    "recall@10": 0.009,
    "f1@1": 0.002,
    "f1@5": 0.0013333333333333335,
    "f1@10": 0.0016363636363636363,
    "map@1": 0.002,
    "map@5": 0.0027,
    "map@10": 0.003363492063492064,
    "mrr@1": 0.002,
    "mrr@5": 0.0027,
    "mrr@10": 0.003363492063492064,
    "num_pred": 1000,
    "num_data": 1000
}