{
    "hit@1": 0.543,
    "hit@5": 0.775,
    "hit@10": 0.836,
    "ndcg_linear@1": 0.543,
    "ndcg_linear@5": 0.6690520909539334,
    "ndcg_linear@10": 0.6886876684317629,
    "ndcg_exponential@1": 0.543,
    "ndcg_exponential@5": 0.6690520909539334,
    "ndcg_exponential@10": 0.6886876684317629,
    "precision@1": 0.543,
    "precision@5": 0.155,
    "precision@10": 0.0836,
    "recall@1": 0.543,
    "recall@5": 0.775,
    "recall@10": 0.836,
    "f1@1": 0.543,
    "f1@5": 0.25833333333333336,
    "f1@10": 0.152,
    "map@1": 0.543,
    "map@5": 0.6336,
    "map@10": 0.6416547619047619,
    "mrr@1": 0.543,
    "mrr@5": 0.6336,
    "mrr@10": 0.6416547619047619,
    "num_pred": 1000,
    "num_data": 1000
}