{
    "hit@1": 0.642,
    "hit@5": 0.898,
    "hit@10": 0.967,
    "ndcg_linear@1": 0.642,
    "ndcg_linear@5": 0.7824151476155398,
    "ndcg_linear@10": 0.8051293321816652,
    "ndcg_exponential@1": 0.642,
    "ndcg_exponential@5": 0.7824151476155398,
    "ndcg_exponential@10": 0.8051293321816652,
    "precision@1": 0.642,
    "precision@5": 0.1796,
    "precision@10": 0.09670000000000002,
    "recall@1": 0.642,
    "recall@5": 0.898,
    "recall@10": 0.967,
    "f1@1": 0.642,
    "f1@5": 0.2993333333333334,
    "f1@10": 0.17581818181818182,
    "map@1": 0.642,
    "map@5": 0.7436166666666667,
    "map@10": 0.7532285714285714,
    "mrr@1": 0.642,
    "mrr@5": 0.7436166666666667,
    "mrr@10": 0.7532285714285714,
    "num_pred": 1000,
    "num_data": 1000
}