{
    "hit@1": 0.69,
    "hit@5": 0.926,
    "hit@10": 0.97,
    "ndcg_linear@1": 0.69,
    "ndcg_linear@5": 0.8179068099376885,
    "ndcg_linear@10": 0.8323893909559041,
    "ndcg_exponential@1": 0.69,
    "ndcg_exponential@5": 0.8179068099376885,
    "ndcg_exponential@10": 0.8323893909559041,
    "precision@1": 0.69,
    "precision@5": 0.18520000000000006,
    "precision@10": 0.09700000000000002,
    "recall@1": 0.69,
    "recall@5": 0.926,
    "recall@10": 0.97,
    "f1@1": 0.69,
    "f1@5": 0.30866666666666664,
    "f1@10": 0.17636363636363633,
    "map@1": 0.69,
    "map@5": 0.7817333333333334,
    "map@10": 0.7878527777777778,
    "mrr@1": 0.69,
    "mrr@5": 0.7817333333333334,
    "mrr@10": 0.7878527777777778,
    "num_pred": 1000,
    "num_data": 1000
}