{
    "hit@1": 0.377,
    "hit@5": 0.575,
    "hit@10": 0.648,
    "ndcg_linear@1": 0.377,
    "ndcg_linear@5": 0.48476522100565683,
    "ndcg_linear@10": 0.5087909610883127,
    "ndcg_exponential@1": 0.377,
    "ndcg_exponential@5": 0.48476522100565683,
    "ndcg_exponential@10": 0.5087909610883127,
    "precision@1": 0.377,
    "precision@5": 0.11499999999999999,
    "precision@10": 0.0648,
    "recall@1": 0.377,
    "recall@5": 0.575,
    "recall@10": 0.648,
    "f1@1": 0.377,
    "f1@5": 0.1916666666666667,
    "f1@10": 0.11781818181818184,
    "map@1": 0.377,
    "map@5": 0.4545166666666666,
    "map@10": 0.46468531746031744,
    "mrr@1": 0.377,
    "mrr@5": 0.4545166666666666,
    "mrr@10": 0.46468531746031744,
    "num_pred": 1000,
    "num_data": 1000
}