{
    "hit@1": 0.407,
    "hit@5": 0.604,
    "hit@10": 0.674,
    "ndcg_linear@1": 0.407,
    "ndcg_linear@5": 0.5106146737400724,
    "ndcg_linear@10": 0.5332016245978947,
    "ndcg_exponential@1": 0.407,
    "ndcg_exponential@5": 0.5106146737400724,
    "ndcg_exponential@10": 0.5332016245978947,
    "precision@1": 0.407,
    "precision@5": 0.12079999999999998,
    "precision@10": 0.06739999999999999,
    "recall@1": 0.407,
    "recall@5": 0.604,
    "recall@10": 0.674,
    "f1@1": 0.407,
    "f1@5": 0.20133333333333336,
    "f1@10": 0.12254545454545455,
    "map@1": 0.407,
    "map@5": 0.4797,
    "map@10": 0.48899603174603173,
    "mrr@1": 0.407,
    "mrr@5": 0.4797,
    "mrr@10": 0.48899603174603173,
    "num_pred": 1000,
    "num_data": 1000
}