{
    "hit@1": 0.529,
    "hit@5": 0.779,
    "hit@10": 0.862,
    "ndcg_linear@1": 0.529,
    "ndcg_linear@5": 0.6649393552046418,
    "ndcg_linear@10": 0.6918837684919583,
    "ndcg_exponential@1": 0.529,
    "ndcg_exponential@5": 0.6649393552046418,
    "ndcg_exponential@10": 0.6918837684919583,
    "precision@1": 0.529,
    "precision@5": 0.1558,
    "precision@10": 0.0862,
    "recall@1": 0.529,
    "recall@5": 0.779,
    "recall@10": 0.862,
    "f1@1": 0.529,
    "f1@5": 0.25966666666666677,
    "f1@10": 0.15672727272727274,
    "map@1": 0.529,
    "map@5": 0.6267166666666667,
    "map@10": 0.6378988095238095,
    "mrr@1": 0.529,
    "mrr@5": 0.6267166666666667,
    "mrr@10": 0.6378988095238095,
    "num_pred": 1000,
    "num_data": 1000
}