{
    "hit@1": 0.01,
    "hit@5": 0.032,
    "hit@10": 0.06,
    "ndcg_linear@1": 0.01,
    "ndcg_linear@5": 0.020672972152470354,
    "ndcg_linear@10": 0.029691777891880364,
    "ndcg_exponential@1": 0.01,
    "ndcg_exponential@5": 0.020672972152470354,
    "ndcg_exponential@10": 0.029691777891880364,
    "precision@1": 0.01,
    "precision@5": 0.0064,
    "precision@10": 0.006,
    "recall@1": 0.01,
    "recall@5": 0.032,
    "recall@10": 0.06,
    "f1@1": 0.01,
    "f1@5": 0.010666666666666668,
    "f1@10": 0.01090909090909091,
    "map@1": 0.01,
    "map@5": 0.017,
    "map@10": 0.020698412698412695,
    "mrr@1": 0.01,
    "mrr@5": 0.017,
    "mrr@10": 0.020698412698412695,
    "num_pred": 1000,
    "num_data": 1000
}