{
    "hit@1": 0.023,
    "hit@5": 0.1,
    "hit@10": 0.158,
    "ndcg_linear@1": 0.023,
    "ndcg_linear@5": 0.06207229093946256,
    "ndcg_linear@10": 0.08073875852810329,
    "ndcg_exponential@1": 0.023,
    "ndcg_exponential@5": 0.06207229093946256,
    "ndcg_exponential@10": 0.08073875852810329,
    "precision@1": 0.023,
    "precision@5": 0.02,
    "precision@10": 0.0158,
    "recall@1": 0.023,
    "recall@5": 0.1,
    "recall@10": 0.158,
    "f1@1": 0.023,
    "f1@5": 0.03333333333333334,
    "f1@10": 0.028727272727272726,
    "map@1": 0.023,
    "map@5": 0.04963333333333333,
    "map@10": 0.05728690476190476,
    "mrr@1": 0.023,
    "mrr@5": 0.04963333333333333,
    "mrr@10": 0.05728690476190476,
    "num_pred": 1000,
    "num_data": 1000
}