{
    "hit@1": 0.083,
    "hit@5": 0.243,
    "hit@10": 0.345,
    "ndcg_linear@1": 0.083,
    "ndcg_linear@5": 0.1654858309336569,
    "ndcg_linear@10": 0.19863351854420228,
    "ndcg_exponential@1": 0.083,
    "ndcg_exponential@5": 0.1654858309336569,
    "ndcg_exponential@10": 0.19863351854420228,
    "precision@1": 0.083,
    "precision@5": 0.048600000000000004,
    "precision@10": 0.0345,
    "recall@1": 0.083,
    "recall@5": 0.243,
    "recall@10": 0.345,
    "f1@1": 0.083,
    "f1@5": 0.08100000000000002,
    "f1@10": 0.06272727272727273,
    "map@1": 0.083,
    "map@5": 0.13989999999999997,
    "map@10": 0.1536861111111111,
    "mrr@1": 0.083,
    "mrr@5": 0.13989999999999997,
    "mrr@10": 0.1536861111111111,
    "num_pred": 1000,
    "num_data": 1000
}