{
    "hit@1": 0.571,
    "hit@5": 0.817,
    "hit@10": 0.892,
    "ndcg_linear@1": 0.571,
    "ndcg_linear@5": 0.7029168746930747,
    "ndcg_linear@10": 0.7272882290881874,
    "ndcg_exponential@1": 0.571,
    "ndcg_exponential@5": 0.7029168746930747,
    "ndcg_exponential@10": 0.7272882290881874,
    "precision@1": 0.571,
    "precision@5": 0.16340000000000002,
    "precision@10": 0.08920000000000002,
    "recall@1": 0.571,
    "recall@5": 0.817,
    "recall@10": 0.892,
    "f1@1": 0.571,
    "f1@5": 0.27233333333333337,
    "f1@10": 0.16218181818181818,
    "map@1": 0.571,
    "map@5": 0.6649166666666666,
    "map@10": 0.6750496031746033,
    "mrr@1": 0.571,
    "mrr@5": 0.6649166666666666,
    "mrr@10": 0.6750496031746033,
    "num_pred": 1000,
    "num_data": 1000
}