{
    "hit@1": 0.597,
    "hit@5": 0.874,
    "hit@10": 0.95,
    "ndcg_linear@1": 0.597,
    "ndcg_linear@5": 0.7482967884478399,
    "ndcg_linear@10": 0.7728776774235175,
    "ndcg_exponential@1": 0.597,
    "ndcg_exponential@5": 0.7482967884478399,
    "ndcg_exponential@10": 0.7728776774235175,
    "precision@1": 0.597,
    "precision@5": 0.1748,
    "precision@10": 0.09500000000000001,
    "recall@1": 0.597,
    "recall@5": 0.874,
    "recall@10": 0.95,
    "f1@1": 0.597,
    "f1@5": 0.2913333333333334,
    "f1@10": 0.17272727272727273,
    "map@1": 0.597,
    "map@5": 0.7061166666666667,
    "map@10": 0.7162654761904762,
    "mrr@1": 0.597,
    "mrr@5": 0.7061166666666667,
    "mrr@10": 0.7162654761904762,
    "num_pred": 1000,
    "num_data": 1000
}