{
    "hit@1": 0.002,
    "hit@5": 0.014,
    "hit@10": 0.024,
    "ndcg_linear@1": 0.002,
    "ndcg_linear@5": 0.007783771044993326,
    "ndcg_linear@10": 0.011025622478162122,
    "ndcg_exponential@1": 0.002,
    "ndcg_exponential@5": 0.007783771044993326,
    "ndcg_exponential@10": 0.011025622478162122,
    "precision@1": 0.002,
    "precision@5": 0.0028000000000000004,
    "precision@10": 0.0024000000000000002,
    "recall@1": 0.002,
    "recall@5": 0.014,
    "recall@10": 0.024,
    "f1@1": 0.002,
    "f1@5": 0.004666666666666667,
    "f1@10": 0.004363636363636363,
    "map@1": 0.002,
    "map@5": 0.0057666666666666665,
    "map@10": 0.007112301587301586,
    "mrr@1": 0.002,
    "mrr@5": 0.0057666666666666665,
    "mrr@10": 0.007112301587301586,
    "num_pred": 1000,
    "num_data": 1000
}