{
    "hit@1": 0.085,
    "hit@5": 0.199,
    "hit@10": 0.266,
    "ndcg_linear@1": 0.085,
    "ndcg_linear@5": 0.14342308937513093,
    "ndcg_linear@10": 0.16495877179129304,
    "ndcg_exponential@1": 0.085,
    "ndcg_exponential@5": 0.14342308937513093,
    "ndcg_exponential@10": 0.16495877179129304,
    "precision@1": 0.085,
    "precision@5": 0.039799999999999995,
    "precision@10": 0.0266,
    "recall@1": 0.085,
    "recall@5": 0.199,
    "recall@10": 0.266,
    "f1@1": 0.085,
    "f1@5": 0.06633333333333334,
    "f1@10": 0.04836363636363637,
    "map@1": 0.085,
    "map@5": 0.12515,
    "map@10": 0.13396031746031745,
    "mrr@1": 0.085,
    "mrr@5": 0.12515,
    "mrr@10": 0.13396031746031745,
    "num_pred": 1000,
    "num_data": 1000
}