{
    "hit@1": 0.539,
    "hit@5": 0.818,
    "hit@10": 0.905,
    "ndcg_linear@1": 0.539,
    "ndcg_linear@5": 0.6870837542120986,
    "ndcg_linear@10": 0.7153612367120752,
    "ndcg_exponential@1": 0.539,
    "ndcg_exponential@5": 0.6870837542120986,
    "ndcg_exponential@10": 0.7153612367120752,
    "precision@1": 0.539,
    "precision@5": 0.1636,
    "precision@10": 0.09050000000000001,
    "recall@1": 0.539,
    "recall@5": 0.818,
    "recall@10": 0.905,
    "f1@1": 0.539,
    "f1@5": 0.2726666666666667,
    "f1@10": 0.16454545454545455,
    "map@1": 0.539,
    "map@5": 0.6435333333333333,
    "map@10": 0.6552781746031746,
    "mrr@1": 0.539,
    "mrr@5": 0.6435333333333333,
    "mrr@10": 0.6552781746031746,
    "num_pred": 1000,
    "num_data": 1000
}