{
    "hit@1": 0.61,
    "hit@5": 0.88,
    "hit@10": 0.939,
    "ndcg_linear@1": 0.61,
    "ndcg_linear@5": 0.7550376089606509,
    "ndcg_linear@10": 0.774351053101508,
    "ndcg_exponential@1": 0.61,
    "ndcg_exponential@5": 0.7550376089606509,
    "ndcg_exponential@10": 0.774351053101508,
    "precision@1": 0.61,
    "precision@5": 0.176,
    "precision@10": 0.09390000000000001,
    "recall@1": 0.61,
    "recall@5": 0.88,
    "recall@10": 0.939,
    "f1@1": 0.61,
    "f1@5": 0.2933333333333334,
    "f1@10": 0.17072727272727273,
    "map@1": 0.61,
    "map@5": 0.7133166666666667,
    "map@10": 0.7214261904761904,
    "mrr@1": 0.61,
    "mrr@5": 0.7133166666666667,
    "mrr@10": 0.7214261904761904,
    "num_pred": 1000,
    "num_data": 1000
}