{
    "hit@1": 0.007,
    "hit@5": 0.022,
    "hit@10": 0.034,
    "ndcg_linear@1": 0.007,
    "ndcg_linear@5": 0.014476307110209636,
    "ndcg_linear@10": 0.01834055670302965,
    "ndcg_exponential@1": 0.007,
    "ndcg_exponential@5": 0.014476307110209636,
    "ndcg_exponential@10": 0.01834055670302965,
    "precision@1": 0.007,
    "precision@5": 0.0044,
    "precision@10": 0.0034,
    "recall@1": 0.007,
    "recall@5": 0.022,
    "recall@10": 0.034,
    "f1@1": 0.007,
    "f1@5": 0.007333333333333334,
    "f1@10": 0.006181818181818182,
    "map@1": 0.007,
    "map@5": 0.012016666666666665,
    "map@10": 0.01360515873015873,
    "mrr@1": 0.007,
    "mrr@5": 0.012016666666666665,
    "mrr@10": 0.01360515873015873,
    "num_pred": 1000,
    "num_data": 1000
}