{
    "hit@1": 0.003,
    "hit@5": 0.017,
    "hit@10": 0.023,
    "ndcg_linear@1": 0.003,
    "ndcg_linear@5": 0.009549759529180652,
    "ndcg_linear@10": 0.01146975410907,
    "ndcg_exponential@1": 0.003,
    "ndcg_exponential@5": 0.009549759529180652,
    "ndcg_exponential@10": 0.01146975410907,
    "precision@1": 0.003,
    "precision@5": 0.0034000000000000002,
    "precision@10": 0.0023,
    "recall@1": 0.003,
    "recall@5": 0.017,
    "recall@10": 0.023,
    "f1@1": 0.003,
    "f1@5": 0.005666666666666667,
    "f1@10": 0.0041818181818181815,
    "map@1": 0.003,
    "map@5": 0.007166666666666666,
    "map@10": 0.007945238095238094,
    "mrr@1": 0.003,
    "mrr@5": 0.007166666666666666,
    "mrr@10": 0.007945238095238094,
    "num_pred": 1000,
    "num_data": 1000
}