{
    "hit@1": 0.0,
    "hit@5": 0.009,
    "hit@10": 0.013,
    "ndcg_linear@1": 0.0,
    "ndcg_linear@5": 0.004946678442077467,
    "ndcg_linear@10": 0.006211971524646239,
    "ndcg_exponential@1": 0.0,
    "ndcg_exponential@5": 0.004946678442077467,
    "ndcg_exponential@10": 0.006211971524646239,
    "precision@1": 0.0,
    "precision@5": 0.0018,
    "precision@10": 0.0012999999999999997,
    "recall@1": 0.0,
    "recall@5": 0.009,
    "recall@10": 0.013,
    "f1@1": 0.0,
    "f1@5": 0.0030000000000000005,
    "f1@10": 0.0023636363636363638,
    "map@1": 0.0,
    "map@5": 0.003583333333333333,
    "map@10": 0.004087301587301587,
    "mrr@1": 0.0,
    "mrr@5": 0.003583333333333333,
    "mrr@10": 0.004087301587301587,
    "num_pred": 1000,
    "num_data": 1000
}