{
    "hit@1": 0.048,
    "hit@5": 0.175,
    "hit@10": 0.439,
    "ndcg_linear@1": 0.048,
    "ndcg_linear@5": 0.10747689748245551,
    "ndcg_linear@10": 0.1919547040966426,
    "ndcg_exponential@1": 0.048,
    "ndcg_exponential@5": 0.10747689748245551,
    "ndcg_exponential@10": 0.1919547040966426,
    "precision@1": 0.048,
    "precision@5": 0.035,
    "precision@10": 0.043899999999999995,
    "recall@1": 0.048,
    "recall@5": 0.175,
    "recall@10": 0.439,
    "f1@1": 0.048,
    "f1@5": 0.05833333333333334,
    "f1@10": 0.07981818181818184,
    "map@1": 0.048,
    "map@5": 0.08578333333333334,
    "map@10": 0.12011349206349206,
    "mrr@1": 0.048,
    "mrr@5": 0.08578333333333334,
    "mrr@10": 0.12011349206349206,
    "num_pred": 1000,
    "num_data": 1000
}