{
    "hit@1": 0.002,
    "hit@5": 0.013,
    "hit@10": 0.028,
    "ndcg_linear@1": 0.002,
    "ndcg_linear@5": 0.007188947911978964,
    "ndcg_linear@10": 0.011945471428629624,
    "ndcg_exponential@1": 0.002,
    "ndcg_exponential@5": 0.007188947911978964,
    "ndcg_exponential@10": 0.011945471428629624,
    "precision@1": 0.002,
    "precision@5": 0.0026000000000000007,
    "precision@10": 0.0028,
    "recall@1": 0.002,
    "recall@5": 0.013,
    "recall@10": 0.028,
    "f1@1": 0.002,
    "f1@5": 0.004333333333333334,
    "f1@10": 0.005090909090909092,
    "map@1": 0.002,
    "map@5": 0.005316666666666667,
    "map@10": 0.007223015873015873,
    "mrr@1": 0.002,
    "mrr@5": 0.005316666666666667,
    "mrr@10": 0.007223015873015873,
    "num_pred": 1000,
    "num_data": 1000
}