{
    "hit@1": 0.382,
    "hit@5": 0.607,
    "hit@10": 0.752,
    "ndcg_linear@1": 0.382,
    "ndcg_linear@5": 0.5008147453062465,
    "ndcg_linear@10": 0.546814555510465,
    "ndcg_exponential@1": 0.382,
    "ndcg_exponential@5": 0.5008147453062465,
    "ndcg_exponential@10": 0.546814555510465,
    "precision@1": 0.382,
    "precision@5": 0.12139999999999998,
    "precision@10": 0.0752,
    "recall@1": 0.382,
    "recall@5": 0.607,
    "recall@10": 0.752,
    "f1@1": 0.382,
    "f1@5": 0.20233333333333337,
    "f1@10": 0.13672727272727275,
    "map@1": 0.382,
    "map@5": 0.46536666666666665,
    "map@10": 0.48382301587301585,
    "mrr@1": 0.382,
    "mrr@5": 0.46536666666666665,
    "mrr@10": 0.48382301587301585,
    "num_pred": 1000,
    "num_data": 1000
}