{
    "hit@1": 0.006,
    "hit@5": 0.017,
    "hit@10": 0.029,
    "ndcg_linear@1": 0.006,
    "ndcg_linear@5": 0.011527847991330241,
    "ndcg_linear@10": 0.015500074876529983,
    "ndcg_exponential@1": 0.006,
    "ndcg_exponential@5": 0.011527847991330241,
    "ndcg_exponential@10": 0.015500074876529983,
    "precision@1": 0.006,
    "precision@5": 0.0034,
    "precision@10": 0.0029000000000000002,
    "recall@1": 0.006,
    "recall@5": 0.017,
    "recall@10": 0.029,
    "f1@1": 0.006,
    "f1@5": 0.005666666666666668,
    "f1@10": 0.005272727272727273,
    "map@1": 0.006,
    "map@5": 0.009733333333333333,
    "map@10": 0.011427380952380953,
    "mrr@1": 0.006,
    "mrr@5": 0.009733333333333333,
    "mrr@10": 0.011427380952380953,
    "num_pred": 1000,
    "num_data": 1000
}