{
    "hit@1": 0.002,
    "hit@5": 0.018,
    "hit@10": 0.03,
    "ndcg_linear@1": 0.002,
    "ndcg_linear@5": 0.009385612954239685,
    "ndcg_linear@10": 0.013291753963566787,
    "ndcg_exponential@1": 0.002,
    "ndcg_exponential@5": 0.009385612954239685,
    "ndcg_exponential@10": 0.013291753963566787,
    "precision@1": 0.002,
    "precision@5": 0.0036000000000000003,
    "precision@10": 0.003,
    "recall@1": 0.002,
    "recall@5": 0.018,
    "recall@10": 0.03,
    "f1@1": 0.002,
    "f1@5": 0.006,
    "f1@10": 0.005454545454545454,
    "map@1": 0.002,
    "map@5": 0.006633333333333334,
    "map@10": 0.008259126984126983,
    "mrr@1": 0.002,
    "mrr@5": 0.006633333333333334,
    "mrr@10": 0.008259126984126983,
    "num_pred": 1000,
    "num_data": 1000
}