{
    "hit@1": 0.005,
    "hit@5": 0.011,
    "hit@10": 0.018,
    "ndcg_linear@1": 0.005,
    "ndcg_linear@5": 0.008410571821520371,
    "ndcg_linear@10": 0.010685783077276018,
    "ndcg_exponential@1": 0.005,
    "ndcg_exponential@5": 0.008410571821520371,
    "ndcg_exponential@10": 0.010685783077276018,
    "precision@1": 0.005,
    "precision@5": 0.0022,
    "precision@10": 0.0018,
    "recall@1": 0.005,
    "recall@5": 0.011,
    "recall@10": 0.018,
    "f1@1": 0.005,
    "f1@5": 0.003666666666666667,
    "f1@10": 0.0032727272727272726,
    "map@1": 0.005,
    "map@5": 0.007533333333333333,
    "map@10": 0.008480555555555555,
    "mrr@1": 0.005,
    "mrr@5": 0.007533333333333333,
    "mrr@10": 0.008480555555555555,
    "num_pred": 1000,
    "num_data": 1000
}