{
    "hit@1": 0.019,
    "hit@5": 0.074,
    "hit@10": 0.107,
    "ndcg_linear@1": 0.019,
    "ndcg_linear@5": 0.045970963729527796,
    "ndcg_linear@10": 0.05645787483303464,
    "ndcg_exponential@1": 0.019,
    "ndcg_exponential@5": 0.045970963729527796,
    "ndcg_exponential@10": 0.05645787483303464,
    "precision@1": 0.019,
    "precision@5": 0.0148,
    "precision@10": 0.010700000000000001,
    "recall@1": 0.019,
    "recall@5": 0.074,
    "recall@10": 0.107,
    "f1@1": 0.019,
    "f1@5": 0.02466666666666667,
    "f1@10": 0.019454545454545454,
    "map@1": 0.019,
    "map@5": 0.036883333333333324,
    "map@10": 0.04110833333333334,
    "mrr@1": 0.019,
    "mrr@5": 0.036883333333333324,
    "mrr@10": 0.04110833333333334,
    "num_pred": 1000,
    "num_data": 1000
}