{
    "hit@1": 0.014,
    "hit@5": 0.061,
    "hit@10": 0.086,
    "ndcg_linear@1": 0.014,
    "ndcg_linear@5": 0.03773460458861067,
    "ndcg_linear@10": 0.045602221013543005,
    "ndcg_exponential@1": 0.014,
    "ndcg_exponential@5": 0.03773460458861067,
    "ndcg_exponential@10": 0.045602221013543005,
    "precision@1": 0.014,
    "precision@5": 0.0122,
    "precision@10": 0.008600000000000002,
    "recall@1": 0.014,
    "recall@5": 0.061,
    "recall@10": 0.086,
    "f1@1": 0.014,
    "f1@5": 0.020333333333333335,
    "f1@10": 0.015636363636363636,
    "map@1": 0.014,
    "map@5": 0.0301,
    "map@10": 0.03321984126984127,
    "mrr@1": 0.014,
    "mrr@5": 0.0301,
    "mrr@10": 0.03321984126984127,
    "num_pred": 1000,
    "num_data": 1000
}