{
    "hit@1": 0.021,
    "hit@5": 0.129,
    "hit@10": 0.19,
    "ndcg_linear@1": 0.021,
    "ndcg_linear@5": 0.07310300125520885,
    "ndcg_linear@10": 0.09289374277097569,
    "ndcg_exponential@1": 0.021,
    "ndcg_exponential@5": 0.07310300125520885,
    "ndcg_exponential@10": 0.09289374277097569,
    "precision@1": 0.021,
    "precision@5": 0.0258,
    "precision@10": 0.019,
    "recall@1": 0.021,
    "recall@5": 0.129,
    "recall@10": 0.19,
    "f1@1": 0.021,
    "f1@5": 0.043,
    "f1@10": 0.034545454545454546,
    "map@1": 0.021,
    "map@5": 0.055,
    "map@10": 0.06320357142857143,
    "mrr@1": 0.021,
    "mrr@5": 0.055,
    "mrr@10": 0.06320357142857143,
    "num_pred": 1000,
    "num_data": 1000
}