{
    "hit@1": 0.075,
    "hit@5": 0.194,
    "hit@10": 0.281,
    "ndcg_linear@1": 0.075,
    "ndcg_linear@5": 0.13628266181447576,
    "ndcg_linear@10": 0.16436584850360705,
    "ndcg_exponential@1": 0.075,
    "ndcg_exponential@5": 0.13628266181447576,
    "ndcg_exponential@10": 0.16436584850360705,
    "precision@1": 0.075,
    "precision@5": 0.038799999999999994,
    "precision@10": 0.0281,
    "recall@1": 0.075,
    "recall@5": 0.194,
    "recall@10": 0.281,
    "f1@1": 0.075,
    "f1@5": 0.06466666666666669,
    "f1@10": 0.0510909090909091,
    "map@1": 0.075,
    "map@5": 0.11728333333333334,
    "map@10": 0.12884484126984125,
    "mrr@1": 0.075,
    "mrr@5": 0.11728333333333334,
    "mrr@10": 0.12884484126984125,
    "num_pred": 1000,
    "num_data": 1000
}