{
    "hit@1": 0.356,
    "hit@5": 0.636,
    "hit@10": 0.753,
    "ndcg_linear@1": 0.356,
    "ndcg_linear@5": 0.5075105115723613,
    "ndcg_linear@10": 0.5454815616135897,
    "ndcg_exponential@1": 0.356,
    "ndcg_exponential@5": 0.5075105115723613,
    "ndcg_exponential@10": 0.5454815616135897,
    "precision@1": 0.356,
    "precision@5": 0.12719999999999998,
    "precision@10": 0.0753,
    "recall@1": 0.356,
    "recall@5": 0.636,
    "recall@10": 0.753,
    "f1@1": 0.356,
    "f1@5": 0.21200000000000005,
    "f1@10": 0.13690909090909092,
    "map@1": 0.356,
    "map@5": 0.4645333333333333,
    "map@10": 0.48028015873015867,
    "mrr@1": 0.356,
    "mrr@5": 0.4645333333333333,
    "mrr@10": 0.48028015873015867,
    "num_pred": 1000,
    "num_data": 1000
}