{
    "hit@1": 0.153,
    "hit@5": 0.367,
    "hit@10": 0.491,
    "ndcg_linear@1": 0.153,
    "ndcg_linear@5": 0.2625570127507338,
    "ndcg_linear@10": 0.3025035770206644,
    "ndcg_exponential@1": 0.153,
    "ndcg_exponential@5": 0.2625570127507338,
    "ndcg_exponential@10": 0.3025035770206644,
    "precision@1": 0.153,
    "precision@5": 0.0734,
    "precision@10": 0.04909999999999999,
    "recall@1": 0.153,
    "recall@5": 0.367,
    "recall@10": 0.491,
    "f1@1": 0.153,
    "f1@5": 0.12233333333333336,
    "f1@10": 0.08927272727272728,
    "map@1": 0.153,
    "map@5": 0.22821666666666668,
    "map@10": 0.2446047619047619,
    "mrr@1": 0.153,
    "mrr@5": 0.22821666666666668,
    "mrr@10": 0.2446047619047619,
    "num_pred": 1000,
    "num_data": 1000
}