{
    "hit@1": 0.005,
    "hit@5": 0.022,
    "hit@10": 0.048,
    "ndcg_linear@1": 0.005,
    "ndcg_linear@5": 0.012937153835360291,
    "ndcg_linear@10": 0.021430444780535615,
    "ndcg_exponential@1": 0.005,
    "ndcg_exponential@5": 0.012937153835360291,
    "ndcg_exponential@10": 0.021430444780535615,
    "precision@1": 0.005,
    "precision@5": 0.0044,
    "precision@10": 0.0048000000000000004,
    "recall@1": 0.005,
    "recall@5": 0.022,
    "recall@10": 0.048,
    "f1@1": 0.005,
    "f1@5": 0.007333333333333334,
    "f1@10": 0.008727272727272726,
    "map@1": 0.005,
    "map@5": 0.010016666666666665,
    "map@10": 0.01357063492063492,
    "mrr@1": 0.005,
    "mrr@5": 0.010016666666666665,
    "mrr@10": 0.01357063492063492,
    "num_pred": 1000,
    "num_data": 1000
}