{
    "hit@1": 0.006,
    "hit@5": 0.012,
    "hit@10": 0.023,
    "ndcg_linear@1": 0.006,
    "ndcg_linear@5": 0.008896918237758785,
    "ndcg_linear@10": 0.012427411781629033,
    "ndcg_exponential@1": 0.006,
    "ndcg_exponential@5": 0.008896918237758785,
    "ndcg_exponential@10": 0.012427411781629033,
    "precision@1": 0.006,
    "precision@5": 0.0024000000000000002,
    "precision@10": 0.0023,
    "recall@1": 0.006,
    "recall@5": 0.012,
    "recall@10": 0.023,
    "f1@1": 0.006,
    "f1@5": 0.004,
    "f1@10": 0.0041818181818181815,
    "map@1": 0.006,
    "map@5": 0.0079,
    "map@10": 0.009339285714285713,
    "mrr@1": 0.006,
    "mrr@5": 0.0079,
    "mrr@10": 0.009339285714285713,
    "num_pred": 1000,
    "num_data": 1000
}