{
    "hit@1": 0.001,
    "hit@5": 0.005,
    "hit@10": 0.009,
    "ndcg_linear@1": 0.001,
    "ndcg_linear@5": 0.0025912349797770177,
    "ndcg_linear@10": 0.0038853052033219902,
    "ndcg_exponential@1": 0.001,
    "ndcg_exponential@5": 0.0025912349797770177,
    "ndcg_exponential@10": 0.0038853052033219902,
    "precision@1": 0.001,
    "precision@5": 0.001,
    "precision@10": 0.0009,
    "recall@1": 0.001,
    "recall@5": 0.005,
    "recall@10": 0.009,
    "f1@1": 0.001,
    "f1@5": 0.0016666666666666668,
    "f1@10": 0.0016363636363636365,
    "map@1": 0.001,
    "map@5": 0.0018499999999999999,
    "map@10": 0.0023845238095238095,
    "mrr@1": 0.001,
    "mrr@5": 0.0018499999999999999,
    "mrr@10": 0.0023845238095238095,
    "num_pred": 1000,
    "num_data": 1000
}