{
    "hit@1": 0.052,
    "hit@5": 0.201,
    "hit@10": 0.422,
    "ndcg_linear@1": 0.052,
    "ndcg_linear@5": 0.1268313376706282,
    "ndcg_linear@10": 0.1970366789295302,
    "ndcg_exponential@1": 0.052,
    "ndcg_exponential@5": 0.1268313376706282,
    "ndcg_exponential@10": 0.1970366789295302,
    "precision@1": 0.052,
    "precision@5": 0.0402,
    "precision@10": 0.042199999999999994,
    "recall@1": 0.052,
    "recall@5": 0.201,
    "recall@10": 0.422,
    "f1@1": 0.052,
    "f1@5": 0.06700000000000002,
    "f1@10": 0.07672727272727273,
    "map@1": 0.052,
    "map@5": 0.10263333333333333,
    "map@10": 0.130893253968254,
    "mrr@1": 0.052,
    "mrr@5": 0.10263333333333333,
    "mrr@10": 0.130893253968254,
    "num_pred": 1000,
    "num_data": 1000
}