{
    "hit@1": 0.001,
    "hit@5": 0.013,
    "hit@10": 0.022,
    "ndcg_linear@1": 0.001,
    "ndcg_linear@5": 0.006514194407568655,
    "ndcg_linear@10": 0.009225934080320141,
    "ndcg_exponential@1": 0.001,
    "ndcg_exponential@5": 0.006514194407568655,
    "ndcg_exponential@10": 0.009225934080320141,
    "precision@1": 0.001,
    "precision@5": 0.0026,
    "precision@10": 0.0022,
    "recall@1": 0.001,
    "recall@5": 0.013,
    "recall@10": 0.022,
    "f1@1": 0.001,
    "f1@5": 0.004333333333333334,
    "f1@10": 0.004,
    "map@1": 0.001,
    "map@5": 0.004433333333333333,
    "map@10": 0.005436111111111111,
    "mrr@1": 0.001,
    "mrr@5": 0.004433333333333333,
    "mrr@10": 0.005436111111111111,
    "num_pred": 1000,
    "num_data": 1000
}