{
    "hit@1": 0.001,
    "hit@5": 0.005,
    "hit@10": 0.007,
    "ndcg_linear@1": 0.001,
    "ndcg_linear@5": 0.003148712314377457,
    "ndcg_linear@10": 0.0038153789810441235,
    "ndcg_exponential@1": 0.001,
    "ndcg_exponential@5": 0.003148712314377457,
    "ndcg_exponential@10": 0.0038153789810441235,
    "precision@1": 0.001,
    "precision@5": 0.001,
    "precision@10": 0.0007,
    "recall@1": 0.001,
    "recall@5": 0.005,
    "recall@10": 0.007,
    "f1@1": 0.001,
    "f1@5": 0.001666666666666667,
    "f1@10": 0.001272727272727273,
    "map@1": 0.001,
    "map@5": 0.002533333333333333,
    "map@10": 0.0028190476190476186,
    "mrr@1": 0.001,
    "mrr@5": 0.002533333333333333,
    "mrr@10": 0.0028190476190476186,
    "num_pred": 1000,
    "num_data": 1000
}