{
    "hit@1": 0.001,
    "hit@5": 0.008,
    "hit@10": 0.011,
    "ndcg_linear@1": 0.001,
    "ndcg_linear@5": 0.004152841291421868,
    "ndcg_linear@10": 0.005143411807527205,
    "ndcg_exponential@1": 0.001,
    "ndcg_exponential@5": 0.004152841291421868,
    "ndcg_exponential@10": 0.005143411807527205,
    "precision@1": 0.001,
    "precision@5": 0.0016,
    "precision@10": 0.0011,
    "recall@1": 0.001,
    "recall@5": 0.008,
    "recall@10": 0.011,
    "f1@1": 0.001,
    "f1@5": 0.002666666666666667,
    "f1@10": 0.002,
    "map@1": 0.001,
    "map@5": 0.0029333333333333334,
    "map@10": 0.003353968253968254,
    "mrr@1": 0.001,
    "mrr@5": 0.0029333333333333334,
    "mrr@10": 0.003353968253968254,
    "num_pred": 1000,
    "num_data": 1000
}