{
    "hit@1": 0.041,
    "hit@5": 0.142,
    "hit@10": 0.304,
    "ndcg_linear@1": 0.041,
    "ndcg_linear@5": 0.08850366315103358,
    "ndcg_linear@10": 0.1383287166042477,
    "ndcg_exponential@1": 0.041,
    "ndcg_exponential@5": 0.08850366315103358,
    "ndcg_exponential@10": 0.1383287166042477,
    "precision@1": 0.041,
    "precision@5": 0.0284,
    "precision@10": 0.0304,
    "recall@1": 0.041,
    "recall@5": 0.142,
    "recall@10": 0.304,
    "f1@1": 0.041,
    "f1@5": 0.047333333333333345,
    "f1@10": 0.05527272727272728,
    "map@1": 0.041,
    "map@5": 0.0714,
    "map@10": 0.0905142857142857,
    "mrr@1": 0.041,
    "mrr@5": 0.0714,
    "mrr@10": 0.0905142857142857,
    "num_pred": 1000,
    "num_data": 1000
}