{
    "hit@1": 0.005,
    "hit@5": 0.01,
    "hit@10": 0.024,
    "ndcg_linear@1": 0.005,
    "ndcg_linear@5": 0.007553889181363095,
    "ndcg_linear@10": 0.012160386774292853,
    "ndcg_exponential@1": 0.005,
    "ndcg_exponential@5": 0.007553889181363095,
    "ndcg_exponential@10": 0.012160386774292853,
    "precision@1": 0.005,
    "precision@5": 0.002,
    "precision@10": 0.0024,
    "recall@1": 0.005,
    "recall@5": 0.01,
    "recall@10": 0.024,
    "f1@1": 0.005,
    "f1@5": 0.0033333333333333335,
    "f1@10": 0.004363636363636364,
    "map@1": 0.005,
    "map@5": 0.00675,
    "map@10": 0.00870079365079365,
    "mrr@1": 0.005,
    "mrr@5": 0.00675,
    "mrr@10": 0.00870079365079365,
    "num_pred": 1000,
    "num_data": 1000
}