{
    "hit@1": 0.0,
    "hit@5": 0.011,
    "hit@10": 0.015,
    "ndcg_linear@1": 0.0,
    "ndcg_linear@5": 0.006016001884004074,
    "ndcg_linear@10": 0.007417956778661474,
    "ndcg_exponential@1": 0.0,
    "ndcg_exponential@5": 0.006016001884004074,
    "ndcg_exponential@10": 0.007417956778661474,
    "precision@1": 0.0,
    "precision@5": 0.0022,
    "precision@10": 0.0015,
    "recall@1": 0.0,
    "recall@5": 0.011,
    "recall@10": 0.015,
    "f1@1": 0.0,
    "f1@5": 0.0036666666666666675,
    "f1@10": 0.0027272727272727275,
    "map@1": 0.0,
    "map@5": 0.004333333333333333,
    "map@10": 0.004976190476190476,
    "mrr@1": 0.0,
    "mrr@5": 0.004333333333333333,
    "mrr@10": 0.004976190476190476,
    "num_pred": 1000,
    "num_data": 1000
}