{
    "hit@1": 0.005,
    "hit@5": 0.019,
    "hit@10": 0.026,
    "ndcg_linear@1": 0.005,
    "ndcg_linear@5": 0.01131394121207059,
    "ndcg_linear@10": 0.013461827518364977,
    "ndcg_exponential@1": 0.005,
    "ndcg_exponential@5": 0.01131394121207059,
    "ndcg_exponential@10": 0.013461827518364977,
    "precision@1": 0.005,
    "precision@5": 0.0038000000000000004,
    "precision@10": 0.0026,
    "recall@1": 0.005,
    "recall@5": 0.019,
    "recall@10": 0.026,
    "f1@1": 0.005,
    "f1@5": 0.006333333333333334,
    "f1@10": 0.0047272727272727275,
    "map@1": 0.005,
    "map@5": 0.00885,
    "map@10": 0.009669047619047619,
    "mrr@1": 0.005,
    "mrr@5": 0.00885,
    "mrr@10": 0.009669047619047619,
    "num_pred": 1000,
    "num_data": 1000
}