{
    "hit@1": 0.668,
    "hit@5": 0.899,
    "hit@10": 0.961,
    "ndcg_linear@1": 0.668,
    "ndcg_linear@5": 0.793347010427341,
    "ndcg_linear@10": 0.813573581997236,
    "ndcg_exponential@1": 0.668,
    "ndcg_exponential@5": 0.793347010427341,
    "ndcg_exponential@10": 0.813573581997236,
    "precision@1": 0.668,
    "precision@5": 0.17980000000000002,
    "precision@10": 0.09610000000000002,
    "recall@1": 0.668,
    "recall@5": 0.899,
    "recall@10": 0.961,
    "f1@1": 0.668,
    "f1@5": 0.29966666666666675,
    "f1@10": 0.17472727272727273,
    "map@1": 0.668,
    "map@5": 0.7580333333333333,
    "map@10": 0.7664849206349206,
    "mrr@1": 0.668,
    "mrr@5": 0.7580333333333333,
    "mrr@10": 0.7664849206349206,
    "num_pred": 1000,
    "num_data": 1000
}