{
    "hit@1": 0.67,
    "hit@5": 0.919,
    "hit@10": 0.978,
    "ndcg_linear@1": 0.67,
    "ndcg_linear@5": 0.8082274656810512,
    "ndcg_linear@10": 0.8276981610185307,
    "ndcg_exponential@1": 0.67,
    "ndcg_exponential@5": 0.8082274656810512,
    "ndcg_exponential@10": 0.8276981610185307,
    "precision@1": 0.67,
    "precision@5": 0.18380000000000002,
    "precision@10": 0.09780000000000001,
    "recall@1": 0.67,
    "recall@5": 0.919,
    "recall@10": 0.978,
    "f1@1": 0.67,
    "f1@5": 0.30633333333333335,
    "f1@10": 0.17781818181818182,
    "map@1": 0.67,
    "map@5": 0.7708833333333333,
    "map@10": 0.7791472222222222,
    "mrr@1": 0.67,
    "mrr@5": 0.7708833333333333,
    "mrr@10": 0.7791472222222222,
    "num_pred": 1000,
    "num_data": 1000
}