{
    "hit@1": 0.037,
    "hit@5": 0.111,
    "hit@10": 0.172,
    "ndcg_linear@1": 0.037,
    "ndcg_linear@5": 0.07603675261748405,
    "ndcg_linear@10": 0.0956852591283099,
    "ndcg_exponential@1": 0.037,
    "ndcg_exponential@5": 0.07603675261748405,
    "ndcg_exponential@10": 0.0956852591283099,
    "precision@1": 0.037,
    "precision@5": 0.022200000000000004,
    "precision@10": 0.017200000000000003,
    "recall@1": 0.037,
    "recall@5": 0.111,
    "recall@10": 0.172,
    "f1@1": 0.037,
    "f1@5": 0.037,
    "f1@10": 0.03127272727272727,
    "map@1": 0.037,
    "map@5": 0.06443333333333333,
    "map@10": 0.07250039682539682,
    "mrr@1": 0.037,
    "mrr@5": 0.06443333333333333,
    "mrr@10": 0.07250039682539682,
    "num_pred": 1000,
    "num_data": 1000
}