{
    "hit@1": 0.107,
    "hit@5": 0.277,
    "hit@10": 0.405,
    "ndcg_linear@1": 0.107,
    "ndcg_linear@5": 0.19414120282978337,
    "ndcg_linear@10": 0.23537309383921257,
    "ndcg_exponential@1": 0.107,
    "ndcg_exponential@5": 0.19414120282978337,
    "ndcg_exponential@10": 0.23537309383921257,
    "precision@1": 0.107,
    "precision@5": 0.0554,
    "precision@10": 0.0405,
    "recall@1": 0.107,
    "recall@5": 0.277,
    "recall@10": 0.405,
    "f1@1": 0.107,
    "f1@5": 0.09233333333333334,
    "f1@10": 0.07363636363636364,
    "map@1": 0.107,
    "map@5": 0.16696666666666668,
    "map@10": 0.183890873015873,
    "mrr@1": 0.107,
    "mrr@5": 0.16696666666666668,
    "mrr@10": 0.183890873015873,
    "num_pred": 1000,
    "num_data": 1000
}