{
    "hit@1": 0.206,
    "hit@5": 0.442,
    "hit@10": 0.578,
    "ndcg_linear@1": 0.206,
    "ndcg_linear@5": 0.3263104567735452,
    "ndcg_linear@10": 0.37069595573059516,
    "ndcg_exponential@1": 0.206,
    "ndcg_exponential@5": 0.3263104567735452,
    "ndcg_exponential@10": 0.37069595573059516,
    "precision@1": 0.206,
    "precision@5": 0.08839999999999999,
    "precision@10": 0.0578,
    "recall@1": 0.206,
    "recall@5": 0.442,
    "recall@10": 0.578,
    "f1@1": 0.206,
    "f1@5": 0.14733333333333337,
    "f1@10": 0.10509090909090911,
    "map@1": 0.206,
    "map@5": 0.28829999999999995,
    "map@10": 0.3068595238095238,
    "mrr@1": 0.206,
    "mrr@5": 0.28829999999999995,
    "mrr@10": 0.3068595238095238,
    "num_pred": 1000,
    "num_data": 1000
}