{
    "hit@1": 0.686,
    "hit@5": 0.914,
    "hit@10": 0.963,
    "ndcg_linear@1": 0.686,
    "ndcg_linear@5": 0.8112124938708084,
    "ndcg_linear@10": 0.8273911659809021,
    "ndcg_exponential@1": 0.686,
    "ndcg_exponential@5": 0.8112124938708084,
    "ndcg_exponential@10": 0.8273911659809021,
    "precision@1": 0.686,
    "precision@5": 0.18280000000000002,
    "precision@10": 0.09630000000000001,
    "recall@1": 0.686,
    "recall@5": 0.914,
    "recall@10": 0.963,
    "f1@1": 0.686,
    "f1@5": 0.3046666666666667,
    "f1@10": 0.17509090909090907,
    "map@1": 0.686,
    "map@5": 0.7766333333333334,
    "map@10": 0.7835019841269841,
    "mrr@1": 0.686,
    "mrr@5": 0.7766333333333334,
    "mrr@10": 0.7835019841269841,
    "num_pred": 1000,
    "num_data": 1000
}