{
    "hit@1": 0.657,
    "hit@5": 0.899,
    "hit@10": 0.961,
    "ndcg_linear@1": 0.657,
    "ndcg_linear@5": 0.7886384992777541,
    "ndcg_linear@10": 0.8089690066064518,
    "ndcg_exponential@1": 0.657,
    "ndcg_exponential@5": 0.7886384992777541,
    "ndcg_exponential@10": 0.8089690066064518,
    "precision@1": 0.657,
    "precision@5": 0.17980000000000002,
    "precision@10": 0.09610000000000002,
    "recall@1": 0.657,
    "recall@5": 0.899,
    "recall@10": 0.961,
    "f1@1": 0.657,
    "f1@5": 0.2996666666666667,
    "f1@10": 0.17472727272727273,
    "map@1": 0.657,
    "map@5": 0.75165,
    "map@10": 0.760202380952381,
    "mrr@1": 0.657,
    "mrr@5": 0.75165,
    "mrr@10": 0.760202380952381,
    "num_pred": 1000,
    "num_data": 1000
}