{
    "hit@1": 0.027,
    "hit@5": 0.114,
    "hit@10": 0.185,
    "ndcg_linear@1": 0.027,
    "ndcg_linear@5": 0.07072224243169685,
    "ndcg_linear@10": 0.09341248099444893,
    "ndcg_exponential@1": 0.027,
    "ndcg_exponential@5": 0.07072224243169685,
    "ndcg_exponential@10": 0.09341248099444893,
    "precision@1": 0.027,
    "precision@5": 0.0228,
    "precision@10": 0.0185,
    "recall@1": 0.027,
    "recall@5": 0.114,
    "recall@10": 0.185,
    "f1@1": 0.027,
    "f1@5": 0.038000000000000006,
    "f1@10": 0.03363636363636363,
    "map@1": 0.027,
    "map@5": 0.05655,
    "map@10": 0.06575595238095237,
    "mrr@1": 0.027,
    "mrr@5": 0.05655,
    "mrr@10": 0.06575595238095237,
    "num_pred": 1000,
    "num_data": 1000
}