{
    "hit@1": 0.183,
    "hit@5": 0.413,
    "hit@10": 0.565,
    "ndcg_linear@1": 0.183,
    "ndcg_linear@5": 0.30051662029802767,
    "ndcg_linear@10": 0.3498317132121884,
    "ndcg_exponential@1": 0.183,
    "ndcg_exponential@5": 0.30051662029802767,
    "ndcg_exponential@10": 0.3498317132121884,
    "precision@1": 0.183,
    "precision@5": 0.08259999999999999,
    "precision@10": 0.0565,
    "recall@1": 0.183,
    "recall@5": 0.413,
    "recall@10": 0.565,
    "f1@1": 0.183,
    "f1@5": 0.13766666666666671,
    "f1@10": 0.10272727272727275,
    "map@1": 0.183,
    "map@5": 0.2635,
    "map@10": 0.2839511904761905,
    "mrr@1": 0.183,
    "mrr@5": 0.2635,
    "mrr@10": 0.2839511904761905,
    "num_pred": 1000,
    "num_data": 1000
}