{
    "hit@1": 0.185,
    "hit@5": 0.472,
    "hit@10": 0.597,
    "ndcg_linear@1": 0.185,
    "ndcg_linear@5": 0.33450379636593114,
    "ndcg_linear@10": 0.3747229169373072,
    "ndcg_exponential@1": 0.185,
    "ndcg_exponential@5": 0.33450379636593114,
    "ndcg_exponential@10": 0.3747229169373072,
    "precision@1": 0.185,
    "precision@5": 0.0944,
    "precision@10": 0.05969999999999999,
    "recall@1": 0.185,
    "recall@5": 0.472,
    "recall@10": 0.597,
    "f1@1": 0.185,
    "f1@5": 0.15733333333333338,
    "f1@10": 0.10854545454545456,
    "map@1": 0.185,
    "map@5": 0.28905,
    "map@10": 0.3055309523809524,
    "mrr@1": 0.185,
    "mrr@5": 0.28905,
    "mrr@10": 0.3055309523809524,
    "num_pred": 1000,
    "num_data": 1000
}