{
    "hit@1": 0.036,
    "hit@5": 0.109,
    "hit@10": 0.173,
    "ndcg_linear@1": 0.036,
    "ndcg_linear@5": 0.07032637971705673,
    "ndcg_linear@10": 0.0907895318221109,
    "ndcg_exponential@1": 0.036,
    "ndcg_exponential@5": 0.07032637971705673,
    "ndcg_exponential@10": 0.0907895318221109,
    "precision@1": 0.036,
    "precision@5": 0.021800000000000003,
    "precision@10": 0.0173,
    "recall@1": 0.036,
    "recall@5": 0.109,
    "recall@10": 0.173,
    "f1@1": 0.036,
    "f1@5": 0.036333333333333336,
    "f1@10": 0.03145454545454545,
    "map@1": 0.036,
    "map@5": 0.05789999999999999,
    "map@10": 0.06621190476190476,
    "mrr@1": 0.036,
    "mrr@5": 0.05789999999999999,
    "mrr@10": 0.06621190476190476,
    "num_pred": 1000,
    "num_data": 1000
}