{
    "hit@1": 0.007,
    "hit@5": 0.041,
    "hit@10": 0.066,
    "ndcg_linear@1": 0.007,
    "ndcg_linear@5": 0.023693644512463936,
    "ndcg_linear@10": 0.03157755757214265,
    "ndcg_exponential@1": 0.007,
    "ndcg_exponential@5": 0.023693644512463936,
    "ndcg_exponential@10": 0.03157755757214265,
    "precision@1": 0.007,
    "precision@5": 0.008199999999999999,
    "precision@10": 0.0066,
    "recall@1": 0.007,
    "recall@5": 0.041,
    "recall@10": 0.066,
    "f1@1": 0.007,
    "f1@5": 0.013666666666666667,
    "f1@10": 0.012,
    "map@1": 0.007,
    "map@5": 0.01805,
    "map@10": 0.021185714285714283,
    "mrr@1": 0.007,
    "mrr@5": 0.01805,
    "mrr@10": 0.021185714285714283,
    "num_pred": 1000,
    "num_data": 1000
}