{
    "hit@1": 0.026,
    "hit@5": 0.094,
    "hit@10": 0.139,
    "ndcg_linear@1": 0.026,
    "ndcg_linear@5": 0.06088334302748359,
    "ndcg_linear@10": 0.075511670734567,
    "ndcg_exponential@1": 0.026,
    "ndcg_exponential@5": 0.06088334302748359,
    "ndcg_exponential@10": 0.075511670734567,
    "precision@1": 0.026,
    "precision@5": 0.0188,
    "precision@10": 0.013900000000000001,
    "recall@1": 0.026,
    "recall@5": 0.094,
    "recall@10": 0.139,
    "f1@1": 0.026,
    "f1@5": 0.03133333333333334,
    "f1@10": 0.025272727272727273,
    "map@1": 0.026,
    "map@5": 0.04998333333333333,
    "map@10": 0.05607103174603175,
    "mrr@1": 0.026,
    "mrr@5": 0.04998333333333333,
    "mrr@10": 0.05607103174603175,
    "num_pred": 1000,
    "num_data": 1000
}