{
    "hit@1": 0.082,
    "hit@5": 0.221,
    "hit@10": 0.319,
    "ndcg_linear@1": 0.082,
    "ndcg_linear@5": 0.15132702571398368,
    "ndcg_linear@10": 0.1829217810055201,
    "ndcg_exponential@1": 0.082,
    "ndcg_exponential@5": 0.15132702571398368,
    "ndcg_exponential@10": 0.1829217810055201,
    "precision@1": 0.082,
    "precision@5": 0.0442,
    "precision@10": 0.031900000000000005,
    "recall@1": 0.082,
    "recall@5": 0.221,
    "recall@10": 0.319,
    "f1@1": 0.082,
    "f1@5": 0.07366666666666667,
    "f1@10": 0.05800000000000001,
    "map@1": 0.082,
    "map@5": 0.12861666666666668,
    "map@10": 0.1416011904761905,
    "mrr@1": 0.082,
    "mrr@5": 0.12861666666666668,
    "mrr@10": 0.1416011904761905,
    "num_pred": 1000,
    "num_data": 1000
}