{
    "hit@1": 0.04,
    "hit@5": 0.112,
    "hit@10": 0.176,
    "ndcg_linear@1": 0.04,
    "ndcg_linear@5": 0.07703440364210354,
    "ndcg_linear@10": 0.09778184051450513,
    "ndcg_exponential@1": 0.04,
    "ndcg_exponential@5": 0.07703440364210354,
    "ndcg_exponential@10": 0.09778184051450513,
    "precision@1": 0.04,
    "precision@5": 0.022400000000000003,
    "precision@10": 0.0176,
    "recall@1": 0.04,
    "recall@5": 0.112,
    "recall@10": 0.176,
    "f1@1": 0.04,
    "f1@5": 0.03733333333333334,
    "f1@10": 0.032,
    "map@1": 0.04,
    "map@5": 0.06555000000000001,
    "map@10": 0.07414047619047619,
    "mrr@1": 0.04,
    "mrr@5": 0.06555000000000001,
    "mrr@10": 0.07414047619047619,
    "num_pred": 1000,
    "num_data": 1000
}