{
    "hit@1": 0.018,
    "hit@5": 0.066,
    "hit@10": 0.113,
    "ndcg_linear@1": 0.018,
    "ndcg_linear@5": 0.042619676719043285,
    "ndcg_linear@10": 0.05778766333321824,
    "ndcg_exponential@1": 0.018,
    "ndcg_exponential@5": 0.042619676719043285,
    "ndcg_exponential@10": 0.05778766333321824,
    "precision@1": 0.018,
    "precision@5": 0.013200000000000002,
    "precision@10": 0.011300000000000001,
    "recall@1": 0.018,
    "recall@5": 0.066,
    "recall@10": 0.113,
    "f1@1": 0.018,
    "f1@5": 0.022,
    "f1@10": 0.020545454545454544,
    "map@1": 0.018,
    "map@5": 0.03493333333333334,
    "map@10": 0.04117380952380952,
    "mrr@1": 0.018,
    "mrr@5": 0.03493333333333334,
    "mrr@10": 0.04117380952380952,
    "num_pred": 1000,
    "num_data": 1000
}