{
    "hit@1": 0.346,
    "hit@5": 0.638,
    "hit@10": 0.727,
    "ndcg_linear@1": 0.346,
    "ndcg_linear@5": 0.5052925287401862,
    "ndcg_linear@10": 0.5343759542825083,
    "ndcg_exponential@1": 0.346,
    "ndcg_exponential@5": 0.5052925287401862,
    "ndcg_exponential@10": 0.5343759542825083,
    "precision@1": 0.346,
    "precision@5": 0.1276,
    "precision@10": 0.07269999999999999,
    "recall@1": 0.346,
    "recall@5": 0.638,
    "recall@10": 0.727,
    "f1@1": 0.346,
    "f1@5": 0.21266666666666675,
    "f1@10": 0.13218181818181818,
    "map@1": 0.346,
    "map@5": 0.46079999999999993,
    "map@10": 0.4729869047619048,
    "mrr@1": 0.346,
    "mrr@5": 0.46079999999999993,
    "mrr@10": 0.4729869047619048,
    "num_pred": 1000,
    "num_data": 1000
}