{
    "hit@1": 0.645,
    "hit@5": 0.903,
    "hit@10": 0.963,
    "ndcg_linear@1": 0.645,
    "ndcg_linear@5": 0.7858269324904216,
    "ndcg_linear@10": 0.8058652995394252,
    "ndcg_exponential@1": 0.645,
    "ndcg_exponential@5": 0.7858269324904216,
    "ndcg_exponential@10": 0.8058652995394252,
    "precision@1": 0.645,
    "precision@5": 0.1806,
    "precision@10": 0.09630000000000001,
    "recall@1": 0.645,
    "recall@5": 0.903,
    "recall@10": 0.963,
    "f1@1": 0.645,
    "f1@5": 0.301,
    "f1@10": 0.17509090909090907,
    "map@1": 0.645,
    "map@5": 0.7465166666666666,
    "map@10": 0.7551559523809523,
    "mrr@1": 0.645,
    "mrr@5": 0.7465166666666666,
    "mrr@10": 0.7551559523809523,
    "num_pred": 1000,
    "num_data": 1000
}