{
    "hit@1": 0.607,
    "hit@5": 0.88,
    "hit@10": 0.934,
    "ndcg_linear@1": 0.607,
    "ndcg_linear@5": 0.7555525546463983,
    "ndcg_linear@10": 0.7732903388463953,
    "ndcg_exponential@1": 0.607,
    "ndcg_exponential@5": 0.7555525546463983,
    "ndcg_exponential@10": 0.7732903388463953,
    "precision@1": 0.607,
    "precision@5": 0.17600000000000002,
    "precision@10": 0.09340000000000001,
    "recall@1": 0.607,
    "recall@5": 0.88,
    "recall@10": 0.934,
    "f1@1": 0.607,
    "f1@5": 0.2933333333333334,
    "f1@10": 0.1698181818181818,
    "map@1": 0.607,
    "map@5": 0.7138833333333333,
    "map@10": 0.7213670634920635,
    "mrr@1": 0.607,
    "mrr@5": 0.7138833333333333,
    "mrr@10": 0.7213670634920635,
    "num_pred": 1000,
    "num_data": 1000
}