{
    "hit@1": 0.165,
    "hit@5": 0.297,
    "hit@10": 0.43,
    "ndcg_linear@1": 0.165,
    "ndcg_linear@5": 0.23295687381994098,
    "ndcg_linear@10": 0.274523863834233,
    "ndcg_exponential@1": 0.165,
    "ndcg_exponential@5": 0.23295687381994098,
    "ndcg_exponential@10": 0.274523863834233,
    "precision@1": 0.165,
    "precision@5": 0.05940000000000001,
    "precision@10": 0.043,
    "recall@1": 0.165,
    "recall@5": 0.297,
    "recall@10": 0.43,
    "f1@1": 0.165,
    "f1@5": 0.09900000000000002,
    "f1@10": 0.0781818181818182,
    "map@1": 0.165,
    "map@5": 0.21185,
    "map@10": 0.2281480158730159,
    "mrr@1": 0.165,
    "mrr@5": 0.21185,
    "mrr@10": 0.2281480158730159,
    "num_pred": 1000,
    "num_data": 1000
}