{
    "hit@1": 0.251,
    "hit@5": 0.494,
    "hit@10": 0.575,
    "ndcg_linear@1": 0.251,
    "ndcg_linear@5": 0.3782840845389389,
    "ndcg_linear@10": 0.40447194628190436,
    "ndcg_exponential@1": 0.251,
    "ndcg_exponential@5": 0.3782840845389389,
    "ndcg_exponential@10": 0.40447194628190436,
    "precision@1": 0.251,
    "precision@5": 0.09879999999999999,
    "precision@10": 0.057499999999999996,
    "recall@1": 0.251,
    "recall@5": 0.494,
    "recall@10": 0.575,
    "f1@1": 0.251,
    "f1@5": 0.1646666666666667,
    "f1@10": 0.10454545454545457,
    "map@1": 0.251,
    "map@5": 0.3399666666666667,
    "map@10": 0.35077500000000006,
    "mrr@1": 0.251,
    "mrr@5": 0.3399666666666667,
    "mrr@10": 0.35077500000000006,
    "num_pred": 1000,
    "num_data": 1000
}