{
    "hit@1": 0.406,
    "hit@5": 0.621,
    "hit@10": 0.7,
    "ndcg_linear@1": 0.406,
    "ndcg_linear@5": 0.519502661794188,
    "ndcg_linear@10": 0.5448627493828223,
    "ndcg_exponential@1": 0.406,
    "ndcg_exponential@5": 0.519502661794188,
    "ndcg_exponential@10": 0.5448627493828223,
    "precision@1": 0.406,
    "precision@5": 0.12419999999999999,
    "precision@10": 0.07,
    "recall@1": 0.406,
    "recall@5": 0.621,
    "recall@10": 0.7,
    "f1@1": 0.406,
    "f1@5": 0.20700000000000005,
    "f1@10": 0.12727272727272732,
    "map@1": 0.406,
    "map@5": 0.4859,
    "map@10": 0.4962579365079365,
    "mrr@1": 0.406,
    "mrr@5": 0.4859,
    "mrr@10": 0.4962579365079365,
    "num_pred": 1000,
    "num_data": 1000
}