{
    "hit@1": 0.123,
    "hit@5": 0.301,
    "hit@10": 0.394,
    "ndcg_linear@1": 0.123,
    "ndcg_linear@5": 0.21622294135275277,
    "ndcg_linear@10": 0.24651183413091315,
    "ndcg_exponential@1": 0.123,
    "ndcg_exponential@5": 0.21622294135275277,
    "ndcg_exponential@10": 0.24651183413091315,
    "precision@1": 0.123,
    "precision@5": 0.060200000000000004,
    "precision@10": 0.039400000000000004,
    "recall@1": 0.123,
    "recall@5": 0.301,
    "recall@10": 0.394,
    "f1@1": 0.123,
    "f1@5": 0.10033333333333334,
    "f1@10": 0.07163636363636364,
    "map@1": 0.123,
    "map@5": 0.18815,
    "map@10": 0.20078531746031747,
    "mrr@1": 0.123,
    "mrr@5": 0.18815,
    "mrr@10": 0.20078531746031747,
    "num_pred": 1000,
    "num_data": 1000
}