{
    "hit@1": 0.174,
    "hit@5": 0.219,
    "hit@10": 0.255,
    "ndcg_linear@1": 0.174,
    "ndcg_linear@5": 0.19643235262876158,
    "ndcg_linear@10": 0.20716005592030173,
    "ndcg_exponential@1": 0.174,
    "ndcg_exponential@5": 0.19643235262876158,
    "ndcg_exponential@10": 0.20716005592030173,
    "precision@1": 0.174,
    "precision@5": 0.0438,
    "precision@10": 0.0255,
    "recall@1": 0.174,
    "recall@5": 0.219,
    "recall@10": 0.255,
    "f1@1": 0.174,
    "f1@5": 0.073,
    "f1@10": 0.04636363636363636,
    "map@1": 0.174,
    "map@5": 0.18905000000000002,
    "map@10": 0.19296666666666668,
    "mrr@1": 0.174,
    "mrr@5": 0.18905000000000002,
    "mrr@10": 0.19296666666666668,
    "num_pred": 1000,
    "num_data": 1000
}