{
    "hit@1": 0.431,
    "hit@5": 0.663,
    "hit@10": 0.735,
    "ndcg_linear@1": 0.431,
    "ndcg_linear@5": 0.5551567958627337,
    "ndcg_linear@10": 0.5781685218583319,
    "ndcg_exponential@1": 0.431,
    "ndcg_exponential@5": 0.5551567958627337,
    "ndcg_exponential@10": 0.5781685218583319,
    "precision@1": 0.431,
    "precision@5": 0.1326,
    "precision@10": 0.0735,
    "recall@1": 0.431,
    "recall@5": 0.663,
    "recall@10": 0.735,
    "f1@1": 0.431,
    "f1@5": 0.22100000000000006,
    "f1@10": 0.13363636363636366,
    "map@1": 0.431,
    "map@5": 0.5192833333333333,
    "map@10": 0.5286150793650792,
    "mrr@1": 0.431,
    "mrr@5": 0.5192833333333333,
    "mrr@10": 0.5286150793650792,
    "num_pred": 1000,
    "num_data": 1000
}