{
    "hit@1": 0.007,
    "hit@5": 0.016,
    "hit@10": 0.037,
    "ndcg_linear@1": 0.007,
    "ndcg_linear@5": 0.011702601495740553,
    "ndcg_linear@10": 0.018412809509216543,
    "ndcg_exponential@1": 0.007,
    "ndcg_exponential@5": 0.011702601495740553,
    "ndcg_exponential@10": 0.018412809509216543,
    "precision@1": 0.007,
    "precision@5": 0.0032,
    "precision@10": 0.0037,
    "recall@1": 0.007,
    "recall@5": 0.016,
    "recall@10": 0.037,
    "f1@1": 0.007,
    "f1@5": 0.005333333333333334,
    "f1@10": 0.006727272727272728,
    "map@1": 0.007,
    "map@5": 0.010283333333333334,
    "map@10": 0.013007539682539683,
    "mrr@1": 0.007,
    "mrr@5": 0.010283333333333334,
    "mrr@10": 0.013007539682539683,
    "num_pred": 1000,
    "num_data": 1000
}