{
    "hit@1": 0.005,
    "hit@5": 0.016,
    "hit@10": 0.023,
    "ndcg_linear@1": 0.005,
    "ndcg_linear@5": 0.010371418546671028,
    "ndcg_linear@10": 0.012650155999119827,
    "ndcg_exponential@1": 0.005,
    "ndcg_exponential@5": 0.010371418546671028,
    "ndcg_exponential@10": 0.012650155999119827,
    "precision@1": 0.005,
    "precision@5": 0.0032,
    "precision@10": 0.0023000000000000004,
    "recall@1": 0.005,
    "recall@5": 0.016,
    "recall@10": 0.023,
    "f1@1": 0.005,
    "f1@5": 0.005333333333333334,
    "f1@10": 0.0041818181818181815,
    "map@1": 0.005,
    "map@5": 0.008533333333333334,
    "map@10": 0.00948174603174603,
    "mrr@1": 0.005,
    "mrr@5": 0.008533333333333334,
    "mrr@10": 0.00948174603174603,
    "num_pred": 1000,
    "num_data": 1000
}