{
    "hit@1": 0.003,
    "hit@5": 0.008,
    "hit@10": 0.009,
    "ndcg_linear@1": 0.003,
    "ndcg_linear@5": 0.0053353119261139335,
    "ndcg_linear@10": 0.005650776802899663,
    "ndcg_exponential@1": 0.003,
    "ndcg_exponential@5": 0.0053353119261139335,
    "ndcg_exponential@10": 0.005650776802899663,
    "precision@1": 0.003,
    "precision@5": 0.0016,
    "precision@10": 0.0009,
    "recall@1": 0.003,
    "recall@5": 0.008,
    "recall@10": 0.009,
    "f1@1": 0.003,
    "f1@5": 0.002666666666666667,
    "f1@10": 0.0016363636363636363,
    "map@1": 0.003,
    "map@5": 0.004483333333333333,
    "map@10": 0.004608333333333333,
    "mrr@1": 0.003,
    "mrr@5": 0.004483333333333333,
    "mrr@10": 0.004608333333333333,
    "num_pred": 1000,
    "num_data": 1000
}