{
    "hit@1": 0.002,
    "hit@5": 0.008,
    "hit@10": 0.012,
    "ndcg_linear@1": 0.002,
    "ndcg_linear@5": 0.004817529365307934,
    "ndcg_linear@10": 0.006115125785546059,
    "ndcg_exponential@1": 0.002,
    "ndcg_exponential@5": 0.004817529365307934,
    "ndcg_exponential@10": 0.006115125785546059,
    "precision@1": 0.002,
    "precision@5": 0.0016,
    "precision@10": 0.0012000000000000001,
    "recall@1": 0.002,
    "recall@5": 0.008,
    "recall@10": 0.012,
    "f1@1": 0.002,
    "f1@5": 0.002666666666666667,
    "f1@10": 0.0021818181818181815,
    "map@1": 0.002,
    "map@5": 0.0037833333333333334,
    "map@10": 0.00431904761904762,
    "mrr@1": 0.002,
    "mrr@5": 0.0037833333333333334,
    "mrr@10": 0.00431904761904762,
    "num_pred": 1000,
    "num_data": 1000
}