{
    "hit@1": 0.048,
    "hit@5": 0.179,
    "hit@10": 0.426,
    "ndcg_linear@1": 0.048,
    "ndcg_linear@5": 0.10987668007004445,
    "ndcg_linear@10": 0.18953474522125552,
    "ndcg_exponential@1": 0.048,
    "ndcg_exponential@5": 0.10987668007004445,
    "ndcg_exponential@10": 0.18953474522125552,
    "precision@1": 0.048,
    "precision@5": 0.0358,
    "precision@10": 0.04259999999999999,
    "recall@1": 0.048,
    "recall@5": 0.179,
    "recall@10": 0.426,
    "f1@1": 0.048,
    "f1@5": 0.05966666666666667,
    "f1@10": 0.07745454545454547,
    "map@1": 0.048,
    "map@5": 0.08753333333333334,
    "map@10": 0.12027261904761906,
    "mrr@1": 0.048,
    "mrr@5": 0.08753333333333334,
    "mrr@10": 0.12027261904761906,
    "num_pred": 1000,
    "num_data": 1000
}