{
    "hit@1": 0.002,
    "hit@5": 0.014,
    "hit@10": 0.028,
    "ndcg_linear@1": 0.002,
    "ndcg_linear@5": 0.00773223016387272,
    "ndcg_linear@10": 0.012138515754292645,
    "ndcg_exponential@1": 0.002,
    "ndcg_exponential@5": 0.00773223016387272,
    "ndcg_exponential@10": 0.012138515754292645,
    "precision@1": 0.002,
    "precision@5": 0.0028000000000000004,
    "precision@10": 0.0028,
    "recall@1": 0.002,
    "recall@5": 0.014,
    "recall@10": 0.028,
    "f1@1": 0.002,
    "f1@5": 0.004666666666666667,
    "f1@10": 0.005090909090909092,
    "map@1": 0.002,
    "map@5": 0.005716666666666667,
    "map@10": 0.0074634920634920636,
    "mrr@1": 0.002,
    "mrr@5": 0.005716666666666667,
    "mrr@10": 0.0074634920634920636,
    "num_pred": 1000,
    "num_data": 1000
}