{
    "hit@1": 0.0,
    "hit@5": 0.006,
    "hit@10": 0.011,
    "ndcg_linear@1": 0.0,
    "ndcg_linear@5": 0.003053889181363094,
    "ndcg_linear@10": 0.004637024231225954,
    "ndcg_exponential@1": 0.0,
    "ndcg_exponential@5": 0.003053889181363094,
    "ndcg_exponential@10": 0.004637024231225954,
    "precision@1": 0.0,
    "precision@5": 0.0012,
    "precision@10": 0.0011,
    "recall@1": 0.0,
    "recall@5": 0.006,
    "recall@10": 0.011,
    "f1@1": 0.0,
    "f1@5": 0.0020000000000000005,
    "f1@10": 0.002,
    "map@1": 0.0,
    "map@5": 0.002083333333333333,
    "map@10": 0.002717857142857143,
    "mrr@1": 0.0,
    "mrr@5": 0.002083333333333333,
    "mrr@10": 0.002717857142857143,
    "num_pred": 1000,
    "num_data": 1000
}