{
    "hit@1": 0.382,
    "hit@5": 0.607,
    "hit@10": 0.745,
    "ndcg_linear@1": 0.382,
    "ndcg_linear@5": 0.49309523650710746,
    "ndcg_linear@10": 0.5372293710744637,
    "ndcg_exponential@1": 0.382,
    "ndcg_exponential@5": 0.49309523650710746,
    "ndcg_exponential@10": 0.5372293710744637,
    "precision@1": 0.382,
    "precision@5": 0.12139999999999998,
    "precision@10": 0.07449999999999998,
    "recall@1": 0.382,
    "recall@5": 0.607,
    "recall@10": 0.745,
    "f1@1": 0.382,
    "f1@5": 0.20233333333333337,
    "f1@10": 0.13545454545454547,
    "map@1": 0.382,
    "map@5": 0.45626666666666665,
    "map@10": 0.4742115079365079,
    "mrr@1": 0.382,
    "mrr@5": 0.45626666666666665,
    "mrr@10": 0.4742115079365079,
    "num_pred": 1000,
    "num_data": 1000
}