{
    "hit@1": 0.013,
    "hit@5": 0.046,
    "hit@10": 0.068,
    "ndcg_linear@1": 0.013,
    "ndcg_linear@5": 0.0299768747336502,
    "ndcg_linear@10": 0.03749025401104739,
    "ndcg_exponential@1": 0.013,
    "ndcg_exponential@5": 0.0299768747336502,
    "ndcg_exponential@10": 0.03749025401104739,
    "precision@1": 0.013,
    "precision@5": 0.009200000000000002,
    "precision@10": 0.0068000000000000005,
    "recall@1": 0.013,
    "recall@5": 0.046,
    "recall@10": 0.068,
    "f1@1": 0.013,
    "f1@5": 0.015333333333333334,
    "f1@10": 0.012363636363636363,
    "map@1": 0.013,
    "map@5": 0.02468333333333333,
    "map@10": 0.02801944444444444,
    "mrr@1": 0.013,
    "mrr@5": 0.02468333333333333,
    "mrr@10": 0.02801944444444444,
    "num_pred": 1000,
    "num_data": 1000
}