{
    "hit@1": 0.003,
    "hit@5": 0.023,
    "hit@10": 0.043,
    "ndcg_linear@1": 0.003,
    "ndcg_linear@5": 0.01308119567374824,
    "ndcg_linear@10": 0.019251796469236485,
    "ndcg_exponential@1": 0.003,
    "ndcg_exponential@5": 0.01308119567374824,
    "ndcg_exponential@10": 0.019251796469236485,
    "precision@1": 0.003,
    "precision@5": 0.0046,
    "precision@10": 0.0043,
    "recall@1": 0.003,
    "recall@5": 0.023,
    "recall@10": 0.043,
    "f1@1": 0.003,
    "f1@5": 0.007666666666666668,
    "f1@10": 0.007818181818181818,
    "map@1": 0.003,
    "map@5": 0.009833333333333335,
    "map@10": 0.012206349206349205,
    "mrr@1": 0.003,
    "mrr@5": 0.009833333333333335,
    "mrr@10": 0.012206349206349205,
    "num_pred": 1000,
    "num_data": 1000
}