{
    "hit@1": 0.002,
    "hit@5": 0.013,
    "hit@10": 0.019,
    "ndcg_linear@1": 0.002,
    "ndcg_linear@5": 0.007058018158407506,
    "ndcg_linear@10": 0.009044164587845264,
    "ndcg_exponential@1": 0.002,
    "ndcg_exponential@5": 0.007058018158407506,
    "ndcg_exponential@10": 0.009044164587845264,
    "precision@1": 0.002,
    "precision@5": 0.0026,
    "precision@10": 0.0019,
    "recall@1": 0.002,
    "recall@5": 0.013,
    "recall@10": 0.019,
    "f1@1": 0.002,
    "f1@5": 0.004333333333333334,
    "f1@10": 0.0034545454545454545,
    "map@1": 0.002,
    "map@5": 0.005149999999999999,
    "map@10": 0.0059972222222222215,
    "mrr@1": 0.002,
    "mrr@5": 0.005149999999999999,
    "mrr@10": 0.0059972222222222215,
    "num_pred": 1000,
    "num_data": 1000
}