{
    "hit@1": 0.058,
    "hit@5": 0.173,
    "hit@10": 0.256,
    "ndcg_linear@1": 0.058,
    "ndcg_linear@5": 0.1172109900723067,
    "ndcg_linear@10": 0.14405402909742196,
    "ndcg_exponential@1": 0.058,
    "ndcg_exponential@5": 0.1172109900723067,
    "ndcg_exponential@10": 0.14405402909742196,
    "precision@1": 0.058,
    "precision@5": 0.034600000000000006,
    "precision@10": 0.0256,
    "recall@1": 0.058,
    "recall@5": 0.173,
    "recall@10": 0.256,
    "f1@1": 0.058,
    "f1@5": 0.05766666666666667,
    "f1@10": 0.04654545454545455,
    "map@1": 0.058,
    "map@5": 0.09883333333333333,
    "map@10": 0.109909126984127,
    "mrr@1": 0.058,
    "mrr@5": 0.09883333333333333,
    "mrr@10": 0.109909126984127,
    "num_pred": 1000,
    "num_data": 1000
}