{
    "hit@1": 0.588,
    "hit@5": 0.851,
    "hit@10": 0.913,
    "ndcg_linear@1": 0.588,
    "ndcg_linear@5": 0.7295880668438811,
    "ndcg_linear@10": 0.7497247807941543,
    "ndcg_exponential@1": 0.588,
    "ndcg_exponential@5": 0.7295880668438811,
    "ndcg_exponential@10": 0.7497247807941543,
    "precision@1": 0.588,
    "precision@5": 0.1702,
    "precision@10": 0.0913,
    "recall@1": 0.588,
    "recall@5": 0.851,
    "recall@10": 0.913,
    "f1@1": 0.588,
    "f1@5": 0.2836666666666667,
    "f1@10": 0.166,
    "map@1": 0.588,
    "map@5": 0.6890666666666666,
    "map@10": 0.6974253968253967,
    "mrr@1": 0.588,
    "mrr@5": 0.6890666666666666,
    "mrr@10": 0.6974253968253967,
    "num_pred": 1000,
    "num_data": 1000
}