{
    "hit@1": 0.503,
    "hit@5": 0.777,
    "hit@10": 0.86,
    "ndcg_linear@1": 0.503,
    "ndcg_linear@5": 0.6500359844638156,
    "ndcg_linear@10": 0.6769192246512193,
    "ndcg_exponential@1": 0.503,
    "ndcg_exponential@5": 0.6500359844638156,
    "ndcg_exponential@10": 0.6769192246512193,
    "precision@1": 0.503,
    "precision@5": 0.1554,
    "precision@10": 0.086,
    "recall@1": 0.503,
    "recall@5": 0.777,
    "recall@10": 0.86,
    "f1@1": 0.503,
    "f1@5": 0.259,
    "f1@10": 0.15636363636363637,
    "map@1": 0.503,
    "map@5": 0.6076999999999999,
    "map@10": 0.6188226190476191,
    "mrr@1": 0.503,
    "mrr@5": 0.6076999999999999,
    "mrr@10": 0.6188226190476191,
    "num_pred": 1000,
    "num_data": 1000
}