{
    "hit@1": 0.0,
    "hit@5": 0.004,
    "hit@10": 0.015,
    "ndcg_linear@1": 0.0,
    "ndcg_linear@5": 0.0015474112289381664,
    "ndcg_linear@10": 0.005141613558172693,
    "ndcg_exponential@1": 0.0,
    "ndcg_exponential@5": 0.0015474112289381664,
    "ndcg_exponential@10": 0.005141613558172693,
    "precision@1": 0.0,
    "precision@5": 0.0008,
    "precision@10": 0.0015,
    "recall@1": 0.0,
    "recall@5": 0.004,
    "recall@10": 0.015,
    "f1@1": 0.0,
    "f1@5": 0.0013333333333333335,
    "f1@10": 0.0027272727272727275,
    "map@1": 0.0,
    "map@5": 0.0008,
    "map@10": 0.0023019841269841267,
    "mrr@1": 0.0,
    "mrr@5": 0.0008,
    "mrr@10": 0.0023019841269841267,
    "num_pred": 1000,
    "num_data": 1000
}