{
    "hit@1": 0.015,
    "hit@5": 0.045,
    "hit@10": 0.077,
    "ndcg_linear@1": 0.015,
    "ndcg_linear@5": 0.029457284696408778,
    "ndcg_linear@10": 0.039808340636643104,
    "ndcg_exponential@1": 0.015,
    "ndcg_exponential@5": 0.029457284696408778,
    "ndcg_exponential@10": 0.039808340636643104,
    "precision@1": 0.015,
    "precision@5": 0.009,
    "precision@10": 0.0077,
    "recall@1": 0.015,
    "recall@5": 0.045,
    "recall@10": 0.077,
    "f1@1": 0.015,
    "f1@5": 0.015,
    "f1@10": 0.014,
    "map@1": 0.015,
    "map@5": 0.024416666666666663,
    "map@10": 0.028691269841269844,
    "mrr@1": 0.015,
    "mrr@5": 0.024416666666666663,
    "mrr@10": 0.028691269841269844,
    "num_pred": 1000,
    "num_data": 1000
}