{
    "hit@1": 0.334,
    "hit@5": 0.601,
    "hit@10": 0.673,
    "ndcg_linear@1": 0.334,
    "ndcg_linear@5": 0.4751526662105514,
    "ndcg_linear@10": 0.49852272664766445,
    "ndcg_exponential@1": 0.334,
    "ndcg_exponential@5": 0.4751526662105514,
    "ndcg_exponential@10": 0.49852272664766445,
    "precision@1": 0.334,
    "precision@5": 0.12019999999999999,
    "precision@10": 0.0673,
    "recall@1": 0.334,
    "recall@5": 0.601,
    "recall@10": 0.673,
    "f1@1": 0.334,
    "f1@5": 0.20033333333333336,
    "f1@10": 0.12236363636363637,
    "map@1": 0.334,
    "map@5": 0.4333666666666667,
    "map@10": 0.4430607142857143,
    "mrr@1": 0.334,
    "mrr@5": 0.4333666666666667,
    "mrr@10": 0.4430607142857143,
    "num_pred": 1000,
    "num_data": 1000
}