{
    "hit@1": 0.615,
    "hit@5": 0.884,
    "hit@10": 0.94,
    "ndcg_linear@1": 0.615,
    "ndcg_linear@5": 0.7619140646176497,
    "ndcg_linear@10": 0.7803269544569664,
    "ndcg_exponential@1": 0.615,
    "ndcg_exponential@5": 0.7619140646176497,
    "ndcg_exponential@10": 0.7803269544569664,
    "precision@1": 0.615,
    "precision@5": 0.1768,
    "precision@10": 0.09400000000000001,
    "recall@1": 0.615,
    "recall@5": 0.884,
    "recall@10": 0.94,
    "f1@1": 0.615,
    "f1@5": 0.2946666666666667,
    "f1@10": 0.1709090909090909,
    "map@1": 0.615,
    "map@5": 0.7209833333333333,
    "map@10": 0.7287626984126985,
    "mrr@1": 0.615,
    "mrr@5": 0.7209833333333333,
    "mrr@10": 0.7287626984126985,
    "num_pred": 1000,
    "num_data": 1000
}