{
    "hit@1": 0.576,
    "hit@5": 0.864,
    "hit@10": 0.943,
    "ndcg_linear@1": 0.576,
    "ndcg_linear@5": 0.7324945364879907,
    "ndcg_linear@10": 0.7584953161686582,
    "ndcg_exponential@1": 0.576,
    "ndcg_exponential@5": 0.7324945364879907,
    "ndcg_exponential@10": 0.7584953161686582,
    "precision@1": 0.576,
    "precision@5": 0.1728,
    "precision@10": 0.09430000000000001,
    "recall@1": 0.576,
    "recall@5": 0.864,
    "recall@10": 0.943,
    "f1@1": 0.576,
    "f1@5": 0.288,
    "f1@10": 0.17145454545454544,
    "map@1": 0.576,
    "map@5": 0.6884000000000001,
    "map@10": 0.6993948412698412,
    "mrr@1": 0.576,
    "mrr@5": 0.6884000000000001,
    "mrr@10": 0.6993948412698412,
    "num_pred": 1000,
    "num_data": 1000
}