{
    "hit@1": 0.112,
    "hit@5": 0.229,
    "hit@10": 0.426,
    "ndcg_linear@1": 0.112,
    "ndcg_linear@5": 0.16870071418741078,
    "ndcg_linear@10": 0.23265911083781055,
    "ndcg_exponential@1": 0.112,
    "ndcg_exponential@5": 0.16870071418741078,
    "ndcg_exponential@10": 0.23265911083781055,
    "precision@1": 0.112,
    "precision@5": 0.0458,
    "precision@10": 0.04259999999999999,
    "recall@1": 0.112,
    "recall@5": 0.229,
    "recall@10": 0.426,
    "f1@1": 0.112,
    "f1@5": 0.07633333333333334,
    "f1@10": 0.07745454545454547,
    "map@1": 0.112,
    "map@5": 0.1491333333333333,
    "map@10": 0.17568095238095235,
    "mrr@1": 0.112,
    "mrr@5": 0.1491333333333333,
    "mrr@10": 0.17568095238095235,
    "num_pred": 1000,
    "num_data": 1000
}