{
    "hit@1": 0.189,
    "hit@5": 0.421,
    "hit@10": 0.508,
    "ndcg_linear@1": 0.189,
    "ndcg_linear@5": 0.3121325092250073,
    "ndcg_linear@10": 0.34007128112924534,
    "ndcg_exponential@1": 0.189,
    "ndcg_exponential@5": 0.3121325092250073,
    "ndcg_exponential@10": 0.34007128112924534,
    "precision@1": 0.189,
    "precision@5": 0.0842,
    "precision@10": 0.0508,
    "recall@1": 0.189,
    "recall@5": 0.421,
    "recall@10": 0.508,
    "f1@1": 0.189,
    "f1@5": 0.14033333333333337,
    "f1@10": 0.09236363636363637,
    "map@1": 0.189,
    "map@5": 0.27595000000000003,
    "map@10": 0.2873722222222222,
    "mrr@1": 0.189,
    "mrr@5": 0.27595000000000003,
    "mrr@10": 0.2873722222222222,
    "num_pred": 1000,
    "num_data": 1000
}