{
    "hit@1": 0.342,
    "hit@5": 0.573,
    "hit@10": 0.651,
    "ndcg_linear@1": 0.342,
    "ndcg_linear@5": 0.46347535530180295,
    "ndcg_linear@10": 0.48900746044263926,
    "ndcg_exponential@1": 0.342,
    "ndcg_exponential@5": 0.46347535530180295,
    "ndcg_exponential@10": 0.48900746044263926,
    "precision@1": 0.342,
    "precision@5": 0.1146,
    "precision@10": 0.06509999999999999,
    "recall@1": 0.342,
    "recall@5": 0.573,
    "recall@10": 0.651,
    "f1@1": 0.342,
    "f1@5": 0.19100000000000006,
    "f1@10": 0.11836363636363638,
    "map@1": 0.342,
    "map@5": 0.42715,
    "map@10": 0.43787023809523806,
    "mrr@1": 0.342,
    "mrr@5": 0.42715,
    "mrr@10": 0.43787023809523806,
    "num_pred": 1000,
    "num_data": 1000
}