{
    "hit@1": 0.161,
    "hit@5": 0.332,
    "hit@10": 0.418,
    "ndcg_linear@1": 0.161,
    "ndcg_linear@5": 0.2520564732772028,
    "ndcg_linear@10": 0.28015943171914104,
    "ndcg_exponential@1": 0.161,
    "ndcg_exponential@5": 0.2520564732772028,
    "ndcg_exponential@10": 0.28015943171914104,
    "precision@1": 0.161,
    "precision@5": 0.0664,
    "precision@10": 0.0418,
    "recall@1": 0.161,
    "recall@5": 0.332,
    "recall@10": 0.418,
    "f1@1": 0.161,
    "f1@5": 0.11066666666666669,
    "f1@10": 0.07600000000000003,
    "map@1": 0.161,
    "map@5": 0.22544999999999998,
    "map@10": 0.23722539682539684,
    "mrr@1": 0.161,
    "mrr@5": 0.22544999999999998,
    "mrr@10": 0.23722539682539684,
    "num_pred": 1000,
    "num_data": 1000
}