{
    "hit@1": 0.169,
    "hit@5": 0.219,
    "hit@10": 0.304,
    "ndcg_linear@1": 0.169,
    "ndcg_linear@5": 0.1966310088021959,
    "ndcg_linear@10": 0.22137522546552804,
    "ndcg_exponential@1": 0.169,
    "ndcg_exponential@5": 0.1966310088021959,
    "ndcg_exponential@10": 0.22137522546552804,
    "precision@1": 0.169,
    "precision@5": 0.0438,
    "precision@10": 0.0304,
    "recall@1": 0.169,
    "recall@5": 0.219,
    "recall@10": 0.304,
    "f1@1": 0.169,
    "f1@5": 0.073,
    "f1@10": 0.05527272727272728,
    "map@1": 0.169,
    "map@5": 0.18906666666666666,
    "map@10": 0.1977345238095238,
    "mrr@1": 0.169,
    "mrr@5": 0.18906666666666666,
    "mrr@10": 0.1977345238095238,
    "num_pred": 1000,
    "num_data": 1000
}