{
    "hit@1": 0.259,
    "hit@5": 0.476,
    "hit@10": 0.592,
    "ndcg_linear@1": 0.259,
    "ndcg_linear@5": 0.3710433859666057,
    "ndcg_linear@10": 0.4086323441071421,
    "ndcg_exponential@1": 0.259,
    "ndcg_exponential@5": 0.3710433859666057,
    "ndcg_exponential@10": 0.4086323441071421,
    "precision@1": 0.259,
    "precision@5": 0.09519999999999999,
    "precision@10": 0.05919999999999999,
    "recall@1": 0.259,
    "recall@5": 0.476,
    "recall@10": 0.592,
    "f1@1": 0.259,
    "f1@5": 0.1586666666666667,
    "f1@10": 0.10763636363636366,
    "map@1": 0.259,
    "map@5": 0.33644999999999997,
    "map@10": 0.35200873015873013,
    "mrr@1": 0.259,
    "mrr@5": 0.33644999999999997,
    "mrr@10": 0.35200873015873013,
    "num_pred": 1000,
    "num_data": 1000
}