{
    "hit@1": 0.002,
    "hit@5": 0.012,
    "hit@10": 0.021,
    "ndcg_linear@1": 0.002,
    "ndcg_linear@5": 0.006896918237758784,
    "ndcg_linear@10": 0.009741820173497265,
    "ndcg_exponential@1": 0.002,
    "ndcg_exponential@5": 0.006896918237758784,
    "ndcg_exponential@10": 0.009741820173497265,
    "precision@1": 0.002,
    "precision@5": 0.0024000000000000002,
    "precision@10": 0.0021000000000000003,
    "recall@1": 0.002,
    "recall@5": 0.012,
    "recall@10": 0.021,
    "f1@1": 0.002,
    "f1@5": 0.004,
    "f1@10": 0.0038181818181818182,
    "map@1": 0.002,
    "map@5": 0.005233333333333333,
    "map@10": 0.00637063492063492,
    "mrr@1": 0.002,
    "mrr@5": 0.005233333333333333,
    "mrr@10": 0.00637063492063492,
    "num_pred": 1000,
    "num_data": 1000
}