{
    "hit@1": 0.001,
    "hit@5": 0.006,
    "hit@10": 0.01,
    "ndcg_linear@1": 0.001,
    "ndcg_linear@5": 0.0036487123143774565,
    "ndcg_linear@10": 0.004960650994470033,
    "ndcg_exponential@1": 0.001,
    "ndcg_exponential@5": 0.0036487123143774565,
    "ndcg_exponential@10": 0.004960650994470033,
    "precision@1": 0.001,
    "precision@5": 0.0012000000000000001,
    "precision@10": 0.001,
    "recall@1": 0.001,
    "recall@5": 0.006,
    "recall@10": 0.01,
    "f1@1": 0.001,
    "f1@5": 0.002,
    "f1@10": 0.0018181818181818182,
    "map@1": 0.001,
    "map@5": 0.0028666666666666667,
    "map@10": 0.0034190476190476193,
    "mrr@1": 0.001,
    "mrr@5": 0.0028666666666666667,
    "mrr@10": 0.0034190476190476193,
    "num_pred": 1000,
    "num_data": 1000
}