{
    "hit@1": 0.001,
    "hit@5": 0.005,
    "hit@10": 0.012,
    "ndcg_linear@1": 0.001,
    "ndcg_linear@5": 0.0027482059233813277,
    "ndcg_linear@10": 0.004924961991919209,
    "ndcg_exponential@1": 0.001,
    "ndcg_exponential@5": 0.0027482059233813277,
    "ndcg_exponential@10": 0.004924961991919209,
    "precision@1": 0.001,
    "precision@5": 0.001,
    "precision@10": 0.0012000000000000001,
    "recall@1": 0.001,
    "recall@5": 0.005,
    "recall@10": 0.012,
    "f1@1": 0.001,
    "f1@5": 0.001666666666666667,
    "f1@10": 0.0021818181818181815,
    "map@1": 0.001,
    "map@5": 0.002033333333333333,
    "map@10": 0.00288015873015873,
    "mrr@1": 0.001,
    "mrr@5": 0.002033333333333333,
    "mrr@10": 0.00288015873015873,
    "num_pred": 1000,
    "num_data": 1000
}