{
    "hit@1": 0.0,
    "hit@5": 0.005,
    "hit@10": 0.01,
    "ndcg_linear@1": 0.0,
    "ndcg_linear@5": 0.002761859507142915,
    "ndcg_linear@10": 0.004283914078360223,
    "ndcg_exponential@1": 0.0,
    "ndcg_exponential@5": 0.002761859507142915,
    "ndcg_exponential@10": 0.004283914078360223,
    "precision@1": 0.0,
    "precision@5": 0.001,
    "precision@10": 0.001,
    "recall@1": 0.0,
    "recall@5": 0.005,
    "recall@10": 0.01,
    "f1@1": 0.0,
    "f1@5": 0.0016666666666666668,
    "f1@10": 0.0018181818181818184,
    "map@1": 0.0,
    "map@5": 0.002,
    "map@10": 0.002572222222222222,
    "mrr@1": 0.0,
    "mrr@5": 0.002,
    "mrr@10": 0.002572222222222222,
    "num_pred": 1000,
    "num_data": 1000
}