{
    "hit@1": 0.0,
    "hit@5": 0.012,
    "hit@10": 0.016,
    "ndcg_linear@1": 0.0,
    "ndcg_linear@5": 0.005069322766788577,
    "ndcg_linear@10": 0.006371924584253786,
    "ndcg_exponential@1": 0.0,
    "ndcg_exponential@5": 0.005069322766788577,
    "ndcg_exponential@10": 0.006371924584253786,
    "precision@1": 0.0,
    "precision@5": 0.0024000000000000002,
    "precision@10": 0.0016,
    "recall@1": 0.0,
    "recall@5": 0.012,
    "recall@10": 0.016,
    "f1@1": 0.0,
    "f1@5": 0.004,
    "f1@10": 0.002909090909090909,
    "map@1": 0.0,
    "map@5": 0.0029000000000000002,
    "map@10": 0.0034416666666666667,
    "mrr@1": 0.0,
    "mrr@5": 0.0029000000000000002,
    "mrr@10": 0.0034416666666666667,
    "num_pred": 1000,
    "num_data": 1000
}