{
    "hit@1": 0.008,
    "hit@5": 0.037,
    "hit@10": 0.054,
    "ndcg_linear@1": 0.008,
    "ndcg_linear@5": 0.022139755331100845,
    "ndcg_linear@10": 0.027450544135370868,
    "ndcg_exponential@1": 0.008,
    "ndcg_exponential@5": 0.022139755331100845,
    "ndcg_exponential@10": 0.027450544135370868,
    "precision@1": 0.008,
    "precision@5": 0.0074,
    "precision@10": 0.0054,
    "recall@1": 0.008,
    "recall@5": 0.037,
    "recall@10": 0.054,
    "f1@1": 0.008,
    "f1@5": 0.012333333333333335,
    "f1@10": 0.009818181818181816,
    "map@1": 0.008,
    "map@5": 0.017299999999999996,
    "map@10": 0.019384523809523806,
    "mrr@1": 0.008,
    "mrr@5": 0.017299999999999996,
    "mrr@10": 0.019384523809523806,
    "num_pred": 1000,
    "num_data": 1000
}