{
    "hit@1": 0.012,
    "hit@5": 0.041,
    "hit@10": 0.07,
    "ndcg_linear@1": 0.012,
    "ndcg_linear@5": 0.026139755331100842,
    "ndcg_linear@10": 0.035418663513317954,
    "ndcg_exponential@1": 0.012,
    "ndcg_exponential@5": 0.026139755331100842,
    "ndcg_exponential@10": 0.035418663513317954,
    "precision@1": 0.012,
    "precision@5": 0.008199999999999999,
    "precision@10": 0.007,
    "recall@1": 0.012,
    "recall@5": 0.041,
    "recall@10": 0.07,
    "f1@1": 0.012,
    "f1@5": 0.013666666666666667,
    "f1@10": 0.012727272727272726,
    "map@1": 0.012,
    "map@5": 0.0213,
    "map@10": 0.0250734126984127,
    "mrr@1": 0.012,
    "mrr@5": 0.0213,
    "mrr@10": 0.0250734126984127,
    "num_pred": 1000,
    "num_data": 1000
}