{
    "hit@1": 0.005,
    "hit@5": 0.021,
    "hit@10": 0.036,
    "ndcg_linear@1": 0.005,
    "ndcg_linear@5": 0.013107236863781093,
    "ndcg_linear@10": 0.017941811425650482,
    "ndcg_exponential@1": 0.005,
    "ndcg_exponential@5": 0.013107236863781093,
    "ndcg_exponential@10": 0.017941811425650482,
    "precision@1": 0.005,
    "precision@5": 0.004200000000000001,
    "precision@10": 0.0036,
    "recall@1": 0.005,
    "recall@5": 0.021,
    "recall@10": 0.036,
    "f1@1": 0.005,
    "f1@5": 0.007000000000000001,
    "f1@10": 0.006545454545454545,
    "map@1": 0.005,
    "map@5": 0.010516666666666665,
    "map@10": 0.012502380952380954,
    "mrr@1": 0.005,
    "mrr@5": 0.010516666666666665,
    "mrr@10": 0.012502380952380954,
    "num_pred": 1000,
    "num_data": 1000
}