{
    "hit@1": 0.274,
    "hit@5": 0.513,
    "hit@10": 0.612,
    "ndcg_linear@1": 0.274,
    "ndcg_linear@5": 0.4022597214450083,
    "ndcg_linear@10": 0.43417820908657734,
    "ndcg_exponential@1": 0.274,
    "ndcg_exponential@5": 0.4022597214450083,
    "ndcg_exponential@10": 0.43417820908657734,
    "precision@1": 0.274,
    "precision@5": 0.1026,
    "precision@10": 0.0612,
    "recall@1": 0.274,
    "recall@5": 0.513,
    "recall@10": 0.612,
    "f1@1": 0.274,
    "f1@5": 0.17100000000000007,
    "f1@10": 0.1112727272727273,
    "map@1": 0.274,
    "map@5": 0.36529999999999996,
    "map@10": 0.37840793650793647,
    "mrr@1": 0.274,
    "mrr@5": 0.36529999999999996,
    "mrr@10": 0.37840793650793647,
    "num_pred": 1000,
    "num_data": 1000
}