{
    "hit@1": 0.392,
    "hit@5": 0.656,
    "hit@10": 0.756,
    "ndcg_linear@1": 0.392,
    "ndcg_linear@5": 0.5327723174802372,
    "ndcg_linear@10": 0.565228021506157,
    "ndcg_exponential@1": 0.392,
    "ndcg_exponential@5": 0.5327723174802372,
    "ndcg_exponential@10": 0.565228021506157,
    "precision@1": 0.392,
    "precision@5": 0.13119999999999998,
    "precision@10": 0.0756,
    "recall@1": 0.392,
    "recall@5": 0.656,
    "recall@10": 0.756,
    "f1@1": 0.392,
    "f1@5": 0.21866666666666673,
    "f1@10": 0.13745454545454547,
    "map@1": 0.392,
    "map@5": 0.49179999999999996,
    "map@10": 0.505270634920635,
    "mrr@1": 0.392,
    "mrr@5": 0.49179999999999996,
    "mrr@10": 0.505270634920635,
    "num_pred": 1000,
    "num_data": 1000
}