{
    "hit@1": 0.575,
    "hit@5": 0.852,
    "hit@10": 0.909,
    "ndcg_linear@1": 0.575,
    "ndcg_linear@5": 0.7239253424263972,
    "ndcg_linear@10": 0.7425374661200015,
    "ndcg_exponential@1": 0.575,
    "ndcg_exponential@5": 0.7239253424263972,
    "ndcg_exponential@10": 0.7425374661200015,
    "precision@1": 0.575,
    "precision@5": 0.1704,
    "precision@10": 0.09090000000000001,
    "recall@1": 0.575,
    "recall@5": 0.852,
    "recall@10": 0.909,
    "f1@1": 0.575,
    "f1@5": 0.284,
    "f1@10": 0.1652727272727273,
    "map@1": 0.575,
    "map@5": 0.6812,
    "map@10": 0.6889833333333334,
    "mrr@1": 0.575,
    "mrr@5": 0.6812,
    "mrr@10": 0.6889833333333334,
    "num_pred": 1000,
    "num_data": 1000
}