{
    "hit@1": 0.0,
    "hit@5": 0.009,
    "hit@10": 0.018,
    "ndcg_linear@1": 0.0,
    "ndcg_linear@5": 0.004815207189560913,
    "ndcg_linear@10": 0.0075522244541869656,
    "ndcg_exponential@1": 0.0,
    "ndcg_exponential@5": 0.004815207189560913,
    "ndcg_exponential@10": 0.0075522244541869656,
    "precision@1": 0.0,
    "precision@5": 0.0018,
    "precision@10": 0.0018,
    "recall@1": 0.0,
    "recall@5": 0.009,
    "recall@10": 0.018,
    "f1@1": 0.0,
    "f1@5": 0.003,
    "f1@10": 0.0032727272727272726,
    "map@1": 0.0,
    "map@5": 0.0034333333333333334,
    "map@10": 0.004462301587301587,
    "mrr@1": 0.0,
    "mrr@5": 0.0034333333333333334,
    "mrr@10": 0.004462301587301587,
    "num_pred": 1000,
    "num_data": 1000
}