{
    "hit@1": 0.002,
    "hit@5": 0.006,
    "hit@10": 0.017,
    "ndcg_linear@1": 0.002,
    "ndcg_linear@5": 0.00452371901428583,
    "ndcg_linear@10": 0.008061687667158817,
    "ndcg_exponential@1": 0.002,
    "ndcg_exponential@5": 0.00452371901428583,
    "ndcg_exponential@10": 0.008061687667158817,
    "precision@1": 0.002,
    "precision@5": 0.0012,
    "precision@10": 0.0017000000000000001,
    "recall@1": 0.002,
    "recall@5": 0.006,
    "recall@10": 0.017,
    "f1@1": 0.002,
    "f1@5": 0.0020000000000000005,
    "f1@10": 0.0030909090909090908,
    "map@1": 0.002,
    "map@5": 0.004,
    "map@10": 0.005448015873015874,
    "mrr@1": 0.002,
    "mrr@5": 0.004,
    "mrr@10": 0.005448015873015874,
    "num_pred": 1000,
    "num_data": 1000
}