{
    "hit@1": 0.0,
    "hit@5": 0.003,
    "hit@10": 0.011,
    "ndcg_linear@1": 0.0,
    "ndcg_linear@5": 0.0015616063116448507,
    "ndcg_linear@10": 0.004097105252742183,
    "ndcg_exponential@1": 0.0,
    "ndcg_exponential@5": 0.0015616063116448507,
    "ndcg_exponential@10": 0.004097105252742183,
    "precision@1": 0.0,
    "precision@5": 0.0006000000000000001,
    "precision@10": 0.0011,
    "recall@1": 0.0,
    "recall@5": 0.003,
    "recall@10": 0.011,
    "f1@1": 0.0,
    "f1@5": 0.001,
    "f1@10": 0.002,
    "map@1": 0.0,
    "map@5": 0.0010833333333333333,
    "map@10": 0.0021000000000000003,
    "mrr@1": 0.0,
    "mrr@5": 0.0010833333333333333,
    "mrr@10": 0.0021000000000000003,
    "num_pred": 1000,
    "num_data": 1000
}