{
    "hit@1": 0.005,
    "hit@5": 0.005,
    "hit@10": 0.014,
    "ndcg_linear@1": 0.005,
    "ndcg_linear@5": 0.005,
    "ndcg_linear@10": 0.007754885721173657,
    "ndcg_exponential@1": 0.005,
    "ndcg_exponential@5": 0.005,
    "ndcg_exponential@10": 0.007754885721173657,
    "precision@1": 0.005,
    "precision@5": 0.001,
    "precision@10": 0.0014,
    "recall@1": 0.005,
    "recall@5": 0.005,
    "recall@10": 0.014,
    "f1@1": 0.005,
    "f1@5": 0.001666666666666667,
    "f1@10": 0.002545454545454546,
    "map@1": 0.005,
    "map@5": 0.005,
    "map@10": 0.006046825396825398,
    "mrr@1": 0.005,
    "mrr@5": 0.005,
    "mrr@10": 0.006046825396825398,
    "num_pred": 1000,
    "num_data": 1000
}