{
    "hit@1": 0.004,
    "hit@5": 0.016,
    "hit@10": 0.036,
    "ndcg_linear@1": 0.004,
    "ndcg_linear@5": 0.009819877665550421,
    "ndcg_linear@10": 0.016258084040549,
    "ndcg_exponential@1": 0.004,
    "ndcg_exponential@5": 0.009819877665550421,
    "ndcg_exponential@10": 0.016258084040549,
    "precision@1": 0.004,
    "precision@5": 0.0032,
    "precision@10": 0.0035999999999999995,
    "recall@1": 0.004,
    "recall@5": 0.016,
    "recall@10": 0.036,
    "f1@1": 0.004,
    "f1@5": 0.005333333333333334,
    "f1@10": 0.006545454545454545,
    "map@1": 0.004,
    "map@5": 0.007816666666666666,
    "map@10": 0.01045515873015873,
    "mrr@1": 0.004,
    "mrr@5": 0.007816666666666666,
    "mrr@10": 0.01045515873015873,
    "num_pred": 1000,
    "num_data": 1000
}