{
    "hit@1": 0.003,
    "hit@5": 0.007,
    "hit@10": 0.019,
    "ndcg_linear@1": 0.003,
    "ndcg_linear@5": 0.00506160631164485,
    "ndcg_linear@10": 0.008780821093399074,
    "ndcg_exponential@1": 0.003,
    "ndcg_exponential@5": 0.00506160631164485,
    "ndcg_exponential@10": 0.008780821093399074,
    "precision@1": 0.003,
    "precision@5": 0.0014000000000000002,
    "precision@10": 0.0019000000000000004,
    "recall@1": 0.003,
    "recall@5": 0.007,
    "recall@10": 0.019,
    "f1@1": 0.003,
    "f1@5": 0.0023333333333333335,
    "f1@10": 0.003454545454545454,
    "map@1": 0.003,
    "map@5": 0.004416666666666666,
    "map@10": 0.0058567460317460315,
    "mrr@1": 0.003,
    "mrr@5": 0.004416666666666666,
    "mrr@10": 0.0058567460317460315,
    "num_pred": 1000,
    "num_data": 1000
}