{
    "hit@1": 0.006,
    "hit@5": 0.014,
    "hit@10": 0.022,
    "ndcg_linear@1": 0.006,
    "ndcg_linear@5": 0.00992241792884654,
    "ndcg_linear@10": 0.012467346353838536,
    "ndcg_exponential@1": 0.006,
    "ndcg_exponential@5": 0.00992241792884654,
    "ndcg_exponential@10": 0.012467346353838536,
    "precision@1": 0.006,
    "precision@5": 0.0028000000000000004,
    "precision@10": 0.0022,
    "recall@1": 0.006,
    "recall@5": 0.014,
    "recall@10": 0.022,
    "f1@1": 0.006,
    "f1@5": 0.004666666666666667,
    "f1@10": 0.004,
    "map@1": 0.006,
    "map@5": 0.0086,
    "map@10": 0.009624603174603173,
    "mrr@1": 0.006,
    "mrr@5": 0.0086,
    "mrr@10": 0.009624603174603173,
    "num_pred": 1000,
    "num_data": 1000
}