{
    "hit@1": 0.048,
    "hit@5": 0.213,
    "hit@10": 0.451,
    "ndcg_linear@1": 0.048,
    "ndcg_linear@5": 0.1264254081751878,
    "ndcg_linear@10": 0.20281493030263553,
    "ndcg_exponential@1": 0.048,
    "ndcg_exponential@5": 0.1264254081751878,
    "ndcg_exponential@10": 0.20281493030263553,
    "precision@1": 0.048,
    "precision@5": 0.042600000000000006,
    "precision@10": 0.0451,
    "recall@1": 0.048,
    "recall@5": 0.213,
    "recall@10": 0.451,
    "f1@1": 0.048,
    "f1@5": 0.07100000000000001,
    "f1@10": 0.08200000000000002,
    "map@1": 0.048,
    "map@5": 0.09858333333333334,
    "map@10": 0.1297964285714286,
    "mrr@1": 0.048,
    "mrr@5": 0.09858333333333334,
    "mrr@10": 0.1297964285714286,
    "num_pred": 1000,
    "num_data": 1000
}