{
    "hit@1": 0.003,
    "hit@5": 0.006,
    "hit@10": 0.012,
    "ndcg_linear@1": 0.003,
    "ndcg_linear@5": 0.00429202967422018,
    "ndcg_linear@10": 0.006155856551423762,
    "ndcg_exponential@1": 0.003,
    "ndcg_exponential@5": 0.00429202967422018,
    "ndcg_exponential@10": 0.006155856551423762,
    "precision@1": 0.003,
    "precision@5": 0.0012,
    "precision@10": 0.0012000000000000001,
    "recall@1": 0.003,
    "recall@5": 0.006,
    "recall@10": 0.012,
    "f1@1": 0.003,
    "f1@5": 0.002,
    "f1@10": 0.0021818181818181815,
    "map@1": 0.003,
    "map@5": 0.00375,
    "map@10": 0.004475,
    "mrr@1": 0.003,
    "mrr@5": 0.00375,
    "mrr@10": 0.004475,
    "num_pred": 1000,
    "num_data": 1000
}