{
    "hit@1": 0.0,
    "hit@5": 0.001,
    "hit@10": 0.004,
    "ndcg_linear@1": 0.0,
    "ndcg_linear@5": 0.0006309297535714575,
    "ndcg_linear@10": 0.0015652665933152555,
    "ndcg_exponential@1": 0.0,
    "ndcg_exponential@5": 0.0006309297535714575,
    "ndcg_exponential@10": 0.0015652665933152555,
    "precision@1": 0.0,
    "precision@5": 0.0002,
    "precision@10": 0.0004,
    "recall@1": 0.0,
    "recall@5": 0.001,
    "recall@10": 0.004,
    "f1@1": 0.0,
    "f1@5": 0.0003333333333333334,
    "f1@10": 0.0007272727272727273,
    "map@1": 0.0,
    "map@5": 0.0005,
    "map@10": 0.0008666666666666666,
    "mrr@1": 0.0,
    "mrr@5": 0.0005,
    "mrr@10": 0.0008666666666666666,
    "num_pred": 1000,
    "num_data": 1000
}