{
    "hit@1": 0.38,
    "hit@5": 0.633,
    "hit@10": 0.747,
    "ndcg_linear@1": 0.38,
    "ndcg_linear@5": 0.5064351356882895,
    "ndcg_linear@10": 0.543173538213793,
    "ndcg_exponential@1": 0.38,
    "ndcg_exponential@5": 0.5064351356882895,
    "ndcg_exponential@10": 0.543173538213793,
    "precision@1": 0.38,
    "precision@5": 0.1266,
    "precision@10": 0.0747,
    "recall@1": 0.38,
    "recall@5": 0.633,
    "recall@10": 0.747,
    "f1@1": 0.38,
    "f1@5": 0.21100000000000005,
    "f1@10": 0.13581818181818184,
    "map@1": 0.38,
    "map@5": 0.4651166666666667,
    "map@10": 0.48022777777777775,
    "mrr@1": 0.38,
    "mrr@5": 0.4651166666666667,
    "mrr@10": 0.48022777777777775,
    "num_pred": 1000,
    "num_data": 1000
}