{
    "hit@1": 0.004,
    "hit@5": 0.012,
    "hit@10": 0.023,
    "ndcg_linear@1": 0.004,
    "ndcg_linear@5": 0.007635058730615869,
    "ndcg_linear@10": 0.011175563068940287,
    "ndcg_exponential@1": 0.004,
    "ndcg_exponential@5": 0.007635058730615869,
    "ndcg_exponential@10": 0.011175563068940287,
    "precision@1": 0.004,
    "precision@5": 0.0024000000000000002,
    "precision@10": 0.0023000000000000004,
    "recall@1": 0.004,
    "recall@5": 0.012,
    "recall@10": 0.023,
    "f1@1": 0.004,
    "f1@5": 0.004,
    "f1@10": 0.0041818181818181815,
    "map@1": 0.004,
    "map@5": 0.006233333333333333,
    "map@10": 0.0076845238095238095,
    "mrr@1": 0.004,
    "mrr@5": 0.006233333333333333,
    "mrr@10": 0.0076845238095238095,
    "num_pred": 1000,
    "num_data": 1000
}