{
    "hit@1": 0.002,
    "hit@5": 0.006,
    "hit@10": 0.016,
    "ndcg_linear@1": 0.002,
    "ndcg_linear@5": 0.003835311926113934,
    "ndcg_linear@10": 0.007001740620782726,
    "ndcg_exponential@1": 0.002,
    "ndcg_exponential@5": 0.003835311926113934,
    "ndcg_exponential@10": 0.007001740620782726,
    "precision@1": 0.002,
    "precision@5": 0.0012000000000000001,
    "precision@10": 0.0016,
    "recall@1": 0.002,
    "recall@5": 0.006,
    "recall@10": 0.016,
    "f1@1": 0.002,
    "f1@5": 0.002,
    "f1@10": 0.0029090909090909093,
    "map@1": 0.002,
    "map@5": 0.00315,
    "map@10": 0.004416666666666667,
    "mrr@1": 0.002,
    "mrr@5": 0.00315,
    "mrr@10": 0.004416666666666667,
    "num_pred": 1000,
    "num_data": 1000
}