{
    "hit@1": 0.278,
    "hit@5": 0.503,
    "hit@10": 0.613,
    "ndcg_linear@1": 0.278,
    "ndcg_linear@5": 0.39764185085212445,
    "ndcg_linear@10": 0.43325932201296363,
    "ndcg_exponential@1": 0.278,
    "ndcg_exponential@5": 0.39764185085212445,
    "ndcg_exponential@10": 0.43325932201296363,
    "precision@1": 0.278,
    "precision@5": 0.1006,
    "precision@10": 0.0613,
    "recall@1": 0.278,
    "recall@5": 0.503,
    "recall@10": 0.613,
    "f1@1": 0.278,
    "f1@5": 0.1676666666666667,
    "f1@10": 0.11145454545454547,
    "map@1": 0.278,
    "map@5": 0.36256666666666665,
    "map@10": 0.37729007936507936,
    "mrr@1": 0.278,
    "mrr@5": 0.36256666666666665,
    "mrr@10": 0.37729007936507936,
    "num_pred": 1000,
    "num_data": 1000
}