{
    "hit@1": 0.612,
    "hit@5": 0.861,
    "hit@10": 0.93,
    "ndcg_linear@1": 0.612,
    "ndcg_linear@5": 0.7477793382818833,
    "ndcg_linear@10": 0.7700423852902668,
    "ndcg_exponential@1": 0.612,
    "ndcg_exponential@5": 0.7477793382818833,
    "ndcg_exponential@10": 0.7700423852902668,
    "precision@1": 0.612,
    "precision@5": 0.17220000000000002,
    "precision@10": 0.093,
    "recall@1": 0.612,
    "recall@5": 0.861,
    "recall@10": 0.93,
    "f1@1": 0.612,
    "f1@5": 0.287,
    "f1@10": 0.16909090909090907,
    "map@1": 0.612,
    "map@5": 0.7097666666666667,
    "map@10": 0.7189277777777777,
    "mrr@1": 0.612,
    "mrr@5": 0.7097666666666667,
    "mrr@10": 0.7189277777777777,
    "num_pred": 1000,
    "num_data": 1000
}