{
    "hit@1": 0.457,
    "hit@5": 0.718,
    "hit@10": 0.799,
    "ndcg_linear@1": 0.457,
    "ndcg_linear@5": 0.5975631086517385,
    "ndcg_linear@10": 0.6239325344831091,
    "ndcg_exponential@1": 0.457,
    "ndcg_exponential@5": 0.5975631086517385,
    "ndcg_exponential@10": 0.6239325344831091,
    "precision@1": 0.457,
    "precision@5": 0.14359999999999998,
    "precision@10": 0.0799,
    "recall@1": 0.457,
    "recall@5": 0.718,
    "recall@10": 0.799,
    "f1@1": 0.457,
    "f1@5": 0.23933333333333337,
    "f1@10": 0.1452727272727273,
    "map@1": 0.457,
    "map@5": 0.5573499999999999,
    "map@10": 0.5683321428571428,
    "mrr@1": 0.457,
    "mrr@5": 0.5573499999999999,
    "mrr@10": 0.5683321428571428,
    "num_pred": 1000,
    "num_data": 1000
}