{
    "hit@1": 0.002,
    "hit@5": 0.007,
    "hit@10": 0.012,
    "ndcg_linear@1": 0.002,
    "ndcg_linear@5": 0.004379135676952785,
    "ndcg_linear@10": 0.005992104352709344,
    "ndcg_exponential@1": 0.002,
    "ndcg_exponential@5": 0.004379135676952785,
    "ndcg_exponential@10": 0.005992104352709344,
    "precision@1": 0.002,
    "precision@5": 0.0014,
    "precision@10": 0.0012,
    "recall@1": 0.002,
    "recall@5": 0.007,
    "recall@10": 0.012,
    "f1@1": 0.002,
    "f1@5": 0.002333333333333334,
    "f1@10": 0.0021818181818181815,
    "map@1": 0.002,
    "map@5": 0.003533333333333333,
    "map@10": 0.004196825396825396,
    "mrr@1": 0.002,
    "mrr@5": 0.003533333333333333,
    "mrr@10": 0.004196825396825396,
    "num_pred": 1000,
    "num_data": 1000
}