{
    "hit@1": 0.002,
    "hit@5": 0.005,
    "hit@10": 0.013,
    "ndcg_linear@1": 0.002,
    "ndcg_linear@5": 0.003204382172542476,
    "ndcg_linear@10": 0.00588006912242159,
    "ndcg_exponential@1": 0.002,
    "ndcg_exponential@5": 0.003204382172542476,
    "ndcg_exponential@10": 0.00588006912242159,
    "precision@1": 0.002,
    "precision@5": 0.001,
    "precision@10": 0.0013,
    "recall@1": 0.002,
    "recall@5": 0.005,
    "recall@10": 0.013,
    "f1@1": 0.002,
    "f1@5": 0.0016666666666666668,
    "f1@10": 0.0023636363636363638,
    "map@1": 0.002,
    "map@5": 0.00265,
    "map@10": 0.0038067460317460318,
    "mrr@1": 0.002,
    "mrr@5": 0.00265,
    "mrr@10": 0.0038067460317460318,
    "num_pred": 1000,
    "num_data": 1000
}