{
    "hit@1": 0.001,
    "hit@5": 0.01,
    "hit@10": 0.019,
    "ndcg_linear@1": 0.001,
    "ndcg_linear@5": 0.005065735288689263,
    "ndcg_linear@10": 0.007920066708322406,
    "ndcg_exponential@1": 0.001,
    "ndcg_exponential@5": 0.005065735288689263,
    "ndcg_exponential@10": 0.007920066708322406,
    "precision@1": 0.001,
    "precision@5": 0.002,
    "precision@10": 0.0019,
    "recall@1": 0.001,
    "recall@5": 0.01,
    "recall@10": 0.019,
    "f1@1": 0.001,
    "f1@5": 0.003333333333333334,
    "f1@10": 0.0034545454545454545,
    "map@1": 0.001,
    "map@5": 0.0034833333333333335,
    "map@10": 0.004628571428571428,
    "mrr@1": 0.001,
    "mrr@5": 0.0034833333333333335,
    "mrr@10": 0.004628571428571428,
    "num_pred": 1000,
    "num_data": 1000
}