{
    "hit@1": 0.664,
    "hit@5": 0.91,
    "hit@10": 0.965,
    "ndcg_linear@1": 0.664,
    "ndcg_linear@5": 0.7982671068555787,
    "ndcg_linear@10": 0.8164292970883914,
    "ndcg_exponential@1": 0.664,
    "ndcg_exponential@5": 0.7982671068555787,
    "ndcg_exponential@10": 0.8164292970883914,
    "precision@1": 0.664,
    "precision@5": 0.182,
    "precision@10": 0.09650000000000002,
    "recall@1": 0.664,
    "recall@5": 0.91,
    "recall@10": 0.965,
    "f1@1": 0.664,
    "f1@5": 0.30333333333333334,
    "f1@10": 0.17545454545454545,
    "map@1": 0.664,
    "map@5": 0.7607999999999999,
    "map@10": 0.7685154761904762,
    "mrr@1": 0.664,
    "mrr@5": 0.7607999999999999,
    "mrr@10": 0.7685154761904762,
    "num_pred": 1000,
    "num_data": 1000
}