{
    "hit@1": 0.693,
    "hit@5": 0.919,
    "hit@10": 0.967,
    "ndcg_linear@1": 0.693,
    "ndcg_linear@5": 0.8174594606163329,
    "ndcg_linear@10": 0.8330129333805415,
    "ndcg_exponential@1": 0.693,
    "ndcg_exponential@5": 0.8174594606163329,
    "ndcg_exponential@10": 0.8330129333805415,
    "precision@1": 0.693,
    "precision@5": 0.18380000000000005,
    "precision@10": 0.09670000000000002,
    "recall@1": 0.693,
    "recall@5": 0.919,
    "recall@10": 0.967,
    "f1@1": 0.693,
    "f1@5": 0.30633333333333335,
    "f1@10": 0.17581818181818182,
    "map@1": 0.693,
    "map@5": 0.7832833333333333,
    "map@10": 0.7897123015873015,
    "mrr@1": 0.693,
    "mrr@5": 0.7832833333333333,
    "mrr@10": 0.7897123015873015,
    "num_pred": 1000,
    "num_data": 1000
}