{
    "hit@1": 0.012,
    "hit@5": 0.061,
    "hit@10": 0.095,
    "ndcg_linear@1": 0.012,
    "ndcg_linear@5": 0.03595083286847931,
    "ndcg_linear@10": 0.04674951115267267,
    "ndcg_exponential@1": 0.012,
    "ndcg_exponential@5": 0.03595083286847931,
    "ndcg_exponential@10": 0.04674951115267267,
    "precision@1": 0.012,
    "precision@5": 0.012199999999999999,
    "precision@10": 0.0095,
    "recall@1": 0.012,
    "recall@5": 0.061,
    "recall@10": 0.095,
    "f1@1": 0.012,
    "f1@5": 0.020333333333333335,
    "f1@10": 0.017272727272727273,
    "map@1": 0.012,
    "map@5": 0.027816666666666663,
    "map@10": 0.03215396825396826,
    "mrr@1": 0.012,
    "mrr@5": 0.027816666666666663,
    "mrr@10": 0.03215396825396826,
    "num_pred": 1000,
    "num_data": 1000
}