{
    "hit@1": 0.005,
    "hit@5": 0.015,
    "hit@10": 0.033,
    "ndcg_linear@1": 0.005,
    "ndcg_linear@5": 0.009896918237758784,
    "ndcg_linear@10": 0.01571715053977372,
    "ndcg_exponential@1": 0.005,
    "ndcg_exponential@5": 0.009896918237758784,
    "ndcg_exponential@10": 0.01571715053977372,
    "precision@1": 0.005,
    "precision@5": 0.0030000000000000005,
    "precision@10": 0.0033000000000000004,
    "recall@1": 0.005,
    "recall@5": 0.015,
    "recall@10": 0.033,
    "f1@1": 0.005,
    "f1@5": 0.005,
    "f1@10": 0.006,
    "map@1": 0.005,
    "map@5": 0.008233333333333332,
    "map@10": 0.01063095238095238,
    "mrr@1": 0.005,
    "mrr@5": 0.008233333333333332,
    "mrr@10": 0.01063095238095238,
    "num_pred": 1000,
    "num_data": 1000
}