{
    "hit@1": 0.006,
    "hit@5": 0.031,
    "hit@10": 0.05,
    "ndcg_linear@1": 0.006,
    "ndcg_linear@5": 0.019184303560484922,
    "ndcg_linear@10": 0.025152170952583878,
    "ndcg_exponential@1": 0.006,
    "ndcg_exponential@5": 0.019184303560484922,
    "ndcg_exponential@10": 0.025152170952583878,
    "precision@1": 0.006,
    "precision@5": 0.006200000000000001,
    "precision@10": 0.005,
    "recall@1": 0.006,
    "recall@5": 0.031,
    "recall@10": 0.05,
    "f1@1": 0.006,
    "f1@5": 0.010333333333333333,
    "f1@10": 0.00909090909090909,
    "map@1": 0.006,
    "map@5": 0.015283333333333331,
    "map@10": 0.01764801587301587,
    "mrr@1": 0.006,
    "mrr@5": 0.015283333333333331,
    "mrr@10": 0.01764801587301587,
    "num_pred": 1000,
    "num_data": 1000
}