{
    "hit@1": 0.993,
    "hit@5": 0.993,
    "hit@10": 0.993,
    "ndcg_linear@1": 0.993,
    "ndcg_linear@5": 0.993,
    "ndcg_linear@10": 0.993,
    "ndcg_exponential@1": 0.993,
    "ndcg_exponential@5": 0.993,
    "ndcg_exponential@10": 0.993,
    "precision@1": 0.993,
    "precision@5": 0.19860000000000003,
    "precision@10": 0.09930000000000001,
    "recall@1": 0.993,
    "recall@5": 0.993,
    "recall@10": 0.993,
    "f1@1": 0.993,
    "f1@5": 0.331,
    "f1@10": 0.18054545454545454,
    "map@1": 0.993,
    "map@5": 0.993,
    "map@10": 0.993,
    "mrr@1": 0.993,
    "mrr@5": 0.993,
    "mrr@10": 0.993,
    "num_pred": 1000,
    "num_data": 1000
}