{
    "hit@1": 0.013,
    "hit@5": 0.054,
    "hit@10": 0.084,
    "ndcg_linear@1": 0.013,
    "ndcg_linear@5": 0.0326706493015853,
    "ndcg_linear@10": 0.042416277648741584,
    "ndcg_exponential@1": 0.013,
    "ndcg_exponential@5": 0.0326706493015853,
    "ndcg_exponential@10": 0.042416277648741584,
    "precision@1": 0.013,
    "precision@5": 0.0108,
    "precision@10": 0.008400000000000001,
    "recall@1": 0.013,
    "recall@5": 0.054,
    "recall@10": 0.084,
    "f1@1": 0.013,
    "f1@5": 0.018,
    "f1@10": 0.015272727272727273,
    "map@1": 0.013,
    "map@5": 0.025799999999999997,
    "map@10": 0.02984880952380952,
    "mrr@1": 0.013,
    "mrr@5": 0.025799999999999997,
    "mrr@10": 0.02984880952380952,
    "num_pred": 1000,
    "num_data": 1000
}