{
    "hit@1": 0.465,
    "hit@5": 0.744,
    "hit@10": 0.847,
    "ndcg_linear@1": 0.465,
    "ndcg_linear@5": 0.6129156348400799,
    "ndcg_linear@10": 0.646800065065832,
    "ndcg_exponential@1": 0.465,
    "ndcg_exponential@5": 0.6129156348400799,
    "ndcg_exponential@10": 0.646800065065832,
    "precision@1": 0.465,
    "precision@5": 0.14880000000000002,
    "precision@10": 0.0847,
    "recall@1": 0.465,
    "recall@5": 0.744,
    "recall@10": 0.847,
    "f1@1": 0.465,
    "f1@5": 0.24800000000000005,
    "f1@10": 0.154,
    "map@1": 0.465,
    "map@5": 0.56935,
    "map@10": 0.5836638888888889,
    "mrr@1": 0.465,
    "mrr@5": 0.56935,
    "mrr@10": 0.5836638888888889,
    "num_pred": 1000,
    "num_data": 1000
}