{
    "hit@1": 0.401,
    "hit@5": 0.719,
    "hit@10": 0.823,
    "ndcg_linear@1": 0.401,
    "ndcg_linear@5": 0.5701046356761877,
    "ndcg_linear@10": 0.603958596900666,
    "ndcg_exponential@1": 0.401,
    "ndcg_exponential@5": 0.5701046356761877,
    "ndcg_exponential@10": 0.603958596900666,
    "precision@1": 0.401,
    "precision@5": 0.14379999999999998,
    "precision@10": 0.08230000000000001,
    "recall@1": 0.401,
    "recall@5": 0.719,
    "recall@10": 0.823,
    "f1@1": 0.401,
    "f1@5": 0.23966666666666675,
    "f1@10": 0.14963636363636362,
    "map@1": 0.401,
    "map@5": 0.52055,
    "map@10": 0.5346507936507936,
    "mrr@1": 0.401,
    "mrr@5": 0.52055,
    "mrr@10": 0.5346507936507936,
    "num_pred": 1000,
    "num_data": 1000
}