{
    "hit@1": 0.002,
    "hit@5": 0.025,
    "hit@10": 0.051,
    "ndcg_linear@1": 0.002,
    "ndcg_linear@5": 0.012389200432339,
    "ndcg_linear@10": 0.020673206633050487,
    "ndcg_exponential@1": 0.002,
    "ndcg_exponential@5": 0.012389200432339,
    "ndcg_exponential@10": 0.020673206633050487,
    "precision@1": 0.002,
    "precision@5": 0.005,
    "precision@10": 0.0051,
    "recall@1": 0.002,
    "recall@5": 0.025,
    "recall@10": 0.051,
    "f1@1": 0.002,
    "f1@5": 0.008333333333333333,
    "f1@10": 0.009272727272727271,
    "map@1": 0.002,
    "map@5": 0.008383333333333333,
    "map@10": 0.011731349206349205,
    "mrr@1": 0.002,
    "mrr@5": 0.008383333333333333,
    "mrr@10": 0.011731349206349205,
    "num_pred": 1000,
    "num_data": 1000
}