{
    "hit@1": 0.002,
    "hit@5": 0.009,
    "hit@10": 0.018,
    "ndcg_linear@1": 0.002,
    "ndcg_linear@5": 0.005440741988597637,
    "ndcg_linear@10": 0.008282210348910258,
    "ndcg_exponential@1": 0.002,
    "ndcg_exponential@5": 0.005440741988597637,
    "ndcg_exponential@10": 0.008282210348910258,
    "precision@1": 0.002,
    "precision@5": 0.0018000000000000002,
    "precision@10": 0.0018000000000000002,
    "recall@1": 0.002,
    "recall@5": 0.009,
    "recall@10": 0.018,
    "f1@1": 0.002,
    "f1@5": 0.003,
    "f1@10": 0.0032727272727272726,
    "map@1": 0.002,
    "map@5": 0.0042833333333333334,
    "map@10": 0.005416666666666666,
    "mrr@1": 0.002,
    "mrr@5": 0.0042833333333333334,
    "mrr@10": 0.005416666666666666,
    "num_pred": 1000,
    "num_data": 1000
}