{
    "hit@1": 0.0,
    "hit@5": 0.005,
    "hit@10": 0.009,
    "ndcg_linear@1": 0.0,
    "ndcg_linear@5": 0.001934264036172708,
    "ndcg_linear@10": 0.0031144536801364464,
    "ndcg_exponential@1": 0.0,
    "ndcg_exponential@5": 0.001934264036172708,
    "ndcg_exponential@10": 0.0031144536801364464,
    "precision@1": 0.0,
    "precision@5": 0.001,
    "precision@10": 0.0009,
    "recall@1": 0.0,
    "recall@5": 0.005,
    "recall@10": 0.009,
    "f1@1": 0.0,
    "f1@5": 0.0016666666666666668,
    "f1@10": 0.0016363636363636363,
    "map@1": 0.0,
    "map@5": 0.001,
    "map@10": 0.001422222222222222,
    "mrr@1": 0.0,
    "mrr@5": 0.001,
    "mrr@10": 0.001422222222222222,
    "num_pred": 1000,
    "num_data": 1000
}