{
    "hit@1": 0.016,
    "hit@5": 0.208,
    "hit@10": 0.42,
    "ndcg_linear@1": 0.016,
    "ndcg_linear@5": 0.11255822512895713,
    "ndcg_linear@10": 0.1798345517529516,
    "ndcg_exponential@1": 0.016,
    "ndcg_exponential@5": 0.11255822512895713,
    "ndcg_exponential@10": 0.1798345517529516,
    "precision@1": 0.016,
    "precision@5": 0.0416,
    "precision@10": 0.042,
    "recall@1": 0.016,
    "recall@5": 0.208,
    "recall@10": 0.42,
    "f1@1": 0.016,
    "f1@5": 0.06933333333333334,
    "f1@10": 0.07636363636363637,
    "map@1": 0.016,
    "map@5": 0.0814,
    "map@10": 0.10840952380952382,
    "mrr@1": 0.016,
    "mrr@5": 0.0814,
    "mrr@10": 0.10840952380952382,
    "num_pred": 1000,
    "num_data": 1000
}