{
    "hit@1": 0.004,
    "hit@5": 0.011,
    "hit@10": 0.03,
    "ndcg_linear@1": 0.004,
    "ndcg_linear@5": 0.007448459118879393,
    "ndcg_linear@10": 0.013702857031953787,
    "ndcg_exponential@1": 0.004,
    "ndcg_exponential@5": 0.007448459118879393,
    "ndcg_exponential@10": 0.013702857031953787,
    "precision@1": 0.004,
    "precision@5": 0.0022,
    "precision@10": 0.003,
    "recall@1": 0.004,
    "recall@5": 0.011,
    "recall@10": 0.03,
    "f1@1": 0.004,
    "f1@5": 0.003666666666666667,
    "f1@10": 0.005454545454545455,
    "map@1": 0.004,
    "map@5": 0.0062833333333333335,
    "map@10": 0.008929761904761904,
    "mrr@1": 0.004,
    "mrr@5": 0.0062833333333333335,
    "mrr@10": 0.008929761904761904,
    "num_pred": 1000,
    "num_data": 1000
}