{
    "hit@1": 0.002,
    "hit@5": 0.007,
    "hit@10": 0.014,
    "ndcg_linear@1": 0.002,
    "ndcg_linear@5": 0.004692536065216309,
    "ndcg_linear@10": 0.006977176804866617,
    "ndcg_exponential@1": 0.002,
    "ndcg_exponential@5": 0.004692536065216309,
    "ndcg_exponential@10": 0.006977176804866617,
    "precision@1": 0.002,
    "precision@5": 0.0014000000000000002,
    "precision@10": 0.0014,
    "recall@1": 0.002,
    "recall@5": 0.007,
    "recall@10": 0.014,
    "f1@1": 0.002,
    "f1@5": 0.0023333333333333335,
    "f1@10": 0.0025454545454545456,
    "map@1": 0.002,
    "map@5": 0.003916666666666666,
    "map@10": 0.004871825396825397,
    "mrr@1": 0.002,
    "mrr@5": 0.003916666666666666,
    "mrr@10": 0.004871825396825397,
    "num_pred": 1000,
    "num_data": 1000
}