{
    "hit@1": 0.003,
    "hit@5": 0.007,
    "hit@10": 0.014,
    "ndcg_linear@1": 0.003,
    "ndcg_linear@5": 0.004791488175275083,
    "ndcg_linear@10": 0.006968244243812963,
    "ndcg_exponential@1": 0.003,
    "ndcg_exponential@5": 0.004791488175275083,
    "ndcg_exponential@10": 0.006968244243812963,
    "precision@1": 0.003,
    "precision@5": 0.0014000000000000002,
    "precision@10": 0.0014000000000000002,
    "recall@1": 0.003,
    "recall@5": 0.007,
    "recall@10": 0.014,
    "f1@1": 0.003,
    "f1@5": 0.0023333333333333335,
    "f1@10": 0.0025454545454545456,
    "map@1": 0.003,
    "map@5": 0.0040999999999999995,
    "map@10": 0.004946825396825397,
    "mrr@1": 0.003,
    "mrr@5": 0.0040999999999999995,
    "mrr@10": 0.004946825396825397,
    "num_pred": 1000,
    "num_data": 1000
}