{
    "hit@1": 0.04,
    "hit@5": 0.143,
    "hit@10": 0.363,
    "ndcg_linear@1": 0.04,
    "ndcg_linear@5": 0.08928743487116494,
    "ndcg_linear@10": 0.15838966830862636,
    "ndcg_exponential@1": 0.04,
    "ndcg_exponential@5": 0.08928743487116494,
    "ndcg_exponential@10": 0.15838966830862636,
    "precision@1": 0.04,
    "precision@5": 0.0286,
    "precision@10": 0.0363,
    "recall@1": 0.04,
    "recall@5": 0.143,
    "recall@10": 0.363,
    "f1@1": 0.04,
    "f1@5": 0.04766666666666667,
    "f1@10": 0.06600000000000002,
    "map@1": 0.04,
    "map@5": 0.07201666666666666,
    "map@10": 0.09934444444444443,
    "mrr@1": 0.04,
    "mrr@5": 0.07201666666666666,
    "mrr@10": 0.09934444444444443,
    "num_pred": 1000,
    "num_data": 1000
}