{
    "hit@1": 0.001,
    "hit@5": 0.009,
    "hit@10": 0.014,
    "ndcg_linear@1": 0.001,
    "ndcg_linear@5": 0.005123212623289701,
    "ndcg_linear@10": 0.006741186696273343,
    "ndcg_exponential@1": 0.001,
    "ndcg_exponential@5": 0.005123212623289701,
    "ndcg_exponential@10": 0.006741186696273343,
    "precision@1": 0.001,
    "precision@5": 0.0018,
    "precision@10": 0.0014,
    "recall@1": 0.001,
    "recall@5": 0.009,
    "recall@10": 0.014,
    "f1@1": 0.001,
    "f1@5": 0.003,
    "f1@10": 0.0025454545454545456,
    "map@1": 0.001,
    "map@5": 0.003833333333333333,
    "map@10": 0.004502777777777778,
    "mrr@1": 0.001,
    "mrr@5": 0.003833333333333333,
    "mrr@10": 0.004502777777777778,
    "num_pred": 1000,
    "num_data": 1000
}