{
    "hit@1": 0.0,
    "hit@5": 0.005,
    "hit@10": 0.01,
    "ndcg_linear@1": 0.0,
    "ndcg_linear@5": 0.0019780877870115596,
    "ndcg_linear@10": 0.003759123722551671,
    "ndcg_exponential@1": 0.0,
    "ndcg_exponential@5": 0.0019780877870115596,
    "ndcg_exponential@10": 0.003759123722551671,
    "precision@1": 0.0,
    "precision@5": 0.001,
    "precision@10": 0.001,
    "recall@1": 0.0,
    "recall@5": 0.005,
    "recall@10": 0.01,
    "f1@1": 0.0,
    "f1@5": 0.0016666666666666668,
    "f1@10": 0.0018181818181818184,
    "map@1": 0.0,
    "map@5": 0.0010500000000000002,
    "map@10": 0.0018833333333333332,
    "mrr@1": 0.0,
    "mrr@5": 0.0010500000000000002,
    "mrr@10": 0.0018833333333333332,
    "num_pred": 1000,
    "num_data": 1000
}