{
    "hit@1": 0.048,
    "hit@5": 0.149,
    "hit@10": 0.229,
    "ndcg_linear@1": 0.048,
    "ndcg_linear@5": 0.09870143934109406,
    "ndcg_linear@10": 0.12454881066805107,
    "ndcg_exponential@1": 0.048,
    "ndcg_exponential@5": 0.09870143934109406,
    "ndcg_exponential@10": 0.12454881066805107,
    "precision@1": 0.048,
    "precision@5": 0.029800000000000004,
    "precision@10": 0.0229,
    "recall@1": 0.048,
    "recall@5": 0.149,
    "recall@10": 0.229,
    "f1@1": 0.048,
    "f1@5": 0.04966666666666667,
    "f1@10": 0.04163636363636363,
    "map@1": 0.048,
    "map@5": 0.08225,
    "map@10": 0.09290753968253967,
    "mrr@1": 0.048,
    "mrr@5": 0.08225,
    "mrr@10": 0.09290753968253967,
    "num_pred": 1000,
    "num_data": 1000
}