{
    "hit@1": 0.127,
    "hit@5": 0.318,
    "hit@10": 0.435,
    "ndcg_linear@1": 0.127,
    "ndcg_linear@5": 0.2239082481873654,
    "ndcg_linear@10": 0.2618319922141776,
    "ndcg_exponential@1": 0.127,
    "ndcg_exponential@5": 0.2239082481873654,
    "ndcg_exponential@10": 0.2618319922141776,
    "precision@1": 0.127,
    "precision@5": 0.0636,
    "precision@10": 0.0435,
    "recall@1": 0.127,
    "recall@5": 0.318,
    "recall@10": 0.435,
    "f1@1": 0.127,
    "f1@5": 0.10600000000000002,
    "f1@10": 0.07909090909090911,
    "map@1": 0.127,
    "map@5": 0.19298333333333334,
    "map@10": 0.20869285714285715,
    "mrr@1": 0.127,
    "mrr@5": 0.19298333333333334,
    "mrr@10": 0.20869285714285715,
    "num_pred": 1000,
    "num_data": 1000
}