{
    "hit@1": 0.297,
    "hit@5": 0.589,
    "hit@10": 0.7,
    "ndcg_linear@1": 0.297,
    "ndcg_linear@5": 0.449376454765597,
    "ndcg_linear@10": 0.48514008181598645,
    "ndcg_exponential@1": 0.297,
    "ndcg_exponential@5": 0.449376454765597,
    "ndcg_exponential@10": 0.48514008181598645,
    "precision@1": 0.297,
    "precision@5": 0.11779999999999999,
    "precision@10": 0.07,
    "recall@1": 0.297,
    "recall@5": 0.589,
    "recall@10": 0.7,
    "f1@1": 0.297,
    "f1@5": 0.19633333333333336,
    "f1@10": 0.1272727272727273,
    "map@1": 0.297,
    "map@5": 0.40315,
    "map@10": 0.4178357142857143,
    "mrr@1": 0.297,
    "mrr@5": 0.40315,
    "mrr@10": 0.4178357142857143,
    "num_pred": 1000,
    "num_data": 1000
}