{
    "hit@1": 0.002,
    "hit@5": 0.009,
    "hit@10": 0.016,
    "ndcg_linear@1": 0.002,
    "ndcg_linear@5": 0.005553889181363095,
    "ndcg_linear@10": 0.0077594223908771754,
    "ndcg_exponential@1": 0.002,
    "ndcg_exponential@5": 0.005553889181363095,
    "ndcg_exponential@10": 0.0077594223908771754,
    "precision@1": 0.002,
    "precision@5": 0.0018000000000000002,
    "precision@10": 0.0016,
    "recall@1": 0.002,
    "recall@5": 0.009,
    "recall@10": 0.016,
    "f1@1": 0.002,
    "f1@5": 0.003,
    "f1@10": 0.0029090909090909093,
    "map@1": 0.002,
    "map@5": 0.004416666666666666,
    "map@10": 0.005294047619047618,
    "mrr@1": 0.002,
    "mrr@5": 0.004416666666666666,
    "mrr@10": 0.005294047619047618,
    "num_pred": 1000,
    "num_data": 1000
}