{
    "hit@1": 0.0,
    "hit@5": 0.003,
    "hit@10": 0.015,
    "ndcg_linear@1": 0.0,
    "ndcg_linear@5": 0.0011605584217036248,
    "ndcg_linear@10": 0.005022430924015283,
    "ndcg_exponential@1": 0.0,
    "ndcg_exponential@5": 0.0011605584217036248,
    "ndcg_exponential@10": 0.005022430924015283,
    "precision@1": 0.0,
    "precision@5": 0.0006000000000000001,
    "precision@10": 0.0015,
    "recall@1": 0.0,
    "recall@5": 0.003,
    "recall@10": 0.015,
    "f1@1": 0.0,
    "f1@5": 0.001,
    "f1@10": 0.002727272727272727,
    "map@1": 0.0,
    "map@5": 0.0006000000000000001,
    "map@10": 0.002182936507936508,
    "mrr@1": 0.0,
    "mrr@5": 0.0006000000000000001,
    "mrr@10": 0.002182936507936508,
    "num_pred": 1000,
    "num_data": 1000
}