{
    "hit@1": 0.0,
    "hit@5": 0.0,
    "hit@10": 0.001,
    "ndcg_linear@1": 0.0,
    "ndcg_linear@5": 0.0,
    "ndcg_linear@10": 0.00031546487678572877,
    "ndcg_exponential@1": 0.0,
    "ndcg_exponential@5": 0.0,
    "ndcg_exponential@10": 0.00031546487678572877,
    "precision@1": 0.0,
    "precision@5": 0.0,
    "precision@10": 0.0001,
    "recall@1": 0.0,
    "recall@5": 0.0,
    "recall@10": 0.001,
    "f1@1": 0.0,
    "f1@5": 0.0,
    "f1@10": 0.00018181818181818183,
    "map@1": 0.0,
    "map@5": 0.0,
    "map@10": 0.000125,
    "mrr@1": 0.0,
    "mrr@5": 0.0,
    "mrr@10": 0.000125,
    "num_pred": 1000,
    "num_data": 1000
}