{
    "hit@1": 0.002,
    "hit@5": 0.007,
    "hit@10": 0.012,
    "ndcg_linear@1": 0.002,
    "ndcg_linear@5": 0.004178340982509624,
    "ndcg_linear@10": 0.005872886900178063,
    "ndcg_exponential@1": 0.002,
    "ndcg_exponential@5": 0.004178340982509624,
    "ndcg_exponential@10": 0.005872886900178063,
    "precision@1": 0.002,
    "precision@5": 0.0014,
    "precision@10": 0.0012000000000000001,
    "recall@1": 0.002,
    "recall@5": 0.007,
    "recall@10": 0.012,
    "f1@1": 0.002,
    "f1@5": 0.0023333333333333335,
    "f1@10": 0.0021818181818181815,
    "map@1": 0.002,
    "map@5": 0.0033,
    "map@10": 0.004044047619047619,
    "mrr@1": 0.002,
    "mrr@5": 0.0033,
    "mrr@10": 0.004044047619047619,
    "num_pred": 1000,
    "num_data": 1000
}