{
    "hit@1": 0.002,
    "hit@5": 0.002,
    "hit@10": 0.004,
    "ndcg_linear@1": 0.002,
    "ndcg_linear@5": 0.002,
    "ndcg_linear@10": 0.0027124143742160442,
    "ndcg_exponential@1": 0.002,
    "ndcg_exponential@5": 0.002,
    "ndcg_exponential@10": 0.0027124143742160442,
    "precision@1": 0.002,
    "precision@5": 0.0004,
    "precision@10": 0.0004,
    "recall@1": 0.002,
    "recall@5": 0.002,
    "recall@10": 0.004,
    "f1@1": 0.002,
    "f1@5": 0.0006666666666666668,
    "f1@10": 0.0007272727272727273,
    "map@1": 0.002,
    "map@5": 0.002,
    "map@10": 0.0023333333333333335,
    "mrr@1": 0.002,
    "mrr@5": 0.002,
    "mrr@10": 0.0023333333333333335,
    "num_pred": 1000,
    "num_data": 1000
}