{
    "hit@1": 0.002,
    "hit@5": 0.004,
    "hit@10": 0.005,
    "ndcg_linear@1": 0.002,
    "ndcg_linear@5": 0.0029306765580733927,
    "ndcg_linear@10": 0.003231706553737374,
    "ndcg_exponential@1": 0.002,
    "ndcg_exponential@5": 0.0029306765580733927,
    "ndcg_exponential@10": 0.003231706553737374,
    "precision@1": 0.002,
    "precision@5": 0.0008,
    "precision@10": 0.0005,
    "recall@1": 0.002,
    "recall@5": 0.004,
    "recall@10": 0.005,
    "f1@1": 0.002,
    "f1@5": 0.0013333333333333335,
    "f1@10": 0.0009090909090909092,
    "map@1": 0.002,
    "map@5": 0.0025833333333333333,
    "map@10": 0.0026944444444444446,
    "mrr@1": 0.002,
    "mrr@5": 0.0025833333333333333,
    "mrr@10": 0.0026944444444444446,
    "num_pred": 1000,
    "num_data": 1000
}