{
    "hit@1": 0.04,
    "hit@5": 0.13,
    "hit@10": 0.203,
    "ndcg_linear@1": 0.04,
    "ndcg_linear@5": 0.08586145693899061,
    "ndcg_linear@10": 0.10948253417249385,
    "ndcg_exponential@1": 0.04,
    "ndcg_exponential@5": 0.08586145693899061,
    "ndcg_exponential@10": 0.10948253417249385,
    "precision@1": 0.04,
    "precision@5": 0.026000000000000002,
    "precision@10": 0.020300000000000002,
    "recall@1": 0.04,
    "recall@5": 0.13,
    "recall@10": 0.203,
    "f1@1": 0.04,
    "f1@5": 0.04333333333333334,
    "f1@10": 0.03690909090909091,
    "map@1": 0.04,
    "map@5": 0.07138333333333333,
    "map@10": 0.08113650793650794,
    "mrr@1": 0.04,
    "mrr@5": 0.07138333333333333,
    "mrr@10": 0.08113650793650794,
    "num_pred": 1000,
    "num_data": 1000
}