{
    "hit@1": 0.089,
    "hit@5": 0.224,
    "hit@10": 0.333,
    "ndcg_linear@1": 0.089,
    "ndcg_linear@5": 0.1565876199187743,
    "ndcg_linear@10": 0.19148712878002766,
    "ndcg_exponential@1": 0.089,
    "ndcg_exponential@5": 0.1565876199187743,
    "ndcg_exponential@10": 0.19148712878002766,
    "precision@1": 0.089,
    "precision@5": 0.0448,
    "precision@10": 0.033299999999999996,
    "recall@1": 0.089,
    "recall@5": 0.224,
    "recall@10": 0.333,
    "f1@1": 0.089,
    "f1@5": 0.07466666666666669,
    "f1@10": 0.060545454545454555,
    "map@1": 0.089,
    "map@5": 0.13455,
    "map@10": 0.14875436507936507,
    "mrr@1": 0.089,
    "mrr@5": 0.13455,
    "mrr@10": 0.14875436507936507,
    "num_pred": 1000,
    "num_data": 1000
}