{
    "hit@1": 0.157,
    "hit@5": 0.338,
    "hit@10": 0.465,
    "ndcg_linear@1": 0.157,
    "ndcg_linear@5": 0.25075543369557707,
    "ndcg_linear@10": 0.2916414061761543,
    "ndcg_exponential@1": 0.157,
    "ndcg_exponential@5": 0.25075543369557707,
    "ndcg_exponential@10": 0.2916414061761543,
    "precision@1": 0.157,
    "precision@5": 0.0676,
    "precision@10": 0.0465,
    "recall@1": 0.157,
    "recall@5": 0.338,
    "recall@10": 0.465,
    "f1@1": 0.157,
    "f1@5": 0.11266666666666668,
    "f1@10": 0.08454545454545456,
    "map@1": 0.157,
    "map@5": 0.22191666666666668,
    "map@10": 0.2386777777777778,
    "mrr@1": 0.157,
    "mrr@5": 0.22191666666666668,
    "mrr@10": 0.2386777777777778,
    "num_pred": 1000,
    "num_data": 1000
}