{
    "hit@1": 0.005,
    "hit@5": 0.025,
    "hit@10": 0.048,
    "ndcg_linear@1": 0.005,
    "ndcg_linear@5": 0.014480436087254047,
    "ndcg_linear@10": 0.02188371081786455,
    "ndcg_exponential@1": 0.005,
    "ndcg_exponential@5": 0.014480436087254047,
    "ndcg_exponential@10": 0.02188371081786455,
    "precision@1": 0.005,
    "precision@5": 0.005,
    "precision@10": 0.0048000000000000004,
    "recall@1": 0.005,
    "recall@5": 0.025,
    "recall@10": 0.048,
    "f1@1": 0.005,
    "f1@5": 0.008333333333333333,
    "f1@10": 0.008727272727272726,
    "map@1": 0.005,
    "map@5": 0.011083333333333332,
    "map@10": 0.014118253968253969,
    "mrr@1": 0.005,
    "mrr@5": 0.011083333333333332,
    "mrr@10": 0.014118253968253969,
    "num_pred": 1000,
    "num_data": 1000
}