{
    "hit@1": 0.0,
    "hit@5": 0.004,
    "hit@10": 0.008,
    "ndcg_linear@1": 0.0,
    "ndcg_linear@5": 0.0019046353680405408,
    "ndcg_linear@10": 0.0032479794958280425,
    "ndcg_exponential@1": 0.0,
    "ndcg_exponential@5": 0.0019046353680405408,
    "ndcg_exponential@10": 0.0032479794958280425,
    "precision@1": 0.0,
    "precision@5": 0.0008,
    "precision@10": 0.0008,
    "recall@1": 0.0,
    "recall@5": 0.004,
    "recall@10": 0.008,
    "f1@1": 0.0,
    "f1@5": 0.0013333333333333335,
    "f1@10": 0.0014545454545454547,
    "map@1": 0.0,
    "map@5": 0.0012333333333333335,
    "map@10": 0.0018166666666666665,
    "mrr@1": 0.0,
    "mrr@5": 0.0012333333333333335,
    "mrr@10": 0.0018166666666666665,
    "num_pred": 1000,
    "num_data": 1000
}