{
    "hit@1": 0.002,
    "hit@5": 0.005,
    "hit@10": 0.019,
    "ndcg_linear@1": 0.002,
    "ndcg_linear@5": 0.0036925360652163082,
    "ndcg_linear@10": 0.008052017463169359,
    "ndcg_exponential@1": 0.002,
    "ndcg_exponential@5": 0.0036925360652163082,
    "ndcg_exponential@10": 0.008052017463169359,
    "precision@1": 0.002,
    "precision@5": 0.001,
    "precision@10": 0.0019000000000000004,
    "recall@1": 0.002,
    "recall@5": 0.005,
    "recall@10": 0.019,
    "f1@1": 0.002,
    "f1@5": 0.0016666666666666668,
    "f1@10": 0.003454545454545454,
    "map@1": 0.002,
    "map@5": 0.00325,
    "map@10": 0.00495079365079365,
    "mrr@1": 0.002,
    "mrr@5": 0.00325,
    "mrr@10": 0.00495079365079365,
    "num_pred": 1000,
    "num_data": 1000
}