{
    "hit@1": 0.049,
    "hit@5": 0.199,
    "hit@10": 0.444,
    "ndcg_linear@1": 0.049,
    "ndcg_linear@5": 0.11920360196118429,
    "ndcg_linear@10": 0.1970633003384857,
    "ndcg_exponential@1": 0.049,
    "ndcg_exponential@5": 0.11920360196118429,
    "ndcg_exponential@10": 0.1970633003384857,
    "precision@1": 0.049,
    "precision@5": 0.0398,
    "precision@10": 0.0444,
    "recall@1": 0.049,
    "recall@5": 0.199,
    "recall@10": 0.444,
    "f1@1": 0.049,
    "f1@5": 0.06633333333333334,
    "f1@10": 0.08072727272727273,
    "map@1": 0.049,
    "map@5": 0.09359999999999999,
    "map@10": 0.12492658730158729,
    "mrr@1": 0.049,
    "mrr@5": 0.09359999999999999,
    "mrr@10": 0.12492658730158729,
    "num_pred": 1000,
    "num_data": 1000
}