{
    "hit@1": 0.001,
    "hit@5": 0.017,
    "hit@10": 0.034,
    "ndcg_linear@1": 0.001,
    "ndcg_linear@5": 0.009125019424587091,
    "ndcg_linear@10": 0.014400876584469039,
    "ndcg_exponential@1": 0.001,
    "ndcg_exponential@5": 0.009125019424587091,
    "ndcg_exponential@10": 0.014400876584469039,
    "precision@1": 0.001,
    "precision@5": 0.0034000000000000002,
    "precision@10": 0.0034000000000000002,
    "recall@1": 0.001,
    "recall@5": 0.017,
    "recall@10": 0.034,
    "f1@1": 0.001,
    "f1@5": 0.005666666666666666,
    "f1@10": 0.0061818181818181816,
    "map@1": 0.001,
    "map@5": 0.0065499999999999985,
    "map@10": 0.008602380952380953,
    "mrr@1": 0.001,
    "mrr@5": 0.0065499999999999985,
    "mrr@10": 0.008602380952380953,
    "num_pred": 1000,
    "num_data": 1000
}