{
    "hit@1": 0.002,
    "hit@5": 0.007,
    "hit@10": 0.02,
    "ndcg_linear@1": 0.002,
    "ndcg_linear@5": 0.004561606311644851,
    "ndcg_linear@10": 0.008646457764401759,
    "ndcg_exponential@1": 0.002,
    "ndcg_exponential@5": 0.004561606311644851,
    "ndcg_exponential@10": 0.008646457764401759,
    "precision@1": 0.002,
    "precision@5": 0.0014,
    "precision@10": 0.002,
    "recall@1": 0.002,
    "recall@5": 0.007,
    "recall@10": 0.02,
    "f1@1": 0.002,
    "f1@5": 0.0023333333333333335,
    "f1@10": 0.003636363636363637,
    "map@1": 0.002,
    "map@5": 0.00375,
    "map@10": 0.00536468253968254,
    "mrr@1": 0.002,
    "mrr@5": 0.00375,
    "mrr@10": 0.00536468253968254,
    "num_pred": 1000,
    "num_data": 1000
}