{
    "hit@1": 0.021,
    "hit@5": 0.126,
    "hit@10": 0.309,
    "ndcg_linear@1": 0.021,
    "ndcg_linear@5": 0.07394912989002575,
    "ndcg_linear@10": 0.13032974288385657,
    "ndcg_exponential@1": 0.021,
    "ndcg_exponential@5": 0.07394912989002575,
    "ndcg_exponential@10": 0.13032974288385657,
    "precision@1": 0.021,
    "precision@5": 0.025200000000000004,
    "precision@10": 0.030900000000000004,
    "recall@1": 0.021,
    "recall@5": 0.126,
    "recall@10": 0.309,
    "f1@1": 0.021,
    "f1@5": 0.042,
    "f1@10": 0.05618181818181819,
    "map@1": 0.021,
    "map@5": 0.05698333333333334,
    "map@10": 0.07864722222222223,
    "mrr@1": 0.021,
    "mrr@5": 0.05698333333333334,
    "mrr@10": 0.07864722222222223,
    "num_pred": 1000,
    "num_data": 1000
}