{
    "hit@1": 0.002,
    "hit@5": 0.008,
    "hit@10": 0.019,
    "ndcg_linear@1": 0.002,
    "ndcg_linear@5": 0.004678882481454721,
    "ndcg_linear@10": 0.008155678034414863,
    "ndcg_exponential@1": 0.002,
    "ndcg_exponential@5": 0.004678882481454721,
    "ndcg_exponential@10": 0.008155678034414863,
    "precision@1": 0.002,
    "precision@5": 0.0016,
    "precision@10": 0.0019000000000000002,
    "recall@1": 0.002,
    "recall@5": 0.008,
    "recall@10": 0.019,
    "f1@1": 0.002,
    "f1@5": 0.002666666666666667,
    "f1@10": 0.0034545454545454545,
    "map@1": 0.002,
    "map@5": 0.0036166666666666665,
    "map@10": 0.0050051587301587295,
    "mrr@1": 0.002,
    "mrr@5": 0.0036166666666666665,
    "mrr@10": 0.0050051587301587295,
    "num_pred": 1000,
    "num_data": 1000
}