{
    "hit@1": 0.017,
    "hit@5": 0.062,
    "hit@10": 0.096,
    "ndcg_linear@1": 0.017,
    "ndcg_linear@5": 0.03997922303389268,
    "ndcg_linear@10": 0.05114319553172004,
    "ndcg_exponential@1": 0.017,
    "ndcg_exponential@5": 0.03997922303389268,
    "ndcg_exponential@10": 0.05114319553172004,
    "precision@1": 0.017,
    "precision@5": 0.0124,
    "precision@10": 0.009600000000000001,
    "recall@1": 0.017,
    "recall@5": 0.062,
    "recall@10": 0.096,
    "f1@1": 0.017,
    "f1@5": 0.020666666666666667,
    "f1@10": 0.017454545454545452,
    "map@1": 0.017,
    "map@5": 0.03271666666666667,
    "map@10": 0.03742142857142857,
    "mrr@1": 0.017,
    "mrr@5": 0.03271666666666667,
    "mrr@10": 0.03742142857142857,
    "num_pred": 1000,
    "num_data": 1000
}