{
    "hit@1": 0.008,
    "hit@5": 0.026,
    "hit@10": 0.04,
    "ndcg_linear@1": 0.008,
    "ndcg_linear@5": 0.017376813501205766,
    "ndcg_linear@10": 0.02187057962073908,
    "ndcg_exponential@1": 0.008,
    "ndcg_exponential@5": 0.017376813501205766,
    "ndcg_exponential@10": 0.02187057962073908,
    "precision@1": 0.008,
    "precision@5": 0.0052,
    "precision@10": 0.004,
    "recall@1": 0.008,
    "recall@5": 0.026,
    "recall@10": 0.04,
    "f1@1": 0.008,
    "f1@5": 0.008666666666666668,
    "f1@10": 0.007272727272727273,
    "map@1": 0.008,
    "map@5": 0.014516666666666666,
    "map@10": 0.01635079365079365,
    "mrr@1": 0.008,
    "mrr@5": 0.014516666666666666,
    "mrr@10": 0.01635079365079365,
    "num_pred": 1000,
    "num_data": 1000
}