{
    "hit@1": 0.123,
    "hit@5": 0.335,
    "hit@10": 0.442,
    "ndcg_linear@1": 0.123,
    "ndcg_linear@5": 0.23032602108957992,
    "ndcg_linear@10": 0.26494615927275095,
    "ndcg_exponential@1": 0.123,
    "ndcg_exponential@5": 0.23032602108957992,
    "ndcg_exponential@10": 0.26494615927275095,
    "precision@1": 0.123,
    "precision@5": 0.067,
    "precision@10": 0.0442,
    "recall@1": 0.123,
    "recall@5": 0.335,
    "recall@10": 0.442,
    "f1@1": 0.123,
    "f1@5": 0.11166666666666669,
    "f1@10": 0.08036363636363637,
    "map@1": 0.123,
    "map@5": 0.19603333333333334,
    "map@10": 0.21033373015873016,
    "mrr@1": 0.123,
    "mrr@5": 0.19603333333333334,
    "mrr@10": 0.21033373015873016,
    "num_pred": 1000,
    "num_data": 1000
}