{
    "hit@1": 0.786,
    "hit@5": 0.958,
    "hit@10": 0.985,
    "ndcg_linear@1": 0.786,
    "ndcg_linear@5": 0.8831064707355266,
    "ndcg_linear@10": 0.8919047405886755,
    "ndcg_exponential@1": 0.786,
    "ndcg_exponential@5": 0.8831064707355266,
    "ndcg_exponential@10": 0.8919047405886755,
    "precision@1": 0.786,
    "precision@5": 0.19160000000000002,
    "precision@10": 0.09850000000000002,
    "recall@1": 0.786,
    "recall@5": 0.958,
    "recall@10": 0.985,
    "f1@1": 0.786,
    "f1@5": 0.31933333333333336,
    "f1@10": 0.17909090909090908,
    "map@1": 0.786,
    "map@5": 0.8576666666666667,
    "map@10": 0.8613392857142856,
    "mrr@1": 0.786,
    "mrr@5": 0.8576666666666667,
    "mrr@10": 0.8613392857142856,
    "num_pred": 1000,
    "num_data": 1000
}