{
    "hit@1": 0.666,
    "hit@5": 0.908,
    "hit@10": 0.966,
    "ndcg_linear@1": 0.666,
    "ndcg_linear@5": 0.7999506872877944,
    "ndcg_linear@10": 0.8186937926947958,
    "ndcg_exponential@1": 0.666,
    "ndcg_exponential@5": 0.7999506872877944,
    "ndcg_exponential@10": 0.8186937926947958,
    "precision@1": 0.666,
    "precision@5": 0.1816,
    "precision@10": 0.09660000000000002,
    "recall@1": 0.666,
    "recall@5": 0.908,
    "recall@10": 0.966,
    "f1@1": 0.666,
    "f1@5": 0.3026666666666667,
    "f1@10": 0.17563636363636362,
    "map@1": 0.666,
    "map@5": 0.7635166666666666,
    "map@10": 0.771245238095238,
    "mrr@1": 0.666,
    "mrr@5": 0.7635166666666666,
    "mrr@10": 0.771245238095238,
    "num_pred": 1000,
    "num_data": 1000
}