{
    "hit@1": 0.605,
    "hit@5": 0.882,
    "hit@10": 0.955,
    "ndcg_linear@1": 0.605,
    "ndcg_linear@5": 0.7610770524136343,
    "ndcg_linear@10": 0.7850587083953677,
    "ndcg_exponential@1": 0.605,
    "ndcg_exponential@5": 0.7610770524136343,
    "ndcg_exponential@10": 0.7850587083953677,
    "precision@1": 0.605,
    "precision@5": 0.1764,
    "precision@10": 0.0955,
    "recall@1": 0.605,
    "recall@5": 0.882,
    "recall@10": 0.955,
    "f1@1": 0.605,
    "f1@5": 0.29400000000000004,
    "f1@10": 0.17363636363636362,
    "map@1": 0.605,
    "map@5": 0.7200666666666666,
    "map@10": 0.7301813492063491,
    "mrr@1": 0.605,
    "mrr@5": 0.7200666666666666,
    "mrr@10": 0.7301813492063491,
    "num_pred": 1000,
    "num_data": 1000
}