{
    "hit@1": 0.211,
    "hit@5": 0.378,
    "hit@10": 0.435,
    "ndcg_linear@1": 0.211,
    "ndcg_linear@5": 0.2987335482822221,
    "ndcg_linear@10": 0.31727868820997934,
    "ndcg_exponential@1": 0.211,
    "ndcg_exponential@5": 0.2987335482822221,
    "ndcg_exponential@10": 0.31727868820997934,
    "precision@1": 0.211,
    "precision@5": 0.0756,
    "precision@10": 0.0435,
    "recall@1": 0.211,
    "recall@5": 0.378,
    "recall@10": 0.435,
    "f1@1": 0.211,
    "f1@5": 0.12600000000000003,
    "f1@10": 0.07909090909090911,
    "map@1": 0.211,
    "map@5": 0.2725,
    "map@10": 0.28021428571428575,
    "mrr@1": 0.211,
    "mrr@5": 0.2725,
    "mrr@10": 0.28021428571428575,
    "num_pred": 1000,
    "num_data": 1000
}