{
    "hit@1": 0.271,
    "hit@5": 0.514,
    "hit@10": 0.6,
    "ndcg_linear@1": 0.271,
    "ndcg_linear@5": 0.3996117061344046,
    "ndcg_linear@10": 0.4274726136160674,
    "ndcg_exponential@1": 0.271,
    "ndcg_exponential@5": 0.3996117061344046,
    "ndcg_exponential@10": 0.4274726136160674,
    "precision@1": 0.271,
    "precision@5": 0.10279999999999999,
    "precision@10": 0.05999999999999999,
    "recall@1": 0.271,
    "recall@5": 0.514,
    "recall@10": 0.6,
    "f1@1": 0.271,
    "f1@5": 0.17133333333333337,
    "f1@10": 0.10909090909090913,
    "map@1": 0.271,
    "map@5": 0.36165,
    "map@10": 0.37317222222222224,
    "mrr@1": 0.271,
    "mrr@5": 0.36165,
    "mrr@10": 0.37317222222222224,
    "num_pred": 1000,
    "num_data": 1000
}