{
    "hit@1": 0.637,
    "hit@5": 0.831,
    "hit@10": 0.895,
    "ndcg_linear@1": 0.637,
    "ndcg_linear@5": 0.7429221919492611,
    "ndcg_linear@10": 0.7635288730172556,
    "ndcg_exponential@1": 0.637,
    "ndcg_exponential@5": 0.7429221919492611,
    "ndcg_exponential@10": 0.7635288730172556,
    "precision@1": 0.637,
    "precision@5": 0.1662,
    "precision@10": 0.0895,
    "recall@1": 0.637,
    "recall@5": 0.831,
    "recall@10": 0.895,
    "f1@1": 0.637,
    "f1@5": 0.277,
    "f1@10": 0.16272727272727272,
    "map@1": 0.637,
    "map@5": 0.7133666666666667,
    "map@10": 0.7218253968253968,
    "mrr@1": 0.637,
    "mrr@5": 0.7133666666666667,
    "mrr@10": 0.7218253968253968,
    "num_pred": 1000,
    "num_data": 1000
}