{
    "hit@1": 0.63,
    "hit@5": 0.799,
    "hit@10": 0.868,
    "ndcg_linear@1": 0.63,
    "ndcg_linear@5": 0.7219896817902568,
    "ndcg_linear@10": 0.7446544338571964,
    "ndcg_exponential@1": 0.63,
    "ndcg_exponential@5": 0.7219896817902568,
    "ndcg_exponential@10": 0.7446544338571964,
    "precision@1": 0.63,
    "precision@5": 0.1598,
    "precision@10": 0.08680000000000002,
    "recall@1": 0.63,
    "recall@5": 0.799,
    "recall@10": 0.868,
    "f1@1": 0.63,
    "f1@5": 0.26633333333333337,
    "f1@10": 0.1578181818181818,
    "map@1": 0.63,
    "map@5": 0.6962,
    "map@10": 0.7057654761904761,
    "mrr@1": 0.63,
    "mrr@5": 0.6962,
    "mrr@10": 0.7057654761904761,
    "num_pred": 1000,
    "num_data": 1000
}