{
    "hit@1": 0.193,
    "hit@5": 0.236,
    "hit@10": 0.417,
    "ndcg_linear@1": 0.193,
    "ndcg_linear@5": 0.21502196378684135,
    "ndcg_linear@10": 0.2695535226474675,
    "ndcg_exponential@1": 0.193,
    "ndcg_exponential@5": 0.21502196378684135,
    "ndcg_exponential@10": 0.2695535226474675,
    "precision@1": 0.193,
    "precision@5": 0.047200000000000006,
    "precision@10": 0.0417,
    "recall@1": 0.193,
    "recall@5": 0.236,
    "recall@10": 0.417,
    "f1@1": 0.193,
    "f1@5": 0.07866666666666669,
    "f1@10": 0.07581818181818184,
    "map@1": 0.193,
    "map@5": 0.20813333333333334,
    "map@10": 0.22836071428571433,
    "mrr@1": 0.193,
    "mrr@5": 0.20813333333333334,
    "mrr@10": 0.22836071428571433,
    "num_pred": 1000,
    "num_data": 1000
}