{
    "hit@1": 0.65,
    "hit@5": 0.887,
    "hit@10": 0.93,
    "ndcg_linear@1": 0.65,
    "ndcg_linear@5": 0.7790957585248054,
    "ndcg_linear@10": 0.7930643133636656,
    "ndcg_exponential@1": 0.65,
    "ndcg_exponential@5": 0.7790957585248054,
    "ndcg_exponential@10": 0.7930643133636656,
    "precision@1": 0.65,
    "precision@5": 0.17740000000000003,
    "precision@10": 0.09300000000000001,
    "recall@1": 0.65,
    "recall@5": 0.887,
    "recall@10": 0.93,
    "f1@1": 0.65,
    "f1@5": 0.2956666666666667,
    "f1@10": 0.16909090909090907,
    "map@1": 0.65,
    "map@5": 0.7429000000000001,
    "map@10": 0.748706746031746,
    "mrr@1": 0.65,
    "mrr@5": 0.7429000000000001,
    "mrr@10": 0.748706746031746,
    "num_pred": 1000,
    "num_data": 1000
}