{
    "hit@1": 0.014,
    "hit@5": 0.031,
    "hit@10": 0.063,
    "ndcg_linear@1": 0.014,
    "ndcg_linear@5": 0.021944870965642047,
    "ndcg_linear@10": 0.03191514132620312,
    "ndcg_exponential@1": 0.014,
    "ndcg_exponential@5": 0.021944870965642047,
    "ndcg_exponential@10": 0.03191514132620312,
    "precision@1": 0.014,
    "precision@5": 0.0062,
    "precision@10": 0.006300000000000001,
    "recall@1": 0.014,
    "recall@5": 0.031,
    "recall@10": 0.063,
    "f1@1": 0.014,
    "f1@5": 0.010333333333333333,
    "f1@10": 0.011454545454545453,
    "map@1": 0.014,
    "map@5": 0.019016666666666664,
    "map@10": 0.02291150793650794,
    "mrr@1": 0.014,
    "mrr@5": 0.019016666666666664,
    "mrr@10": 0.02291150793650794,
    "num_pred": 1000,
    "num_data": 1000
}