{
    "hit@1": 0.149,
    "hit@5": 0.488,
    "hit@10": 0.601,
    "ndcg_linear@1": 0.149,
    "ndcg_linear@5": 0.32889506697806814,
    "ndcg_linear@10": 0.36543317939256087,
    "ndcg_exponential@1": 0.149,
    "ndcg_exponential@5": 0.32889506697806814,
    "ndcg_exponential@10": 0.36543317939256087,
    "precision@1": 0.149,
    "precision@5": 0.09759999999999999,
    "precision@10": 0.060099999999999994,
    "recall@1": 0.149,
    "recall@5": 0.488,
    "recall@10": 0.601,
    "f1@1": 0.149,
    "f1@5": 0.16266666666666668,
    "f1@10": 0.1092727272727273,
    "map@1": 0.149,
    "map@5": 0.27603333333333335,
    "map@10": 0.29111269841269843,
    "mrr@1": 0.149,
    "mrr@5": 0.27603333333333335,
    "mrr@10": 0.29111269841269843,
    "num_pred": 1000,
    "num_data": 1000
}