{
    "hit@1": 0.51,
    "hit@5": 0.814,
    "hit@10": 0.885,
    "ndcg_linear@1": 0.51,
    "ndcg_linear@5": 0.6732504588665158,
    "ndcg_linear@10": 0.6965771500666968,
    "ndcg_exponential@1": 0.51,
    "ndcg_exponential@5": 0.6732504588665158,
    "ndcg_exponential@10": 0.6965771500666968,
    "precision@1": 0.51,
    "precision@5": 0.1628,
    "precision@10": 0.0885,
    "recall@1": 0.51,
    "recall@5": 0.814,
    "recall@10": 0.885,
    "f1@1": 0.51,
    "f1@5": 0.27133333333333337,
    "f1@10": 0.16090909090909092,
    "map@1": 0.51,
    "map@5": 0.62625,
    "map@10": 0.6360869047619048,
    "mrr@1": 0.51,
    "mrr@5": 0.62625,
    "mrr@10": 0.6360869047619048,
    "num_pred": 1000,
    "num_data": 1000
}