{
    "hit@1": 0.465,
    "hit@5": 0.748,
    "hit@10": 0.861,
    "ndcg_linear@1": 0.465,
    "ndcg_linear@5": 0.6161899087531276,
    "ndcg_linear@10": 0.6532050700865375,
    "ndcg_exponential@1": 0.465,
    "ndcg_exponential@5": 0.6161899087531276,
    "ndcg_exponential@10": 0.6532050700865375,
    "precision@1": 0.465,
    "precision@5": 0.14959999999999998,
    "precision@10": 0.08610000000000001,
    "recall@1": 0.465,
    "recall@5": 0.748,
    "recall@10": 0.861,
    "f1@1": 0.465,
    "f1@5": 0.24933333333333338,
    "f1@10": 0.15654545454545457,
    "map@1": 0.465,
    "map@5": 0.5722666666666667,
    "map@10": 0.5878150793650794,
    "mrr@1": 0.465,
    "mrr@5": 0.5722666666666667,
    "mrr@10": 0.5878150793650794,
    "num_pred": 1000,
    "num_data": 1000
}