{
    "hit@1": 0.075,
    "hit@5": 0.243,
    "hit@10": 0.414,
    "ndcg_linear@1": 0.075,
    "ndcg_linear@5": 0.14989172563593933,
    "ndcg_linear@10": 0.20476580944736825,
    "ndcg_exponential@1": 0.075,
    "ndcg_exponential@5": 0.14989172563593933,
    "ndcg_exponential@10": 0.20476580944736825,
    "precision@1": 0.075,
    "precision@5": 0.048600000000000004,
    "precision@10": 0.0414,
    "recall@1": 0.075,
    "recall@5": 0.243,
    "recall@10": 0.414,
    "f1@1": 0.075,
    "f1@5": 0.08100000000000002,
    "f1@10": 0.07527272727272728,
    "map@1": 0.075,
    "map@5": 0.12038333333333334,
    "map@10": 0.14280555555555557,
    "mrr@1": 0.075,
    "mrr@5": 0.12038333333333334,
    "mrr@10": 0.14280555555555557,
    "num_pred": 1000,
    "num_data": 1000
}