{
    "hit@1": 0.079,
    "hit@5": 0.187,
    "hit@10": 0.25,
    "ndcg_linear@1": 0.079,
    "ndcg_linear@5": 0.13394373561062903,
    "ndcg_linear@10": 0.15430879065051512,
    "ndcg_exponential@1": 0.079,
    "ndcg_exponential@5": 0.13394373561062903,
    "ndcg_exponential@10": 0.15430879065051512,
    "precision@1": 0.079,
    "precision@5": 0.0374,
    "precision@10": 0.025,
    "recall@1": 0.079,
    "recall@5": 0.187,
    "recall@10": 0.25,
    "f1@1": 0.079,
    "f1@5": 0.062333333333333345,
    "f1@10": 0.045454545454545456,
    "map@1": 0.079,
    "map@5": 0.11651666666666667,
    "map@10": 0.12491904761904762,
    "mrr@1": 0.079,
    "mrr@5": 0.11651666666666667,
    "mrr@10": 0.12491904761904762,
    "num_pred": 1000,
    "num_data": 1000
}