{
    "hit@1": 0.109,
    "hit@5": 0.323,
    "hit@10": 0.414,
    "ndcg_linear@1": 0.109,
    "ndcg_linear@5": 0.22489849905947074,
    "ndcg_linear@10": 0.2544488544403076,
    "ndcg_exponential@1": 0.109,
    "ndcg_exponential@5": 0.22489849905947074,
    "ndcg_exponential@10": 0.2544488544403076,
    "precision@1": 0.109,
    "precision@5": 0.0646,
    "precision@10": 0.04139999999999999,
    "recall@1": 0.109,
    "recall@5": 0.323,
    "recall@10": 0.414,
    "f1@1": 0.109,
    "f1@5": 0.10766666666666669,
    "f1@10": 0.07527272727272728,
    "map@1": 0.109,
    "map@5": 0.19205,
    "map@10": 0.20431309523809524,
    "mrr@1": 0.109,
    "mrr@5": 0.19205,
    "mrr@10": 0.20431309523809524,
    "num_pred": 1000,
    "num_data": 1000
}