{
    "hit@1": 0.221,
    "hit@5": 0.386,
    "hit@10": 0.461,
    "ndcg_linear@1": 0.221,
    "ndcg_linear@5": 0.30904875614692107,
    "ndcg_linear@10": 0.33338163979648927,
    "ndcg_exponential@1": 0.221,
    "ndcg_exponential@5": 0.30904875614692107,
    "ndcg_exponential@10": 0.33338163979648927,
    "precision@1": 0.221,
    "precision@5": 0.07719999999999999,
    "precision@10": 0.046099999999999995,
    "recall@1": 0.221,
    "recall@5": 0.386,
    "recall@10": 0.461,
    "f1@1": 0.221,
    "f1@5": 0.12866666666666668,
    "f1@10": 0.08381818181818183,
    "map@1": 0.221,
    "map@5": 0.28345,
    "map@10": 0.2935357142857143,
    "mrr@1": 0.221,
    "mrr@5": 0.28345,
    "mrr@10": 0.2935357142857143,
    "num_pred": 1000,
    "num_data": 1000
}