{
    "hit@1": 0.051,
    "hit@5": 0.189,
    "hit@10": 0.304,
    "ndcg_linear@1": 0.051,
    "ndcg_linear@5": 0.11950707035008488,
    "ndcg_linear@10": 0.15456610636835338,
    "ndcg_exponential@1": 0.051,
    "ndcg_exponential@5": 0.11950707035008488,
    "ndcg_exponential@10": 0.15456610636835338,
    "precision@1": 0.051,
    "precision@5": 0.0378,
    "precision@10": 0.0304,
    "recall@1": 0.051,
    "recall@5": 0.189,
    "recall@10": 0.304,
    "f1@1": 0.051,
    "f1@5": 0.063,
    "f1@10": 0.05527272727272728,
    "map@1": 0.051,
    "map@5": 0.09659999999999999,
    "map@10": 0.10988690476190476,
    "mrr@1": 0.051,
    "mrr@5": 0.09659999999999999,
    "mrr@10": 0.10988690476190476,
    "num_pred": 1000,
    "num_data": 1000
}