{
    "hit@1": 0.149,
    "hit@5": 0.338,
    "hit@10": 0.434,
    "ndcg_linear@1": 0.149,
    "ndcg_linear@5": 0.24768864153349307,
    "ndcg_linear@10": 0.27850907005586917,
    "ndcg_exponential@1": 0.149,
    "ndcg_exponential@5": 0.24768864153349307,
    "ndcg_exponential@10": 0.27850907005586917,
    "precision@1": 0.149,
    "precision@5": 0.0676,
    "precision@10": 0.0434,
    "recall@1": 0.149,
    "recall@5": 0.338,
    "recall@10": 0.434,
    "f1@1": 0.149,
    "f1@5": 0.11266666666666668,
    "f1@10": 0.07890909090909091,
    "map@1": 0.149,
    "map@5": 0.21781666666666666,
    "map@10": 0.2304051587301587,
    "mrr@1": 0.149,
    "mrr@5": 0.21781666666666666,
    "mrr@10": 0.2304051587301587,
    "num_pred": 1000,
    "num_data": 1000
}