{
    "hit@1": 0.627,
    "hit@5": 0.872,
    "hit@10": 0.924,
    "ndcg_linear@1": 0.627,
    "ndcg_linear@5": 0.7610993728025383,
    "ndcg_linear@10": 0.7781908285041921,
    "ndcg_exponential@1": 0.627,
    "ndcg_exponential@5": 0.7610993728025383,
    "ndcg_exponential@10": 0.7781908285041921,
    "precision@1": 0.627,
    "precision@5": 0.1744,
    "precision@10": 0.09240000000000001,
    "recall@1": 0.627,
    "recall@5": 0.872,
    "recall@10": 0.924,
    "f1@1": 0.627,
    "f1@5": 0.29066666666666663,
    "f1@10": 0.168,
    "map@1": 0.627,
    "map@5": 0.7238499999999999,
    "map@10": 0.7310686507936507,
    "mrr@1": 0.627,
    "mrr@5": 0.7238499999999999,
    "mrr@10": 0.7310686507936507,
    "num_pred": 1000,
    "num_data": 1000
}