{
    "hit@1": 0.588,
    "hit@5": 0.841,
    "hit@10": 0.916,
    "ndcg_linear@1": 0.588,
    "ndcg_linear@5": 0.7239393284050083,
    "ndcg_linear@10": 0.7484163223280764,
    "ndcg_exponential@1": 0.588,
    "ndcg_exponential@5": 0.7239393284050083,
    "ndcg_exponential@10": 0.7484163223280764,
    "precision@1": 0.588,
    "precision@5": 0.1682,
    "precision@10": 0.09160000000000003,
    "recall@1": 0.588,
    "recall@5": 0.841,
    "recall@10": 0.916,
    "f1@1": 0.588,
    "f1@5": 0.2803333333333334,
    "f1@10": 0.16654545454545452,
    "map@1": 0.588,
    "map@5": 0.68485,
    "map@10": 0.695086507936508,
    "mrr@1": 0.588,
    "mrr@5": 0.68485,
    "mrr@10": 0.695086507936508,
    "num_pred": 1000,
    "num_data": 1000
}