{
    "hit@1": 0.001,
    "hit@5": 0.012,
    "hit@10": 0.022,
    "ndcg_linear@1": 0.001,
    "ndcg_linear@5": 0.006396918237758785,
    "ndcg_linear@10": 0.009655158926941253,
    "ndcg_exponential@1": 0.001,
    "ndcg_exponential@5": 0.006396918237758785,
    "ndcg_exponential@10": 0.009655158926941253,
    "precision@1": 0.001,
    "precision@5": 0.0024,
    "precision@10": 0.0022,
    "recall@1": 0.001,
    "recall@5": 0.012,
    "recall@10": 0.022,
    "f1@1": 0.001,
    "f1@5": 0.004000000000000001,
    "f1@10": 0.004,
    "map@1": 0.001,
    "map@5": 0.004566666666666667,
    "map@10": 0.005925396825396826,
    "mrr@1": 0.001,
    "mrr@5": 0.004566666666666667,
    "mrr@10": 0.005925396825396826,
    "num_pred": 1000,
    "num_data": 1000
}