{
    "hit@1": 0.001,
    "hit@5": 0.005,
    "hit@10": 0.008,
    "ndcg_linear@1": 0.001,
    "ndcg_linear@5": 0.0030177825608059994,
    "ndcg_linear@10": 0.003929245546775108,
    "ndcg_exponential@1": 0.001,
    "ndcg_exponential@5": 0.0030177825608059994,
    "ndcg_exponential@10": 0.003929245546775108,
    "precision@1": 0.001,
    "precision@5": 0.001,
    "precision@10": 0.0008,
    "recall@1": 0.001,
    "recall@5": 0.005,
    "recall@10": 0.008,
    "f1@1": 0.001,
    "f1@5": 0.0016666666666666668,
    "f1@10": 0.0014545454545454547,
    "map@1": 0.001,
    "map@5": 0.0023666666666666667,
    "map@10": 0.0027095238095238097,
    "mrr@1": 0.001,
    "mrr@5": 0.0023666666666666667,
    "mrr@10": 0.0027095238095238097,
    "num_pred": 1000,
    "num_data": 1000
}