{
    "hit@1": 0.0,
    "hit@5": 0.001,
    "hit@10": 0.014,
    "ndcg_linear@1": 0.0,
    "ndcg_linear@5": 0.0003868528072345416,
    "ndcg_linear@10": 0.0045234478760096345,
    "ndcg_exponential@1": 0.0,
    "ndcg_exponential@5": 0.0003868528072345416,
    "ndcg_exponential@10": 0.0045234478760096345,
    "precision@1": 0.0,
    "precision@5": 0.0002,
    "precision@10": 0.0014000000000000002,
    "recall@1": 0.0,
    "recall@5": 0.001,
    "recall@10": 0.014,
    "f1@1": 0.0,
    "f1@5": 0.0003333333333333334,
    "f1@10": 0.0025454545454545456,
    "map@1": 0.0,
    "map@5": 0.0002,
    "map@10": 0.0018662698412698412,
    "mrr@1": 0.0,
    "mrr@5": 0.0002,
    "mrr@10": 0.0018662698412698412,
    "num_pred": 1000,
    "num_data": 1000
}