{
    "hit@1": 0.001,
    "hit@5": 0.008,
    "hit@10": 0.011,
    "ndcg_linear@1": 0.001,
    "ndcg_linear@5": 0.004771924937667159,
    "ndcg_linear@10": 0.005776930334894242,
    "ndcg_exponential@1": 0.001,
    "ndcg_exponential@5": 0.004771924937667159,
    "ndcg_exponential@10": 0.005776930334894242,
    "precision@1": 0.001,
    "precision@5": 0.0016,
    "precision@10": 0.0011,
    "recall@1": 0.001,
    "recall@5": 0.008,
    "recall@10": 0.011,
    "f1@1": 0.001,
    "f1@5": 0.002666666666666667,
    "f1@10": 0.002,
    "map@1": 0.001,
    "map@5": 0.0037,
    "map@10": 0.004134523809523809,
    "mrr@1": 0.001,
    "mrr@5": 0.0037,
    "mrr@10": 0.004134523809523809,
    "num_pred": 1000,
    "num_data": 1000
}