{
    "hit@1": 0.0,
    "hit@5": 0.011,
    "hit@10": 0.014,
    "ndcg_linear@1": 0.0,
    "ndcg_linear@5": 0.005475765611264538,
    "ndcg_linear@10": 0.006521513318813915,
    "ndcg_exponential@1": 0.0,
    "ndcg_exponential@5": 0.005475765611264538,
    "ndcg_exponential@10": 0.006521513318813915,
    "precision@1": 0.0,
    "precision@5": 0.0022,
    "precision@10": 0.0014,
    "recall@1": 0.0,
    "recall@5": 0.011,
    "recall@10": 0.014,
    "f1@1": 0.0,
    "f1@5": 0.003666666666666667,
    "f1@10": 0.002545454545454546,
    "map@1": 0.0,
    "map@5": 0.0036999999999999997,
    "map@10": 0.004176190476190476,
    "mrr@1": 0.0,
    "mrr@5": 0.0036999999999999997,
    "mrr@10": 0.004176190476190476,
    "num_pred": 1000,
    "num_data": 1000
}