{
    "hit@1": 0.002,
    "hit@5": 0.021,
    "hit@10": 0.037,
    "ndcg_linear@1": 0.002,
    "ndcg_linear@5": 0.010910571146382341,
    "ndcg_linear@10": 0.015961164886577974,
    "ndcg_exponential@1": 0.002,
    "ndcg_exponential@5": 0.010910571146382341,
    "ndcg_exponential@10": 0.015961164886577974,
    "precision@1": 0.002,
    "precision@5": 0.004200000000000001,
    "precision@10": 0.0037,
    "recall@1": 0.002,
    "recall@5": 0.021,
    "recall@10": 0.037,
    "f1@1": 0.002,
    "f1@5": 0.007,
    "f1@10": 0.006727272727272727,
    "map@1": 0.002,
    "map@5": 0.007683333333333334,
    "map@10": 0.00969563492063492,
    "mrr@1": 0.002,
    "mrr@5": 0.007683333333333334,
    "mrr@10": 0.00969563492063492,
    "num_pred": 1000,
    "num_data": 1000
}