{
    "hit@1": 0.002,
    "hit@5": 0.01,
    "hit@10": 0.018,
    "ndcg_linear@1": 0.002,
    "ndcg_linear@5": 0.006071671742169093,
    "ndcg_linear@10": 0.008572331660145645,
    "ndcg_exponential@1": 0.002,
    "ndcg_exponential@5": 0.006071671742169093,
    "ndcg_exponential@10": 0.008572331660145645,
    "precision@1": 0.002,
    "precision@5": 0.002,
    "precision@10": 0.0018,
    "recall@1": 0.002,
    "recall@5": 0.01,
    "recall@10": 0.018,
    "f1@1": 0.002,
    "f1@5": 0.003333333333333334,
    "f1@10": 0.0032727272727272726,
    "map@1": 0.002,
    "map@5": 0.004783333333333333,
    "map@10": 0.005765079365079365,
    "mrr@1": 0.002,
    "mrr@5": 0.004783333333333333,
    "mrr@10": 0.005765079365079365,
    "num_pred": 1000,
    "num_data": 1000
}