{
    "hit@1": 0.001,
    "hit@5": 0.015,
    "hit@10": 0.023,
    "ndcg_linear@1": 0.001,
    "ndcg_linear@5": 0.006992282194580215,
    "ndcg_linear@10": 0.009555079076119815,
    "ndcg_exponential@1": 0.001,
    "ndcg_exponential@5": 0.006992282194580215,
    "ndcg_exponential@10": 0.009555079076119815,
    "precision@1": 0.001,
    "precision@5": 0.003,
    "precision@10": 0.0023000000000000004,
    "recall@1": 0.001,
    "recall@5": 0.015,
    "recall@10": 0.023,
    "f1@1": 0.001,
    "f1@5": 0.005,
    "f1@10": 0.0041818181818181815,
    "map@1": 0.001,
    "map@5": 0.004483333333333333,
    "map@10": 0.005525793650793651,
    "mrr@1": 0.001,
    "mrr@5": 0.004483333333333333,
    "mrr@10": 0.005525793650793651,
    "num_pred": 1000,
    "num_data": 1000
}