{
    "hit@1": 0.0,
    "hit@5": 0.006,
    "hit@10": 0.008,
    "ndcg_linear@1": 0.0,
    "ndcg_linear@5": 0.002966241679685392,
    "ndcg_linear@10": 0.0035563365016672605,
    "ndcg_exponential@1": 0.0,
    "ndcg_exponential@5": 0.002966241679685392,
    "ndcg_exponential@10": 0.0035563365016672605,
    "precision@1": 0.0,
    "precision@5": 0.0012000000000000001,
    "precision@10": 0.0008,
    "recall@1": 0.0,
    "recall@5": 0.006,
    "recall@10": 0.008,
    "f1@1": 0.0,
    "f1@5": 0.002,
    "f1@10": 0.0014545454545454547,
    "map@1": 0.0,
    "map@5": 0.0019833333333333335,
    "map@10": 0.0021944444444444446,
    "mrr@1": 0.0,
    "mrr@5": 0.0019833333333333335,
    "mrr@10": 0.0021944444444444446,
    "num_pred": 1000,
    "num_data": 1000
}