{
    "hit@1": 0.016,
    "hit@5": 0.193,
    "hit@10": 0.421,
    "ndcg_linear@1": 0.016,
    "ndcg_linear@5": 0.10571932572474388,
    "ndcg_linear@10": 0.1787278907063086,
    "ndcg_exponential@1": 0.016,
    "ndcg_exponential@5": 0.10571932572474388,
    "ndcg_exponential@10": 0.1787278907063086,
    "precision@1": 0.016,
    "precision@5": 0.0386,
    "precision@10": 0.04209999999999999,
    "recall@1": 0.016,
    "recall@5": 0.193,
    "recall@10": 0.421,
    "f1@1": 0.016,
    "f1@5": 0.06433333333333334,
    "f1@10": 0.07654545454545456,
    "map@1": 0.016,
    "map@5": 0.07716666666666666,
    "map@10": 0.10688373015873016,
    "mrr@1": 0.016,
    "mrr@5": 0.07716666666666666,
    "mrr@10": 0.10688373015873016,
    "num_pred": 1000,
    "num_data": 1000
}