{
    "hit@1": 0.004,
    "hit@5": 0.011,
    "hit@10": 0.024,
    "ndcg_linear@1": 0.004,
    "ndcg_linear@5": 0.007109017540583017,
    "ndcg_linear@10": 0.011159029970219144,
    "ndcg_exponential@1": 0.004,
    "ndcg_exponential@5": 0.007109017540583017,
    "ndcg_exponential@10": 0.011159029970219144,
    "precision@1": 0.004,
    "precision@5": 0.0022,
    "precision@10": 0.0024000000000000002,
    "recall@1": 0.004,
    "recall@5": 0.011,
    "recall@10": 0.024,
    "f1@1": 0.004,
    "f1@5": 0.003666666666666667,
    "f1@10": 0.004363636363636363,
    "map@1": 0.004,
    "map@5": 0.005883333333333332,
    "map@10": 0.0074630952380952366,
    "mrr@1": 0.004,
    "mrr@5": 0.005883333333333332,
    "mrr@10": 0.0074630952380952366,
    "num_pred": 1000,
    "num_data": 1000
}