{
    "hit@1": 0.003,
    "hit@5": 0.011,
    "hit@10": 0.019,
    "ndcg_linear@1": 0.003,
    "ndcg_linear@5": 0.006765988484187327,
    "ndcg_linear@10": 0.0093566646167287,
    "ndcg_exponential@1": 0.003,
    "ndcg_exponential@5": 0.006765988484187327,
    "ndcg_exponential@10": 0.0093566646167287,
    "precision@1": 0.003,
    "precision@5": 0.0022,
    "precision@10": 0.0019000000000000002,
    "recall@1": 0.003,
    "recall@5": 0.011,
    "recall@10": 0.019,
    "f1@1": 0.003,
    "f1@5": 0.0036666666666666675,
    "f1@10": 0.0034545454545454545,
    "map@1": 0.003,
    "map@5": 0.005399999999999999,
    "map@10": 0.006472222222222221,
    "mrr@1": 0.003,
    "mrr@5": 0.005399999999999999,
    "mrr@10": 0.006472222222222221,
    "num_pred": 1000,
    "num_data": 1000
}