{
    "hit@1": 0.001,
    "hit@5": 0.006,
    "hit@10": 0.014,
    "ndcg_linear@1": 0.001,
    "ndcg_linear@5": 0.003754142376861159,
    "ndcg_linear@10": 0.006360151280498707,
    "ndcg_exponential@1": 0.001,
    "ndcg_exponential@5": 0.003754142376861159,
    "ndcg_exponential@10": 0.006360151280498707,
    "precision@1": 0.001,
    "precision@5": 0.0012000000000000001,
    "precision@10": 0.0014,
    "recall@1": 0.001,
    "recall@5": 0.006,
    "recall@10": 0.014,
    "f1@1": 0.001,
    "f1@5": 0.002,
    "f1@10": 0.0025454545454545456,
    "map@1": 0.001,
    "map@5": 0.003,
    "map@10": 0.004086904761904762,
    "mrr@1": 0.001,
    "mrr@5": 0.003,
    "mrr@10": 0.004086904761904762,
    "num_pred": 1000,
    "num_data": 1000
}