{
    "hit@1": 0.04,
    "hit@5": 0.143,
    "hit@10": 0.322,
    "ndcg_linear@1": 0.04,
    "ndcg_linear@5": 0.08940486789607947,
    "ndcg_linear@10": 0.14585887673448103,
    "ndcg_exponential@1": 0.04,
    "ndcg_exponential@5": 0.08940486789607947,
    "ndcg_exponential@10": 0.14585887673448103,
    "precision@1": 0.04,
    "precision@5": 0.0286,
    "precision@10": 0.0322,
    "recall@1": 0.04,
    "recall@5": 0.143,
    "recall@10": 0.322,
    "f1@1": 0.04,
    "f1@5": 0.04766666666666667,
    "f1@10": 0.058545454545454546,
    "map@1": 0.04,
    "map@5": 0.07215,
    "map@10": 0.09458809523809524,
    "mrr@1": 0.04,
    "mrr@5": 0.07215,
    "mrr@10": 0.09458809523809524,
    "num_pred": 1000,
    "num_data": 1000
}