{
    "hit@1": 0.002,
    "hit@5": 0.015,
    "hit@10": 0.023,
    "ndcg_linear@1": 0.002,
    "ndcg_linear@5": 0.008424766229089027,
    "ndcg_linear@10": 0.010933865119718519,
    "ndcg_exponential@1": 0.002,
    "ndcg_exponential@5": 0.008424766229089027,
    "ndcg_exponential@10": 0.010933865119718519,
    "precision@1": 0.002,
    "precision@5": 0.003,
    "precision@10": 0.0023000000000000004,
    "recall@1": 0.002,
    "recall@5": 0.015,
    "recall@10": 0.023,
    "f1@1": 0.002,
    "f1@5": 0.005000000000000001,
    "f1@10": 0.0041818181818181815,
    "map@1": 0.002,
    "map@5": 0.0063,
    "map@10": 0.007291666666666667,
    "mrr@1": 0.002,
    "mrr@5": 0.0063,
    "mrr@10": 0.007291666666666667,
    "num_pred": 1000,
    "num_data": 1000
}