{
    "hit@1": 0.002,
    "hit@5": 0.003,
    "hit@10": 0.012,
    "ndcg_linear@1": 0.002,
    "ndcg_linear@5": 0.0023868528072345414,
    "ndcg_linear@10": 0.005279549446681619,
    "ndcg_exponential@1": 0.002,
    "ndcg_exponential@5": 0.0023868528072345414,
    "ndcg_exponential@10": 0.005279549446681619,
    "precision@1": 0.002,
    "precision@5": 0.0006000000000000001,
    "precision@10": 0.0012,
    "recall@1": 0.002,
    "recall@5": 0.003,
    "recall@10": 0.012,
    "f1@1": 0.002,
    "f1@5": 0.001,
    "f1@10": 0.0021818181818181815,
    "map@1": 0.002,
    "map@5": 0.0022,
    "map@10": 0.0033813492063492065,
    "mrr@1": 0.002,
    "mrr@5": 0.0022,
    "mrr@10": 0.0033813492063492065,
    "num_pred": 1000,
    "num_data": 1000
}