{
    "hit@1": 0.0,
    "hit@5": 0.002,
    "hit@10": 0.004,
    "ndcg_linear@1": 0.0,
    "ndcg_linear@5": 0.0010177825608059991,
    "ndcg_linear@10": 0.0016894546246997502,
    "ndcg_exponential@1": 0.0,
    "ndcg_exponential@5": 0.0010177825608059991,
    "ndcg_exponential@10": 0.0016894546246997502,
    "precision@1": 0.0,
    "precision@5": 0.0004,
    "precision@10": 0.0004,
    "recall@1": 0.0,
    "recall@5": 0.002,
    "recall@10": 0.004,
    "f1@1": 0.0,
    "f1@5": 0.0006666666666666668,
    "f1@10": 0.0007272727272727273,
    "map@1": 0.0,
    "map@5": 0.0007,
    "map@10": 0.0009916666666666667,
    "mrr@1": 0.0,
    "mrr@5": 0.0007,
    "mrr@10": 0.0009916666666666667,
    "num_pred": 1000,
    "num_data": 1000
}